redemption_id,customer_id,ts_epoch,timestamp,promo_redemptions_on_device,promo_redemptions_on_ip,accounts_on_device_7d,signup_to_redeem_seconds,email_pattern_similarity,component_account_count,payout_destination_reuse,abuse_label,split
RD_001456,CUST_004157,1767245236.8526027,2026-01-01T05:27:16.852603+00:00,0,0,1,1098.7,0.14388567991443468,1,0,0,train
RD_002166,CUST_002245,1767288818.5848024,2026-01-01T17:33:38.584802+00:00,0,0,1,562.9,0.2726386613127516,1,0,0,train
RD_001067,CUST_001365,1767290179.4043226,2026-01-01T17:56:19.404323+00:00,0,0,1,1030.9,0.24044678171375355,1,0,0,train
RD_004738,CUST_003882,1767291625.98638,2026-01-01T18:20:25.986380+00:00,0,0,2,530.3,0.1946273359065208,4,0,0,train
RD_AB_00063_00,CUST_PA00063_00,1767293979.5621955,2026-01-01T18:59:39.562196+00:00,0,0,1,31.6,0.6675129889530063,5,0,1,train
RD_AB_00063_01,CUST_PA00063_01,1767294798.2601361,2026-01-01T19:38:53.860392+00:00,1,1,2,5.2,0.906128466377403,5,1,1,train
RD_AB_00063_02,CUST_PA00063_02,1767300737.8557043,2026-01-01T21:46:13.378932+00:00,0,2,3,48.4,0.8339452907850385,5,1,1,train
RD_AB_00063_04,CUST_PA00063_04,1767302639.2031145,2026-01-01T21:21:23.648129+00:00,4,4,5,4.1,0.8916351048295663,5,1,1,train
RD_AB_00063_03,CUST_PA00063_03,1767308771.2497344,2026-01-01T22:56:19.430726+00:00,3,3,4,19.6,0.8827816025347969,5,1,1,train
RD_004193,CUST_003580,1767367050.3755395,2026-01-02T15:17:30.375540+00:00,0,0,1,2344.3,0.22258892437651612,1,0,0,train
RD_AB_00001_00,CUST_PA00001_00,1767405725.132929,2026-01-03T02:02:05.132929+00:00,0,0,1,28.8,0.7419820045591932,5,0,1,train
RD_AB_00001_04,CUST_PA00001_04,1767408542.3971832,2026-01-03T02:14:09.758116+00:00,0,4,5,61.9,0.7588113790423835,5,1,1,train
RD_001394,CUST_002443,1767409805.7600873,2026-01-03T03:10:05.760087+00:00,0,0,1,4098.6,0.44278767622790094,1,0,0,train
RD_AB_00001_01,CUST_PA00001_01,1767410872.3794875,2026-01-03T02:34:52.532799+00:00,1,1,2,147.1,0.9045363152564101,5,1,1,train
RD_AB_00001_03,CUST_PA00001_03,1767412858.7094057,2026-01-03T05:59:32.525012+00:00,3,3,1,10.8,0.818592145099116,5,1,1,train
RD_AB_00001_02,CUST_PA00001_02,1767416215.8944378,2026-01-03T03:14:26.460616+00:00,0,2,1,3.7,0.842322322824808,5,1,1,train
RD_005308,CUST_001322,1767433300.3057077,2026-01-03T09:41:40.305708+00:00,0,0,1,118.3,0.09690158878923316,31,0,0,train
RD_002653,CUST_000448,1767442952.95201,2026-01-03T12:22:32.952010+00:00,0,0,1,169.6,0.03518194972084506,1,0,0,train
RD_003980,CUST_002922,1767453984.223976,2026-01-03T15:26:24.223976+00:00,0,0,1,7827.7,0.5207491419979331,1,0,0,train
RD_000164,CUST_004473,1767470200.6162484,2026-01-03T19:56:40.616248+00:00,0,0,1,718.3,0.05381129277976215,1,0,0,train
RD_AB_00045_00,CUST_PA00045_00,1767520627.073954,2026-01-04T09:57:07.073954+00:00,0,0,1,14.7,0.900681274093936,8,0,1,train
RD_AB_00045_02,CUST_PA00045_02,1767521884.49458,2026-01-04T12:30:11.933216+00:00,2,2,3,50.3,0.6865977613037435,8,1,1,train
RD_AB_00045_01,CUST_PA00045_01,1767523972.1705525,2026-01-04T10:19:14.611727+00:00,1,1,1,11.4,0.8347809781787693,8,1,1,train
RD_003446,CUST_001898,1767531322.6670384,2026-01-04T12:55:22.667038+00:00,0,0,1,4551.6,0.3009189100868835,1,0,0,train
RD_AB_00045_03,CUST_PA00045_03,1767536082.3344278,2026-01-04T11:56:16.827166+00:00,3,3,4,3.2,0.5639239156740974,8,1,1,train
RD_AB_00045_04,CUST_PA00045_04,1767536266.4486444,2026-01-04T13:38:10.315165+00:00,0,4,5,29.3,0.6452529970011548,8,1,1,train
RD_AB_00045_06,CUST_PA00045_06,1767536572.1620724,2026-01-04T10:20:35.077028+00:00,6,6,7,15.6,0.6027251835591685,8,1,1,train
RD_AB_00045_05,CUST_PA00045_05,1767538581.6522527,2026-01-04T10:45:19.705473+00:00,5,5,6,68.9,0.8685411949963254,8,1,1,train
RD_AB_00045_07,CUST_PA00045_07,1767555581.7885842,2026-01-04T18:25:04.383139+00:00,0,7,1,39.3,0.6324308570019448,8,1,1,train
RD_003940,CUST_000519,1767566145.7474594,2026-01-04T22:35:45.747459+00:00,0,0,1,450.0,0.3117483468638194,1,0,0,train
RD_004679,CUST_000076,1767584111.8963625,2026-01-05T03:35:11.896363+00:00,0,0,1,491.8,0.16553087311161976,1,0,0,train
RD_AB_00023_00,CUST_PA00023_00,1767589123.5654192,2026-01-05T04:58:43.565419+00:00,0,0,1,16.8,0.7672306928839072,4,0,1,train
RD_AB_00023_01,CUST_PA00023_01,1767592033.8051722,2026-01-05T06:14:54.145204+00:00,1,1,2,86.8,0.7759800593214228,4,0,1,train
RD_AB_00023_03,CUST_PA00023_03,1767594594.0098972,2026-01-05T06:12:31.796832+00:00,3,3,4,22.8,0.4059244288458922,4,0,1,train
RD_AB_00002_00,CUST_PA00002_00,1767596750.8456807,2026-01-05T07:05:50.845681+00:00,0,0,1,20.5,0.4401239609742258,6,0,1,train
RD_AB_00002_01,CUST_PA00002_01,1767597949.0504885,2026-01-05T07:21:27.973950+00:00,1,1,2,83.7,0.7657801434199468,6,0,1,train
RD_AB_00024_00,CUST_PA00024_00,1767599556.9959214,2026-01-05T07:52:36.995921+00:00,0,0,1,22.6,0.4940952360076218,4,0,1,train
RD_AB_00023_02,CUST_PA00023_02,1767599578.292529,2026-01-05T07:25:47.978582+00:00,2,2,3,13.8,0.37069770832366084,4,0,1,train
RD_AB_00002_02,CUST_PA00002_02,1767599594.1775439,2026-01-05T09:28:16.741057+00:00,2,2,3,21.6,0.8855279150601324,6,0,1,train
RD_AB_00002_04,CUST_PA00002_04,1767600299.5661752,2026-01-05T08:56:28.554913+00:00,4,4,5,4.1,0.9149024116012106,6,0,1,train
RD_AB_00024_01,CUST_PA00024_01,1767601146.1676753,2026-01-05T08:08:00.344450+00:00,1,1,2,15.2,0.7612866494153331,4,0,1,train
RD_AB_00024_02,CUST_PA00024_02,1767606606.5490265,2026-01-05T10:51:41.205344+00:00,0,2,3,54.6,0.7153401808614229,4,0,1,train
RD_AB_00002_03,CUST_PA00002_03,1767607398.0263164,2026-01-05T09:25:44.706727+00:00,0,3,4,0.7,0.8644865496397808,6,0,1,train
RD_005463,CUST_001255,1767610064.2450848,2026-01-05T10:47:44.245085+00:00,0,0,1,705.5,0.13464980687872746,1,0,0,train
RD_AB_00002_05,CUST_PA00002_05,1767614020.117177,2026-01-05T10:42:48.229343+00:00,0,5,6,9.6,0.7878402364996011,6,0,1,train
RD_AB_00024_03,CUST_PA00024_03,1767614497.7905793,2026-01-05T09:40:06.813888+00:00,3,3,4,12.7,0.8348301760471659,4,0,1,train
RD_000260,CUST_004533,1767636825.3130038,2026-01-05T18:13:45.313004+00:00,0,0,1,862.0,0.08119464151711611,1,0,0,train
RD_AB_00047_00,CUST_PA00047_00,1767640037.085725,2026-01-05T19:07:17.085725+00:00,0,0,1,9.5,0.8014100934914264,4,0,1,train
RD_AB_00047_02,CUST_PA00047_02,1767642378.1645951,2026-01-05T21:10:58.530085+00:00,2,2,3,86.0,0.5140545427580616,4,1,1,train
RD_AB_00047_01,CUST_PA00047_01,1767645431.6048207,2026-01-05T19:35:12.936647+00:00,0,1,2,7.9,0.7867257886409723,4,1,1,train
RD_AB_00047_03,CUST_PA00047_03,1767653754.6488316,2026-01-05T21:35:15.308788+00:00,0,3,4,34.2,0.6907920028989412,4,1,1,train
RD_001043,CUST_002182,1767660588.9319057,2026-01-06T00:49:48.931906+00:00,0,0,1,1332.0,0.06544185268100727,1,0,0,train
RD_001821,CUST_001322,1767667812.0501482,2026-01-06T02:50:12.050148+00:00,0,2,1,9427.9,0.11805644190484897,16,0,0,train
RD_004586,CUST_004297,1767735679.3469727,2026-01-06T21:41:19.346973+00:00,0,0,1,6592.2,0.12802897432762783,4,0,0,train
RD_001534,CUST_000107,1767748637.4157147,2026-01-07T01:17:17.415715+00:00,0,0,1,2312.0,0.34869155519742023,1,0,0,train
RD_003891,CUST_003208,1767787148.1500714,2026-01-07T11:59:08.150071+00:00,0,0,1,599.6,0.14406039249163557,1,0,0,train
RD_003460,CUST_003381,1767792204.8640656,2026-01-07T13:23:24.864066+00:00,0,0,1,16684.8,0.053207913634653804,1,0,0,train
RD_000972,CUST_001435,1767798014.5199726,2026-01-07T15:00:14.519973+00:00,0,0,1,3526.2,0.43101578117088296,1,0,0,train
RD_001983,CUST_000352,1767810495.1683753,2026-01-07T18:28:15.168375+00:00,0,0,1,918.2,0.5159293254634413,1,0,0,train
RD_AB_00033_00,CUST_PA00033_00,1767830016.1383126,2026-01-07T23:53:36.138313+00:00,0,0,1,1268.5,0.7786946468546454,7,0,1,train
RD_AB_00033_02,CUST_PA00033_02,1767830796.9417138,2026-01-08T02:40:25.398688+00:00,2,2,3,50.1,0.4508010288614184,7,1,1,train
RD_AB_00033_01,CUST_PA00033_01,1767831812.6238482,2026-01-08T00:07:39.087705+00:00,0,1,2,41.1,0.802920441642959,7,1,1,train
RD_AB_00033_03,CUST_PA00033_03,1767832200.2380848,2026-01-08T00:45:17.629750+00:00,3,3,4,6.6,0.5407130294196497,7,1,1,train
RD_AB_00033_04,CUST_PA00033_04,1767834457.4333763,2026-01-08T05:44:29.254460+00:00,0,4,5,24.8,0.5788543498275477,7,1,1,train
RD_000809,CUST_002932,1767836700.9722028,2026-01-08T01:45:00.972203+00:00,0,0,1,17806.1,0.06966366166241315,1,0,0,train
RD_001691,CUST_003836,1767844688.0549054,2026-01-08T03:58:08.054905+00:00,0,0,1,4887.7,0.06468506020998153,11,0,0,train
RD_AB_00033_05,CUST_PA00033_05,1767846661.8903449,2026-01-08T07:05:52.671218+00:00,5,5,6,32.4,0.7734341670557426,7,1,1,train
RD_AB_00033_06,CUST_PA00033_06,1767854395.4763134,2026-01-08T00:18:48.124593+00:00,6,6,1,122.6,0.9412809704187497,7,1,1,train
RD_000894,CUST_000397,1767857597.3145564,2026-01-08T07:33:17.314556+00:00,0,0,1,593.3,0.33896935495851155,1,0,0,train
RD_003712,CUST_002390,1767862987.5994136,2026-01-08T09:03:07.599414+00:00,0,0,1,928.2,0.24194825173824322,1,0,0,train
RD_003202,CUST_001066,1767865297.5188882,2026-01-08T09:41:37.518888+00:00,0,0,1,9672.2,0.08780197862486387,1,0,0,train
RD_AB_00069_00,CUST_PA00069_00,1767871670.1182985,2026-01-08T11:27:50.118299+00:00,0,0,1,77.8,0.6887778333781257,6,0,1,train
RD_AB_00069_01,CUST_PA00069_01,1767872330.5028355,2026-01-08T12:09:38.547236+00:00,1,1,2,41.6,0.6547461783569514,6,0,1,train
RD_AB_00069_02,CUST_PA00069_02,1767874078.8782706,2026-01-08T13:50:43.146428+00:00,2,2,3,115.3,0.5716881868024354,6,0,1,train
RD_AB_00069_03,CUST_PA00069_03,1767876873.5282855,2026-01-08T11:34:04.803621+00:00,3,3,4,65.2,0.7852667260791883,6,0,1,train
RD_AB_00069_05,CUST_PA00069_05,1767888247.2025738,2026-01-08T16:57:34.189179+00:00,5,5,6,176.3,0.6663235446471444,6,0,1,train
RD_004992,CUST_003769,1767890072.365252,2026-01-08T16:34:32.365252+00:00,0,0,1,1680.9,0.22496809547049104,1,0,0,train
RD_AB_00069_04,CUST_PA00069_04,1767892082.3849518,2026-01-08T15:54:24.221128+00:00,0,4,5,20.9,0.5021948588537343,6,0,1,train
RD_000316,CUST_000343,1767894636.431508,2026-01-08T17:50:36.431508+00:00,0,0,1,893.2,0.23545127662676638,1,0,0,train
RD_004155,CUST_003905,1767896274.394034,2026-01-08T18:17:54.394034+00:00,0,0,1,943.8,0.28774400063352457,1,0,0,train
RD_AB_00061_00,CUST_PA00061_00,1767945385.4682722,2026-01-09T07:56:25.468272+00:00,0,0,1,85.8,0.5960068093350397,4,0,1,train
RD_AB_00061_01,CUST_PA00061_01,1767945483.363271,2026-01-09T08:20:58.363642+00:00,1,1,2,130.0,0.36226971112204936,4,0,1,train
RD_AB_00061_03,CUST_PA00061_03,1767952368.5165262,2026-01-09T10:18:12.989956+00:00,3,3,1,16.0,0.699170383446972,4,0,1,train
RD_AB_00061_02,CUST_PA00061_02,1767954824.6286952,2026-01-09T10:48:48.801029+00:00,0,2,1,63.5,0.8239278404585655,4,0,1,train
RD_003960,CUST_002846,1767979646.7847114,2026-01-09T17:27:26.784711+00:00,0,0,1,500.3,0.236339685966782,1,0,0,train
RD_001279,CUST_003493,1768007750.7914722,2026-01-10T01:15:50.791472+00:00,0,0,1,1589.2,0.48927039099787883,1,0,0,train
RD_005070,CUST_001993,1768018029.553441,2026-01-10T04:07:09.553441+00:00,0,0,1,2644.2,0.2647027556752544,1,0,0,train
RD_002232,CUST_000422,1768030048.9476957,2026-01-10T07:27:28.947696+00:00,0,2,1,69.6,0.0636445009197098,26,0,0,train
RD_000452,CUST_001504,1768047698.5982406,2026-01-10T12:21:38.598241+00:00,0,2,1,15323.4,0.22716385753596133,18,0,0,train
RD_003924,CUST_000880,1768064185.108708,2026-01-10T16:56:25.108708+00:00,0,0,1,2513.2,0.37521465627464196,1,0,0,train
RD_001044,CUST_000668,1768077163.1237032,2026-01-10T20:32:43.123703+00:00,0,0,1,7425.5,0.3341020715928112,1,0,0,train
RD_004695,CUST_004089,1768081400.1304994,2026-01-10T21:43:20.130499+00:00,0,0,1,1080.8,0.07871202103442995,30,0,0,train
RD_004031,CUST_002714,1768098223.7973847,2026-01-11T02:23:43.797385+00:00,0,0,1,795.3,0.06699926503313351,1,0,0,train
RD_005450,CUST_004380,1768110218.6341474,2026-01-11T05:43:38.634147+00:00,0,0,1,255.3,0.08004377426659233,1,0,0,train
RD_003019,CUST_003580,1768130225.0474477,2026-01-11T11:17:05.047448+00:00,0,0,1,676.7,0.4671211534255819,1,0,0,train
RD_005103,CUST_002340,1768140958.139633,2026-01-11T14:15:58.139633+00:00,0,0,1,995.3,0.1273614384046095,1,0,0,train
RD_001123,CUST_004338,1768170053.953701,2026-01-11T22:20:53.953701+00:00,0,0,1,1160.2,0.10727965281443463,1,0,0,train
RD_002244,CUST_000668,1768178839.7089312,2026-01-12T00:47:19.708931+00:00,0,0,1,2788.4,0.36524465093081193,1,0,0,train
RD_000872,CUST_002668,1768189686.727017,2026-01-12T03:48:06.727017+00:00,0,0,1,3130.9,0.03836776011156518,1,0,0,train
RD_000115,CUST_003587,1768190158.7361455,2026-01-12T03:55:58.736145+00:00,0,0,1,269.8,0.23088835752636533,1,0,0,train
RD_003325,CUST_004007,1768195331.1232307,2026-01-12T05:22:11.123231+00:00,0,0,1,10610.1,0.3476748533970069,1,0,0,train
RD_001645,CUST_004297,1768203969.559888,2026-01-12T07:46:09.559888+00:00,1,0,2,35645.8,0.10502506026903444,3,0,0,train
RD_002751,CUST_004542,1768205468.3509722,2026-01-12T08:11:08.350972+00:00,0,0,1,239.4,0.20472804400351338,1,0,0,train
RD_002520,CUST_000594,1768207304.6255147,2026-01-12T08:41:44.625515+00:00,0,1,1,3452.2,0.4931358021049755,18,0,0,train
RD_003393,CUST_000519,1768218985.7090826,2026-01-12T11:56:25.709083+00:00,0,0,1,473.8,0.004088314436062566,1,0,0,train
RD_000103,CUST_003075,1768224618.9243999,2026-01-12T13:30:18.924400+00:00,0,0,1,3595.3,0.37360068709143496,1,0,0,train
RD_005216,CUST_000531,1768232777.0196033,2026-01-12T15:46:17.019603+00:00,0,0,1,19.9,0.15527242555886883,1,0,0,train
RD_003217,CUST_003894,1768279239.459994,2026-01-13T04:40:39.459994+00:00,0,0,1,1758.9,0.12449998732887553,1,0,0,train
RD_000092,CUST_000797,1768285173.5350437,2026-01-13T06:19:33.535044+00:00,0,0,1,14191.2,0.2164500472080678,1,0,0,train
RD_AB_00032_00,CUST_PA00032_00,1768286369.2293222,2026-01-13T06:39:29.229322+00:00,0,0,1,16.0,0.6041956196552908,6,0,1,train
RD_004284,CUST_002172,1768286403.608805,2026-01-13T06:40:03.608805+00:00,0,0,1,11062.5,0.277064172722592,1,0,0,train
RD_AB_00032_01,CUST_PA00032_01,1768288455.360715,2026-01-13T07:31:08.700189+00:00,1,1,2,18.8,0.5334522072028327,6,0,1,train
RD_AB_00032_05,CUST_PA00032_05,1768291576.101418,2026-01-13T09:53:06.044518+00:00,5,5,6,17.7,0.8557196944418259,6,0,1,train
RD_AB_00032_02,CUST_PA00032_02,1768293584.648607,2026-01-13T08:15:06.682160+00:00,2,2,3,52.9,0.5992763545511979,6,0,1,train
RD_AB_00032_04,CUST_PA00032_04,1768295836.3674138,2026-01-13T09:59:07.013770+00:00,0,4,5,5.9,0.5541599917370954,6,0,1,train
RD_AB_00032_03,CUST_PA00032_03,1768296218.2296576,2026-01-13T09:17:14.067148+00:00,3,3,4,18.8,0.3558447316256181,6,0,1,train
RD_004978,CUST_000255,1768319163.9119344,2026-01-13T15:46:03.911934+00:00,0,0,1,327.9,0.14112392481693023,1,0,0,train
RD_003799,CUST_001957,1768357779.180104,2026-01-14T02:29:39.180104+00:00,0,0,1,507.4,0.32037885362641055,1,0,0,train
RD_AB_00028_00,CUST_PA00028_00,1768369139.7176604,2026-01-14T05:38:59.717660+00:00,0,0,1,13.3,0.8725656111873524,3,0,1,train
RD_AB_00028_01,CUST_PA00028_01,1768369310.7166317,2026-01-14T06:46:23.668502+00:00,0,1,2,9.6,0.507539292325217,3,0,1,train
RD_AB_00028_02,CUST_PA00028_02,1768376480.684374,2026-01-14T06:01:42.123157+00:00,0,2,1,24.6,0.6822819737119159,3,0,1,train
RD_001744,CUST_001296,1768385254.3104103,2026-01-14T10:07:34.310410+00:00,0,0,1,2863.2,0.2864423326574506,1,0,0,train
RD_000462,CUST_000076,1768388615.990868,2026-01-14T11:03:35.990868+00:00,0,0,1,3299.6,0.3260373875243663,1,0,0,train
RD_000382,CUST_001801,1768395170.9078863,2026-01-14T12:52:50.907886+00:00,0,0,1,8600.4,0.03880835190358677,1,0,0,train
RD_003098,CUST_000513,1768397523.2114358,2026-01-14T13:32:03.211436+00:00,0,0,1,455.0,0.4081861330455066,4,0,0,train
RD_004079,CUST_002989,1768415906.3887956,2026-01-14T18:38:26.388796+00:00,0,0,1,1192.1,0.08709658286108732,1,0,0,train
RD_002870,CUST_003715,1768416312.0502746,2026-01-14T18:45:12.050275+00:00,0,0,1,1176.0,0.23620493568813655,1,0,0,train
RD_003090,CUST_002722,1768419173.8832178,2026-01-14T19:32:53.883218+00:00,0,0,1,198.2,0.03511625090221444,1,0,0,train
RD_005454,CUST_003062,1768423876.2610383,2026-01-14T20:51:16.261038+00:00,0,0,1,2500.9,0.4153913023049232,1,0,0,train
RD_AB_00065_00,CUST_PA00065_00,1768425563.3316393,2026-01-14T21:19:23.331639+00:00,0,0,1,61.6,0.7184347019957846,3,0,1,train
RD_AB_00065_01,CUST_PA00065_01,1768430271.9990175,2026-01-14T21:22:43.935378+00:00,1,1,2,13.9,0.7046584255494488,3,0,1,train
RD_AB_00065_02,CUST_PA00065_02,1768433801.246074,2026-01-14T22:04:43.374791+00:00,2,2,3,58.8,0.8830837884070154,3,0,1,train
RD_004515,CUST_001744,1768457435.9063666,2026-01-15T06:10:35.906367+00:00,0,0,1,1623.7,0.16651985420150295,1,0,0,train
RD_004362,CUST_002092,1768462091.389518,2026-01-15T07:28:11.389518+00:00,0,0,1,12141.4,0.3983095270314582,1,0,0,train
RD_002386,CUST_000294,1768468043.9544861,2026-01-15T09:07:23.954486+00:00,0,0,1,731.5,0.12363440243347423,1,0,0,train
RD_004817,CUST_002722,1768475129.5580776,2026-01-15T11:05:29.558078+00:00,0,0,1,20637.1,0.4587965935668964,1,0,0,train
RD_003676,CUST_003537,1768493560.558187,2026-01-15T16:12:40.558187+00:00,0,0,1,452.5,0.4393505750600485,1,0,0,train
RD_001592,CUST_003422,1768516041.1462307,2026-01-15T22:27:21.146231+00:00,0,0,1,746.4,0.29146960113044496,1,0,0,train
RD_004061,CUST_001255,1768542318.0322924,2026-01-16T05:45:18.032292+00:00,0,0,1,4295.4,0.3365477340526295,1,0,0,train
RD_005117,CUST_001350,1768561943.5290039,2026-01-16T11:12:23.529004+00:00,0,0,1,3269.3,0.02760273534003408,1,0,0,train
RD_002247,CUST_004426,1768572864.4705503,2026-01-16T14:14:24.470550+00:00,0,0,1,10449.4,0.12939345357727858,1,0,0,train
RD_002071,CUST_002722,1768619004.4091022,2026-01-17T03:03:24.409102+00:00,0,0,1,12237.3,0.11666731586162042,1,0,0,train
RD_003875,CUST_004251,1768620667.852026,2026-01-17T03:31:07.852026+00:00,0,0,1,959.4,0.0068556638561341615,1,0,0,train
RD_003256,CUST_001993,1768622911.8122418,2026-01-17T04:08:31.812242+00:00,0,0,1,1362.0,0.3690391723979042,1,0,0,train
RD_001305,CUST_001350,1768641278.9094286,2026-01-17T09:14:38.909429+00:00,0,0,1,1906.0,0.12898319592673674,1,0,0,train
RD_001699,CUST_000129,1768677421.0075564,2026-01-17T19:17:01.007556+00:00,0,0,1,976.4,0.17432852120496242,1,0,0,train
RD_004240,CUST_003641,1768692452.0849283,2026-01-17T23:27:32.084928+00:00,0,0,1,4839.8,0.15953260385170867,1,0,0,train
RD_003283,CUST_002113,1768692710.4324212,2026-01-17T23:31:50.432421+00:00,0,0,1,5240.7,0.13649230053689346,1,0,0,train
RD_000760,CUST_001957,1768713236.6679225,2026-01-18T05:13:56.667922+00:00,0,0,1,2824.4,0.11840741748961944,1,0,0,train
RD_AB_00053_00,CUST_PA00053_00,1768715165.8205235,2026-01-18T05:46:05.820524+00:00,0,0,1,17.7,0.43335694234842875,6,0,1,train
RD_AB_00053_01,CUST_PA00053_01,1768715615.185484,2026-01-18T05:52:17.317035+00:00,0,1,2,10.8,0.721442903639503,6,1,1,train
RD_002042,CUST_003075,1768724092.9495213,2026-01-18T08:14:52.949521+00:00,0,0,1,693.3,0.23473944264432953,1,0,0,train
RD_AB_00053_02,CUST_PA00053_02,1768725382.2930982,2026-01-18T06:55:19.234199+00:00,2,2,3,47.4,0.801482726826689,6,1,1,train
RD_AB_00053_03,CUST_PA00053_03,1768728915.5381997,2026-01-18T08:34:46.060684+00:00,0,3,4,14.4,0.6935753297167949,6,1,1,train
RD_003336,CUST_001744,1768728923.8842325,2026-01-18T09:35:23.884233+00:00,0,0,1,545.2,0.05895734123513449,1,0,0,train
RD_AB_00087_00,CUST_PA00087_00,1768729302.266058,2026-01-18T09:41:42.266058+00:00,0,0,1,21.3,0.4835646496311007,7,0,1,train
RD_AB_00053_04,CUST_PA00053_04,1768730926.2959366,2026-01-18T10:19:35.767107+00:00,4,4,1,25.4,0.7276881804186456,6,1,1,train
RD_AB_00087_01,CUST_PA00087_01,1768731101.6369715,2026-01-18T09:43:23.567441+00:00,1,1,2,35.7,0.5984768304330231,7,1,1,train
RD_AB_00087_02,CUST_PA00087_02,1768733855.9641967,2026-01-18T11:34:27.659486+00:00,2,2,3,28.6,0.7480557455003557,7,1,1,train
RD_AB_00053_05,CUST_PA00053_05,1768735630.1307235,2026-01-18T10:33:13.976412+00:00,5,5,6,23.2,0.8807782561411998,6,1,1,train
RD_AB_00087_03,CUST_PA00087_03,1768736504.728445,2026-01-18T10:14:44.244827+00:00,0,3,4,67.0,0.7505132111201916,7,1,1,train
RD_AB_00051_00,CUST_PA00051_00,1768736648.3197842,2026-01-18T11:44:08.319784+00:00,0,0,1,27.2,0.8114866095665949,6,0,1,train
RD_AB_00051_03,CUST_PA00051_03,1768737748.2408133,2026-01-18T13:51:55.452691+00:00,3,3,4,37.7,0.7192805909911719,6,1,1,train
RD_AB_00051_02,CUST_PA00051_02,1768737854.0159986,2026-01-18T13:27:18.099602+00:00,2,2,3,53.1,0.16699533787226378,6,1,1,train
RD_AB_00051_05,CUST_PA00051_05,1768738787.1368778,2026-01-18T16:35:37.094849+00:00,0,5,6,52.2,0.46458882800058,6,1,1,train
RD_AB_00041_00,CUST_PA00041_00,1768739279.4836984,2026-01-18T12:27:59.483698+00:00,0,0,1,19.4,0.6843434847293313,6,0,1,train
RD_AB_00051_01,CUST_PA00051_01,1768741561.2224636,2026-01-18T12:37:03.895773+00:00,1,1,2,230.8,0.395238955932937,6,1,1,train
RD_AB_00041_01,CUST_PA00041_01,1768743022.6013358,2026-01-18T13:01:31.128242+00:00,1,1,2,20.8,0.8955445490624332,6,0,1,train
RD_AB_00051_04,CUST_PA00051_04,1768746603.2232575,2026-01-18T14:34:42.929225+00:00,4,4,5,23.4,0.9166347604587227,6,1,1,train
RD_AB_00041_03,CUST_PA00041_03,1768746707.7189448,2026-01-18T14:47:25.764064+00:00,3,3,4,39.7,0.8067469937477075,6,0,1,train
RD_AB_00041_02,CUST_PA00041_02,1768749199.4264374,2026-01-18T14:43:36.933962+00:00,2,2,3,86.2,0.9083611698203086,6,0,1,train
RD_AB_00041_04,CUST_PA00041_04,1768750787.516775,2026-01-18T16:40:49.241430+00:00,4,4,5,35.6,0.5756568195446283,6,0,1,train
RD_AB_00041_05,CUST_PA00041_05,1768759591.103357,2026-01-18T14:31:00.249779+00:00,5,5,1,52.0,0.8640921310500624,6,0,1,train
RD_AB_00034_00,CUST_PA00034_00,1768760830.897046,2026-01-18T18:27:10.897046+00:00,0,0,1,33.5,0.6825059843299618,6,0,1,train
RD_AB_00034_01,CUST_PA00034_01,1768761241.396067,2026-01-18T19:19:40.043204+00:00,0,1,2,49.0,0.8157914495781713,6,0,1,train
RD_AB_00034_02,CUST_PA00034_02,1768763008.8310914,2026-01-18T21:24:12.309042+00:00,2,2,1,9.2,0.7952010275314351,6,0,1,train
RD_AB_00034_03,CUST_PA00034_03,1768763277.4298275,2026-01-18T21:10:35.375837+00:00,3,3,4,0.9,0.7777457746883831,6,0,1,train
RD_002063,CUST_002361,1768772319.9480398,2026-01-18T21:38:39.948040+00:00,0,1,1,921.5,0.18882915286174742,40,0,0,train
RD_AB_00034_05,CUST_PA00034_05,1768776724.7771823,2026-01-18T22:50:33.621393+00:00,5,5,6,37.2,0.7042730286725389,6,0,1,train
RD_AB_00034_04,CUST_PA00034_04,1768778713.4184885,2026-01-18T22:44:05.867007+00:00,4,4,5,16.4,0.5478572979333945,6,0,1,train
RD_002609,CUST_003580,1768788996.769082,2026-01-19T02:16:36.769082+00:00,0,0,1,13947.4,0.0580509966760266,1,0,0,train
RD_004945,CUST_000425,1768798683.8721178,2026-01-19T04:58:03.872118+00:00,0,0,1,1125.2,0.17613239572311531,1,0,0,train
RD_004314,CUST_001801,1768813200.9039266,2026-01-19T09:00:00.903927+00:00,0,0,1,11029.0,0.3374131474322791,1,0,0,train
RD_001448,CUST_002668,1768831875.3323472,2026-01-19T14:11:15.332347+00:00,0,0,1,1625.7,0.3018837150163248,1,0,0,train
RD_001839,CUST_002172,1768844027.498779,2026-01-19T17:33:47.498779+00:00,0,0,1,9942.8,0.8301267595376451,1,0,0,train
RD_000359,CUST_002922,1768860283.1868906,2026-01-19T22:04:43.186891+00:00,0,0,1,219.7,0.0273666569115547,1,0,0,train
RD_003074,CUST_002361,1768874882.8125184,2026-01-20T02:08:02.812518+00:00,0,0,1,2294.6,0.15225603338229446,29,0,0,train
RD_AB_00078_00,CUST_PA00078_00,1768923226.3036664,2026-01-20T15:33:46.303666+00:00,0,0,1,8.2,0.7269803533616421,8,0,1,train
RD_AB_00078_03,CUST_PA00078_03,1768925123.8971484,2026-01-20T19:26:19.214412+00:00,3,3,4,95.8,0.8721597674502489,8,0,1,train
RD_AB_00078_01,CUST_PA00078_01,1768925170.244576,2026-01-20T16:38:00.396360+00:00,0,1,2,24.7,0.7342537921662208,8,0,1,train
RD_AB_00078_02,CUST_PA00078_02,1768926508.475112,2026-01-20T16:35:47.375228+00:00,2,2,3,79.7,0.9323558796819075,8,0,1,train
RD_002486,CUST_004084,1768931409.9175277,2026-01-20T17:50:09.917528+00:00,0,0,1,8833.6,0.09692691028732878,1,0,0,train
RD_AB_00078_06,CUST_PA00078_06,1768931794.0973766,2026-01-20T18:57:11.890618+00:00,6,6,7,86.8,0.7765723059863662,8,0,1,train
RD_AB_00078_07,CUST_PA00078_07,1768932934.0433934,2026-01-20T15:44:17.865531+00:00,7,7,8,29.1,0.6757512192943728,8,0,1,train
RD_AB_00078_04,CUST_PA00078_04,1768937608.5162303,2026-01-20T21:19:33.625687+00:00,4,4,5,123.8,0.8488610653652154,8,0,1,train
RD_AB_00078_05,CUST_PA00078_05,1768947724.5423753,2026-01-20T22:58:53.728547+00:00,5,5,1,49.8,0.6651719830914254,8,0,1,train
RD_003155,CUST_002370,1768972875.1316233,2026-01-21T05:21:15.131623+00:00,1,0,2,2626.2,0.6031369258872916,3,0,0,train
RD_002816,CUST_000788,1768975769.4556713,2026-01-21T06:09:29.455671+00:00,0,0,1,1087.2,0.35239355936892985,1,0,0,train
RD_000963,CUST_000255,1768985872.1073782,2026-01-21T08:57:52.107378+00:00,0,0,1,1298.3,0.4323890225260239,1,0,0,train
RD_003774,CUST_003748,1768992547.6490986,2026-01-21T10:49:07.649099+00:00,0,0,1,246.5,0.144904763750071,1,0,0,train
RD_001996,CUST_001744,1768993285.139148,2026-01-21T11:01:25.139148+00:00,0,0,1,1580.7,0.5871149804278537,1,0,0,train
RD_AB_00027_00,CUST_PA00027_00,1769012615.235579,2026-01-21T16:23:35.235579+00:00,0,0,1,69.0,0.7103241572972461,6,0,1,train
RD_AB_00027_02,CUST_PA00027_02,1769013740.5280583,2026-01-21T18:28:55.718632+00:00,2,2,3,32.0,0.851846388350516,6,1,1,train
RD_AB_00027_01,CUST_PA00027_01,1769014661.8708134,2026-01-21T16:28:35.484622+00:00,1,1,2,56.3,0.9700186411728886,6,1,1,train
RD_AB_00027_05,CUST_PA00027_05,1769018472.5474617,2026-01-21T21:42:14.132622+00:00,5,5,6,12.4,0.7960990512457571,6,1,1,train
RD_000541,CUST_004092,1769020330.4918282,2026-01-21T18:32:10.491828+00:00,0,0,1,3257.3,0.10071675907191009,1,0,0,train
RD_AB_00027_03,CUST_PA00027_03,1769024437.7457178,2026-01-21T17:31:02.437306+00:00,3,3,4,25.9,0.9323699687320648,6,1,1,train
RD_AB_00027_04,CUST_PA00027_04,1769031725.177359,2026-01-21T16:50:13.408699+00:00,4,4,1,10.0,0.4769338304668463,6,1,1,train
RD_002856,CUST_000711,1769063853.0365152,2026-01-22T06:37:33.036515+00:00,0,0,1,860.3,0.38715703849459465,1,0,0,train
RD_003507,CUST_002342,1769080908.2845051,2026-01-22T11:21:48.284505+00:00,0,0,1,1800.6,0.5539207808659977,1,0,0,train
RD_005388,CUST_003984,1769095264.2587447,2026-01-22T15:21:04.258745+00:00,0,0,1,2794.4,0.08376203825566624,1,0,0,train
RD_001421,CUST_003049,1769100608.155926,2026-01-22T16:50:08.155926+00:00,0,0,1,4819.6,0.2775093617765997,1,0,0,train
RD_001222,CUST_002977,1769101372.4090598,2026-01-22T17:02:52.409060+00:00,0,0,1,649.1,0.15126978955007006,1,0,0,train
RD_003388,CUST_000460,1769103634.525565,2026-01-22T17:40:34.525565+00:00,0,1,1,2419.4,0.21978292421632079,23,0,0,train
RD_001233,CUST_003121,1769111248.9180596,2026-01-22T19:47:28.918060+00:00,0,0,1,1902.7,0.1181514616438237,1,0,0,train
RD_001013,CUST_004490,1769122677.3269558,2026-01-22T22:57:57.326956+00:00,0,0,1,2958.6,0.33560409999939383,1,0,0,train
RD_AB_00049_00,CUST_PA00049_00,1769129349.789586,2026-01-23T00:49:09.789586+00:00,0,0,1,28.5,0.6332268210900803,7,0,1,train
RD_AB_00049_02,CUST_PA00049_02,1769130391.551312,2026-01-23T01:48:13.275920+00:00,2,2,3,13.7,0.37964129103366956,7,1,1,train
RD_AB_00049_01,CUST_PA00049_01,1769131732.7062306,2026-01-23T00:58:41.044834+00:00,1,1,1,37.0,0.8525010321001046,7,1,1,train
RD_AB_00049_04,CUST_PA00049_04,1769142029.5993705,2026-01-23T04:27:08.597163+00:00,4,4,5,6.5,0.6686240186619374,7,1,1,train
RD_AB_00049_03,CUST_PA00049_03,1769144251.5876408,2026-01-23T03:13:06.577974+00:00,3,3,1,62.2,0.4375920812254547,7,1,1,train
RD_AB_00049_05,CUST_PA00049_05,1769144333.641869,2026-01-23T04:48:09.294528+00:00,5,5,1,19.5,0.8140495468412771,7,1,1,train
RD_AB_00049_06,CUST_PA00049_06,1769160176.5233636,2026-01-23T02:01:27.926278+00:00,0,6,7,76.1,0.9437720927630903,7,1,1,train
RD_004400,CUST_003080,1769167487.8966231,2026-01-23T11:24:47.896623+00:00,0,0,1,696.7,0.42003858568477026,1,0,0,train
RD_001020,CUST_004473,1769177410.0267732,2026-01-23T14:10:10.026773+00:00,0,0,1,289.8,0.12912870804912807,1,0,0,train
RD_003714,CUST_002811,1769199163.1117275,2026-01-23T20:12:43.111727+00:00,0,0,1,16572.1,0.27915353218527245,1,0,0,train
RD_001990,CUST_004502,1769203662.4496975,2026-01-23T21:27:42.449697+00:00,0,0,1,1356.1,0.44362320305626546,1,0,0,train
RD_002057,CUST_004338,1769222515.5821385,2026-01-24T02:41:55.582139+00:00,0,0,1,6560.3,0.10502188355753073,1,0,0,train
RD_004330,CUST_001459,1769240967.534791,2026-01-24T07:49:27.534791+00:00,0,0,1,1706.9,0.15107675583493185,1,0,0,train
RD_003052,CUST_002723,1769255798.6650066,2026-01-24T11:56:38.665007+00:00,0,0,1,1222.1,0.32062239334348386,1,0,0,train
RD_AB_00010_00,CUST_PA00010_00,1769267850.4656947,2026-01-24T15:17:30.465695+00:00,0,0,1,11.0,0.489894606411224,5,0,1,train
RD_AB_00010_02,CUST_PA00010_02,1769271546.2963135,2026-01-24T15:39:10.416095+00:00,2,2,3,4.7,0.4550910803404433,5,1,1,train
RD_AB_00010_01,CUST_PA00010_01,1769272210.633664,2026-01-24T15:47:41.964130+00:00,1,1,2,82.0,0.6228370882892764,5,1,1,train
RD_AB_00010_04,CUST_PA00010_04,1769274448.3436337,2026-01-24T16:27:20.873444+00:00,4,4,5,34.5,0.8592829619382749,5,1,1,train
RD_AB_00010_03,CUST_PA00010_03,1769280471.4760737,2026-01-24T17:31:49.785441+00:00,0,3,4,26.8,0.6757158439730444,5,1,1,train
RD_AB_00020_00,CUST_PA00020_00,1769282367.9375336,2026-01-24T19:19:27.937534+00:00,0,0,1,103.9,0.8632142831669305,8,0,1,train
RD_AB_00020_01,CUST_PA00020_01,1769285690.783967,2026-01-24T20:34:28.356791+00:00,0,1,2,12.0,0.6648037262069998,8,0,1,train
RD_004227,CUST_004473,1769285979.904074,2026-01-24T20:19:39.904074+00:00,0,0,1,7805.0,0.0749797632299907,1,0,0,train
RD_001752,CUST_002182,1769286451.5460393,2026-01-24T20:27:31.546039+00:00,0,0,1,7254.9,0.0349406231587215,1,0,0,train
RD_003343,CUST_000744,1769286906.1868725,2026-01-24T20:35:06.186872+00:00,0,0,1,569.7,0.445134590863892,1,0,0,train
RD_AB_00020_04,CUST_PA00020_04,1769288210.7085428,2026-01-25T00:31:35.338091+00:00,4,4,1,125.8,0.46037086239703273,8,0,1,train
RD_AB_00020_06,CUST_PA00020_06,1769290632.105814,2026-01-25T01:04:22.415647+00:00,6,6,1,129.3,0.7215728567044176,8,0,1,train
RD_AB_00020_02,CUST_PA00020_02,1769292066.223424,2026-01-24T21:44:53.233493+00:00,0,2,3,9.0,0.7389649252371082,8,0,1,train
RD_AB_00020_03,CUST_PA00020_03,1769293408.7477794,2026-01-24T19:55:24.945047+00:00,0,3,4,70.8,0.9400882284102309,8,0,1,train
RD_AB_00020_05,CUST_PA00020_05,1769295151.4679873,2026-01-24T22:32:00.187203+00:00,5,5,6,201.0,0.6076088604421408,8,0,1,train
RD_AB_00020_07,CUST_PA00020_07,1769295648.4817507,2026-01-24T23:45:53.800295+00:00,7,7,1,12.4,0.5273600986478436,8,0,1,train
RD_002469,CUST_004426,1769302204.6787212,2026-01-25T00:50:04.678721+00:00,0,0,1,514.9,0.05982519574451805,1,0,0,train
RD_002674,CUST_003673,1769321706.8024874,2026-01-25T06:15:06.802487+00:00,0,0,1,977.4,0.14067967710159687,1,0,0,train
RD_000648,CUST_000775,1769325584.988883,2026-01-25T07:19:44.988883+00:00,0,0,1,1392.7,0.19334864745579922,1,0,0,train
RD_001781,CUST_000689,1769326022.677677,2026-01-25T07:27:02.677677+00:00,0,0,1,3166.1,0.2632589780542819,1,0,0,train
RD_000123,CUST_001148,1769329008.2985785,2026-01-25T08:16:48.298579+00:00,0,0,1,882.6,0.1510787858382804,1,0,0,train
RD_001163,CUST_000448,1769339316.9844346,2026-01-25T11:08:36.984435+00:00,0,0,1,2613.0,0.3148079105696275,1,0,0,train
RD_002079,CUST_001364,1769344305.5609074,2026-01-25T12:31:45.560907+00:00,0,0,1,12327.6,0.24497353510978437,1,0,0,train
RD_AB_00015_00,CUST_PA00015_00,1769350964.097819,2026-01-25T14:22:44.097819+00:00,0,0,1,11.1,0.7952609106749572,7,0,1,train
RD_AB_00015_01,CUST_PA00015_01,1769351328.869968,2026-01-25T15:10:33.292146+00:00,1,1,1,81.9,0.570945847729785,7,1,1,train
RD_AB_00015_02,CUST_PA00015_02,1769352858.4882083,2026-01-25T17:02:06.832306+00:00,0,2,3,1.9,0.5762617745453742,7,1,1,train
RD_003703,CUST_002107,1769355381.625843,2026-01-25T15:36:21.625843+00:00,0,0,1,5034.9,0.14623387536421734,1,0,0,train
RD_AB_00015_05,CUST_PA00015_05,1769358609.3086379,2026-01-25T17:47:33.947754+00:00,5,5,1,51.1,0.5553558558985762,7,1,1,train
RD_AB_00015_04,CUST_PA00015_04,1769360763.7814858,2026-01-25T14:43:59.525828+00:00,4,4,5,10.8,0.6111084150776203,7,1,1,train
RD_004771,CUST_003049,1769363274.8379755,2026-01-25T17:47:54.837976+00:00,0,0,1,8543.1,0.2962814239358483,1,0,0,train
RD_AB_00015_03,CUST_PA00015_03,1769364998.058424,2026-01-25T18:44:03.095598+00:00,3,3,4,70.8,0.5000579908197652,7,1,1,train
RD_001284,CUST_003339,1769368781.9833763,2026-01-25T19:19:41.983376+00:00,0,0,1,1397.6,0.4779525734861178,1,0,0,train
RD_AB_00015_06,CUST_PA00015_06,1769381841.709253,2026-01-25T20:52:30.272388+00:00,6,6,7,23.6,0.7052663145443439,7,1,1,train
RD_002522,CUST_000562,1769383352.6095312,2026-01-25T23:22:32.609531+00:00,0,0,2,601.1,0.22276103228220326,3,0,0,train
RD_004265,CUST_001303,1769398244.5898128,2026-01-26T03:30:44.589813+00:00,0,0,1,685.7,0.057040560525298885,1,0,0,train
RD_004381,CUST_000167,1769404846.6001477,2026-01-26T05:20:46.600148+00:00,0,0,1,30.9,0.30561667372326046,1,0,0,train
RD_002408,CUST_002977,1769423222.1758654,2026-01-26T10:27:02.175865+00:00,0,0,1,3409.7,0.4290135628524357,1,0,0,train
RD_003523,CUST_001539,1769427098.917884,2026-01-26T11:31:38.917884+00:00,0,0,1,516.1,0.020032020191247744,1,0,0,train
RD_001380,CUST_003769,1769434577.6540844,2026-01-26T13:36:17.654084+00:00,0,0,1,12403.5,0.07050681569783387,1,0,0,train
RD_000996,CUST_000176,1769450935.3759384,2026-01-26T18:08:55.375938+00:00,0,0,1,26185.6,0.3272273106606216,1,0,0,train
RD_003015,CUST_000397,1769455245.1774457,2026-01-26T19:20:45.177446+00:00,0,0,1,167.1,0.5457909082542163,1,0,0,train
RD_AB_00064_00,CUST_PA00064_00,1769457856.4525774,2026-01-26T20:04:16.452577+00:00,0,0,1,13.4,0.7289612340786318,8,0,1,train
RD_AB_00064_04,CUST_PA00064_04,1769459292.198645,2026-01-26T21:33:54.015407+00:00,4,4,5,4.4,0.5263460665344859,8,1,1,train
RD_001197,CUST_003734,1769459540.9644516,2026-01-26T20:32:20.964452+00:00,0,0,1,31205.8,0.3477690185112656,1,0,0,train
RD_AB_00064_01,CUST_PA00064_01,1769460016.9977524,2026-01-26T20:49:02.418752+00:00,1,1,1,67.6,0.7367709792070427,8,1,1,train
RD_AB_00064_02,CUST_PA00064_02,1769463665.0438597,2026-01-26T21:15:40.371169+00:00,2,2,3,118.5,0.7537105150604835,8,1,1,train
RD_AB_00064_03,CUST_PA00064_03,1769473123.1237454,2026-01-26T23:20:48.350676+00:00,3,3,4,15.7,0.4955174046239554,8,1,1,train
RD_AB_00064_05,CUST_PA00064_05,1769473704.6212103,2026-01-26T20:22:40.828790+00:00,5,5,6,15.8,0.9204749499894808,8,1,1,train
RD_AB_00064_07,CUST_PA00064_07,1769480740.8048205,2026-01-27T02:07:37.850339+00:00,7,7,8,16.6,0.4121202074911587,8,1,1,train
RD_AB_00064_06,CUST_PA00064_06,1769485129.3316958,2026-01-26T22:38:33.611751+00:00,0,6,7,28.1,0.8220096598453506,8,1,1,train
RD_004407,CUST_002723,1769489194.8780406,2026-01-27T04:46:34.878041+00:00,0,0,1,44602.9,0.2289344716582354,1,0,0,train
RD_000754,CUST_004338,1769489612.0499728,2026-01-27T04:53:32.049973+00:00,0,0,1,6682.7,0.12055268485977516,1,0,0,train
RD_AB_00058_00,CUST_PA00058_00,1769497889.3976798,2026-01-27T07:11:29.397680+00:00,0,0,1,24.3,0.6081829929246302,7,0,1,train
RD_AB_00058_01,CUST_PA00058_01,1769502522.6484554,2026-01-27T08:23:47.612048+00:00,1,1,2,159.4,0.8159689277992039,7,1,1,train
RD_001770,CUST_002820,1769506621.3043957,2026-01-27T09:37:01.304396+00:00,0,0,1,15116.0,0.1384989809927949,1,0,0,train
RD_AB_00058_05,CUST_PA00058_05,1769506635.0771434,2026-01-27T12:55:05.543720+00:00,5,5,6,176.6,0.48994361862066643,7,1,1,train
RD_AB_00058_02,CUST_PA00058_02,1769507466.3935444,2026-01-27T07:29:53.515616+00:00,2,2,1,4.0,0.31725041634792217,7,1,1,train
RD_002994,CUST_002846,1769508466.6287184,2026-01-27T10:07:46.628718+00:00,0,0,1,6138.9,0.08028330350084499,1,0,0,train
RD_AB_00058_03,CUST_PA00058_03,1769509337.8245096,2026-01-27T09:42:39.664633+00:00,3,3,4,180.8,0.8692431156270258,7,1,1,train
RD_003185,CUST_002708,1769511289.5065587,2026-01-27T10:54:49.506559+00:00,1,0,2,5723.8,0.24758665310650296,4,0,0,train
RD_AB_00058_04,CUST_PA00058_04,1769515921.4045587,2026-01-27T11:36:37.987777+00:00,4,4,1,19.3,0.7748632003260003,7,1,1,train
RD_004124,CUST_000129,1769516999.5793557,2026-01-27T12:29:59.579356+00:00,0,0,1,3129.3,0.3169442291068147,1,0,0,train
RD_AB_00058_06,CUST_PA00058_06,1769519153.2191105,2026-01-27T07:50:43.002905+00:00,6,6,1,7.3,0.3624524248541365,7,1,1,train
RD_004676,CUST_004092,1769537528.4087124,2026-01-27T18:12:08.408712+00:00,0,0,1,4069.9,0.2867921585127432,1,0,0,train
RD_000267,CUST_003905,1769540423.8744707,2026-01-27T19:00:23.874471+00:00,0,0,1,20032.9,0.24391338852948372,1,0,0,train
RD_003229,CUST_002932,1769547739.8639367,2026-01-27T21:02:19.863937+00:00,0,0,1,12271.1,0.2796879800812528,1,0,0,train
RD_000598,CUST_001259,1769567181.8936956,2026-01-28T02:26:21.893696+00:00,0,0,1,6290.1,0.20511109830836674,1,0,0,train
RD_000210,CUST_004121,1769588621.9571466,2026-01-28T08:23:41.957147+00:00,0,0,1,472.8,0.16462685662185364,1,0,0,train
RD_002346,CUST_000668,1769593123.767296,2026-01-28T09:38:43.767296+00:00,0,0,1,1752.7,0.35463049097395904,1,0,0,train
RD_004914,CUST_000353,1769610618.687271,2026-01-28T14:30:18.687271+00:00,0,0,1,3318.2,0.04113037650415094,1,0,0,train
RD_000582,CUST_004006,1769616795.0567195,2026-01-28T16:13:15.056720+00:00,0,0,1,83.2,0.11967873358113279,1,0,0,train
RD_002924,CUST_001734,1769626736.1175768,2026-01-28T18:58:56.117577+00:00,0,0,1,683.3,0.11746866689055965,1,0,0,train
RD_000896,CUST_000594,1769638025.2154384,2026-01-28T22:07:05.215438+00:00,0,0,1,640.1,0.5736821785645071,27,0,0,train
RD_005099,CUST_000305,1769657360.8672333,2026-01-29T03:29:20.867233+00:00,0,0,3,7674.0,0.19652473908879306,2,0,0,train
RD_005122,CUST_002938,1769662218.1601875,2026-01-29T04:50:18.160187+00:00,0,0,1,30368.8,0.052656749409682874,1,0,0,train
RD_003936,CUST_000344,1769667222.7076244,2026-01-29T06:13:42.707624+00:00,0,0,1,15984.0,0.31044497707332414,1,0,0,train
RD_002180,CUST_004170,1769687040.2143316,2026-01-29T11:44:00.214332+00:00,0,0,1,2275.2,0.126161501851049,1,0,0,train
RD_004298,CUST_002905,1769697809.4725726,2026-01-29T14:43:29.472573+00:00,0,0,1,13522.3,0.2143069870976835,1,0,0,train
RD_AB_00030_00,CUST_PA00030_00,1769701562.554051,2026-01-29T15:46:02.554051+00:00,0,0,1,231.1,0.8797194828627062,4,0,1,train
RD_AB_00030_01,CUST_PA00030_01,1769703699.7591517,2026-01-29T16:03:49.136446+00:00,1,1,2,31.6,0.9448103564365,4,1,1,train
RD_AB_00030_02,CUST_PA00030_02,1769709322.3659062,2026-01-29T17:50:22.123954+00:00,0,2,3,235.7,0.8369001109201298,4,1,1,train
RD_001785,CUST_002091,1769713404.3527849,2026-01-29T19:03:24.352785+00:00,0,0,1,849.1,0.07943461604177664,4,0,0,train
RD_AB_00030_03,CUST_PA00030_03,1769714666.0242808,2026-01-29T18:42:14.884928+00:00,3,3,4,36.1,0.8494321980892251,4,1,1,train
RD_002185,CUST_002610,1769760722.8584871,2026-01-30T08:12:02.858487+00:00,0,0,1,3168.0,0.49997087371172017,1,0,0,train
RD_001055,CUST_001148,1769765237.7213724,2026-01-30T09:27:17.721372+00:00,0,0,1,2277.8,0.08192504425294782,1,0,0,train
RD_003000,CUST_003381,1769766485.6127691,2026-01-30T09:48:05.612769+00:00,0,0,1,177.7,0.4889689133712299,1,0,0,train
RD_004076,CUST_000252,1769772687.4738388,2026-01-30T11:31:27.473839+00:00,0,0,1,2340.4,0.24673519854207454,1,0,0,train
RD_004135,CUST_004170,1769785509.4308565,2026-01-30T15:05:09.430856+00:00,0,0,1,228.1,0.36301536606726864,1,0,0,train
RD_002242,CUST_000025,1769798531.3768258,2026-01-30T18:42:11.376826+00:00,0,0,1,22099.8,0.180438566400337,1,0,0,train
RD_004285,CUST_001739,1769803984.9741955,2026-01-30T20:13:04.974195+00:00,0,0,1,34381.1,0.5872804737850013,1,0,0,train
RD_003865,CUST_000863,1769826719.0272448,2026-01-31T02:31:59.027245+00:00,0,0,1,4830.9,0.22823565399764847,1,0,0,train
RD_002002,CUST_002361,1769831084.5573368,2026-01-31T03:44:44.557337+00:00,0,2,1,2973.8,0.05649004234034115,31,0,0,train
RD_000161,CUST_003961,1769840882.537315,2026-01-31T06:28:02.537315+00:00,0,0,1,1942.8,0.2207169676526471,1,0,0,train
RD_000035,CUST_004251,1769852122.0155108,2026-01-31T09:35:22.015511+00:00,0,0,1,3749.8,0.021825318216953403,1,0,0,train
RD_002091,CUST_002905,1769855662.9877548,2026-01-31T10:34:22.987755+00:00,0,0,1,1632.4,0.26789175920685837,1,0,0,train
RD_002864,CUST_001807,1769861439.8653736,2026-01-31T12:10:39.865374+00:00,0,0,1,4983.0,0.17998148953104293,1,0,0,train
RD_002620,CUST_004407,1769864907.4602354,2026-01-31T13:08:27.460235+00:00,0,0,1,19862.0,0.13595599155588203,1,0,0,train
RD_004965,CUST_004006,1769868736.2866936,2026-01-31T14:12:16.286694+00:00,0,0,1,4395.1,0.05461138788020074,1,0,0,train
RD_002439,CUST_003748,1769880154.808511,2026-01-31T17:22:34.808511+00:00,0,0,1,9719.7,0.4902211285829624,1,0,0,train
RD_000721,CUST_002915,1769884645.590499,2026-01-31T18:37:25.590499+00:00,0,0,1,791.3,0.111311623362918,1,0,0,train
RD_004780,CUST_002133,1769887487.8965895,2026-01-31T19:24:47.896590+00:00,0,0,1,1159.3,0.2593721686093348,1,0,0,train
RD_003287,CUST_003296,1769894294.975137,2026-01-31T21:18:14.975137+00:00,0,2,1,2933.8,0.3876148650158204,18,0,0,train
RD_001129,CUST_003537,1769921399.9214702,2026-02-01T04:49:59.921470+00:00,0,0,1,362.1,0.40820162800443077,1,0,0,train
RD_003927,CUST_002915,1769922612.9607258,2026-02-01T05:10:12.960726+00:00,0,0,1,1625.5,0.07908646579851289,1,0,0,train
RD_004808,CUST_000061,1769931871.5470843,2026-02-01T07:44:31.547084+00:00,0,0,1,2748.4,0.2033328500608125,1,0,0,train
RD_003850,CUST_000513,1769948109.8287847,2026-02-01T12:15:09.828785+00:00,0,0,2,3161.8,0.1925171760886435,3,0,0,train
RD_004212,CUST_002940,1769972700.8871598,2026-02-01T19:05:00.887160+00:00,0,0,1,3797.4,0.2667161868021733,1,0,0,train
RD_004213,CUST_001435,1769973817.161326,2026-02-01T19:23:37.161326+00:00,0,0,1,4100.1,0.1475882186911435,1,0,0,train
RD_000741,CUST_001463,1769974462.3159926,2026-02-01T19:34:22.315993+00:00,0,0,1,2577.7,0.12295188598364921,1,0,0,train
RD_003175,CUST_004251,1769992860.99545,2026-02-02T00:41:00.995450+00:00,0,0,1,27088.0,0.3768831142803795,1,0,0,train
RD_004962,CUST_000397,1769999732.03522,2026-02-02T02:35:32.035220+00:00,0,0,1,89.5,0.687417715133853,1,0,0,train
RD_005189,CUST_003208,1770005530.6155543,2026-02-02T04:12:10.615554+00:00,0,0,1,545.3,0.04810598109364576,1,0,0,train
RD_001563,CUST_000343,1770014791.4387813,2026-02-02T06:46:31.438781+00:00,0,0,1,95.7,0.25753714339303857,1,0,0,train
RD_002846,CUST_003102,1770042539.1356347,2026-02-02T14:28:59.135635+00:00,0,0,1,826.9,0.2578383559534329,1,0,0,train
RD_000011,CUST_000602,1770051318.1243317,2026-02-02T16:55:18.124332+00:00,0,0,1,10635.3,0.267205650885087,1,0,0,train
RD_001045,CUST_003045,1770062093.1161,2026-02-02T19:54:53.116100+00:00,0,0,1,142.8,0.3617441859089953,1,0,0,train
RD_001247,CUST_000648,1770070731.3172288,2026-02-02T22:18:51.317229+00:00,0,0,1,922.5,0.12567436826280814,1,0,0,train
RD_000903,CUST_003208,1770076537.5939145,2026-02-02T23:55:37.593915+00:00,0,0,1,294.5,0.17553319439811746,1,0,0,train
RD_000801,CUST_003309,1770079936.6005883,2026-02-03T00:52:16.600588+00:00,0,0,1,931.9,0.13843665294160748,1,0,0,train
RD_000748,CUST_000626,1770095395.7899318,2026-02-03T05:09:55.789932+00:00,0,0,1,4419.0,0.12197661264890435,1,0,0,train
RD_000775,CUST_001034,1770099086.6309648,2026-02-03T06:11:26.630965+00:00,0,0,1,1436.8,0.41032398877563697,1,0,0,train
RD_001079,CUST_001243,1770111054.0803254,2026-02-03T09:30:54.080325+00:00,0,0,1,11150.1,0.23743782800868135,33,0,0,train
RD_000415,CUST_000668,1770112332.333637,2026-02-03T09:52:12.333637+00:00,0,0,1,5316.0,0.08232916341731142,1,0,0,train
RD_000534,CUST_003734,1770121800.6971357,2026-02-03T12:30:00.697136+00:00,0,0,1,1412.2,0.04825307719377709,1,0,0,train
RD_004943,CUST_001801,1770124423.1021943,2026-02-03T13:13:43.102194+00:00,0,0,1,469.6,0.13891105144737007,1,0,0,train
RD_005031,CUST_000744,1770124818.0211415,2026-02-03T13:20:18.021142+00:00,0,0,1,1352.0,0.11957627775203956,1,0,0,train
RD_004091,CUST_000880,1770136705.3787756,2026-02-03T16:38:25.378776+00:00,0,0,1,3300.2,0.13173337043780892,1,0,0,train
RD_003456,CUST_003558,1770143918.816557,2026-02-03T18:38:38.816557+00:00,0,0,1,2428.9,0.06528291607898182,1,0,0,train
RD_000764,CUST_000689,1770145911.5918655,2026-02-03T19:11:51.591866+00:00,0,0,1,4257.8,0.1030469230001978,1,0,0,train
RD_000098,CUST_002370,1770150148.6037638,2026-02-03T20:22:28.603764+00:00,0,0,3,7634.1,0.025535984105979227,2,0,0,train
RD_001932,CUST_001719,1770174529.8348045,2026-02-04T03:08:49.834805+00:00,0,0,1,3200.4,0.3003984828709721,1,0,0,train
RD_000495,CUST_000456,1770180231.49943,2026-02-04T04:43:51.499430+00:00,0,0,1,9033.6,0.3152611337130055,1,0,0,train
RD_001749,CUST_002811,1770195323.2482102,2026-02-04T08:55:23.248210+00:00,0,0,1,15736.5,0.4319280707821174,1,0,0,train
RD_004054,CUST_002842,1770195965.1319246,2026-02-04T09:06:05.131925+00:00,0,0,1,6201.6,0.09190601052146326,1,0,0,train
RD_003134,CUST_002610,1770204349.712781,2026-02-04T11:25:49.712781+00:00,0,0,1,10131.5,0.1805775290542281,1,0,0,train
RD_004246,CUST_001662,1770209617.2627375,2026-02-04T12:53:37.262738+00:00,0,0,1,32130.8,0.01983445896238793,1,0,0,train
RD_005446,CUST_000399,1770229412.404261,2026-02-04T18:23:32.404261+00:00,0,0,1,4229.1,0.24231226371244854,1,0,0,train
RD_002940,CUST_000336,1770237225.1815772,2026-02-04T20:33:45.181577+00:00,0,0,1,143.4,0.183979225163153,1,0,0,train
RD_003495,CUST_001739,1770241806.8709135,2026-02-04T21:50:06.870914+00:00,0,0,1,32.8,0.0973357985695454,1,0,0,train
RD_003911,CUST_003182,1770256323.4937384,2026-02-05T01:52:03.493738+00:00,0,0,1,717.5,0.09570625644006939,1,0,0,train
RD_AB_00055_00,CUST_PA00055_00,1770280789.441351,2026-02-05T08:39:49.441351+00:00,0,0,1,14.4,0.67299406400786,3,0,1,train
RD_AB_00055_02,CUST_PA00055_02,1770281364.0548465,2026-02-05T11:24:43.773635+00:00,2,2,1,17.0,0.8291534923728818,3,1,1,train
RD_AB_00055_01,CUST_PA00055_01,1770284334.7524588,2026-02-05T09:50:01.572710+00:00,1,1,1,81.0,0.7008860721788134,3,1,1,train
RD_004186,CUST_002820,1770284448.7960947,2026-02-05T09:40:48.796095+00:00,0,0,1,2093.9,0.3362442480877754,1,0,0,train
RD_003679,CUST_002339,1770299466.9267745,2026-02-05T13:51:06.926775+00:00,0,0,1,268.5,0.19948253631680368,1,0,0,train
RD_003056,CUST_000076,1770321425.2455661,2026-02-05T19:57:05.245566+00:00,0,0,1,6663.4,0.3474557632404926,1,0,0,train
RD_AB_00077_00,CUST_PA00077_00,1770340535.839533,2026-02-06T01:15:35.839533+00:00,0,0,1,73.9,0.6756066881961722,5,0,1,train
RD_AB_00077_02,CUST_PA00077_02,1770340981.0845852,2026-02-06T01:18:49.422079+00:00,0,2,3,7.0,0.7613301828566713,5,0,1,train
RD_004207,CUST_001132,1770341263.1325796,2026-02-06T01:27:43.132580+00:00,0,0,1,3797.2,0.20402968304713562,1,0,0,train
RD_AB_00077_03,CUST_PA00077_03,1770342258.3873482,2026-02-06T02:48:55.538943+00:00,3,3,4,40.0,0.8177980107517302,5,0,1,train
RD_AB_00077_01,CUST_PA00077_01,1770343148.883244,2026-02-06T02:00:14.835143+00:00,1,1,2,33.9,0.49204972445550255,5,0,1,train
RD_AB_00077_04,CUST_PA00077_04,1770355558.7355704,2026-02-06T02:46:38.324151+00:00,4,4,5,68.5,0.7943895414164991,5,0,1,train
RD_002680,CUST_003309,1770391923.5854702,2026-02-06T15:32:03.585470+00:00,0,0,1,2545.3,0.17331239243763677,1,0,0,train
RD_000422,CUST_002820,1770393195.6903322,2026-02-06T15:53:15.690332+00:00,0,0,1,357.6,0.0044715837009474775,1,0,0,train
RD_000251,CUST_003741,1770399336.0283792,2026-02-06T17:35:36.028379+00:00,0,0,1,1636.5,0.08173105395791631,1,0,0,train
RD_003276,CUST_002935,1770411618.505154,2026-02-06T21:00:18.505154+00:00,0,0,1,1286.0,0.09349605453536346,1,0,0,train
RD_002444,CUST_001886,1770438491.2071168,2026-02-07T04:28:11.207117+00:00,0,0,1,54.6,0.0407827495649934,1,0,0,train
RD_000694,CUST_000615,1770439747.0641007,2026-02-07T04:49:07.064101+00:00,0,0,1,63990.4,0.02132321015123556,1,0,0,train
RD_004671,CUST_002531,1770457319.02075,2026-02-07T09:41:59.020750+00:00,0,0,1,22094.8,0.1695114152036166,1,0,0,train
RD_004961,CUST_000543,1770463308.1337583,2026-02-07T11:21:48.133758+00:00,0,0,1,2323.7,0.3660506041635107,1,0,0,train
RD_002535,CUST_000991,1770463518.6071541,2026-02-07T11:25:18.607154+00:00,0,0,1,3379.2,0.11035797637926933,1,0,0,train
RD_003139,CUST_001232,1770468209.331011,2026-02-07T12:43:29.331011+00:00,0,1,1,14480.7,0.10334860282344135,8,0,0,train
RD_005403,CUST_000336,1770476311.3285322,2026-02-07T14:58:31.328532+00:00,0,0,1,13478.0,0.2715513640305457,1,0,0,train
RD_003292,CUST_001255,1770479615.1282618,2026-02-07T15:53:35.128262+00:00,0,0,1,2508.8,0.26767438241189245,1,0,0,train
RD_005001,CUST_004125,1770486553.147508,2026-02-07T17:49:13.147508+00:00,1,0,3,12828.6,0.1313113488166708,4,0,0,train
RD_000121,CUST_000749,1770490095.7796566,2026-02-07T18:48:15.779657+00:00,0,0,1,2652.7,0.4350126480348689,1,0,0,train
RD_005307,CUST_001356,1770497867.7011275,2026-02-07T20:57:47.701128+00:00,0,0,2,2568.8,0.01864881787995074,4,0,0,train
RD_003653,CUST_001104,1770507262.1657789,2026-02-07T23:34:22.165779+00:00,0,0,1,6956.7,0.01786249423148419,1,0,0,train
RD_004577,CUST_001946,1770514018.6522157,2026-02-08T01:26:58.652216+00:00,0,0,1,8699.2,0.06267593215820137,1,0,0,train
RD_004444,CUST_004006,1770518024.2446012,2026-02-08T02:33:44.244601+00:00,0,0,1,12372.5,0.15186257999687525,1,0,0,train
RD_003757,CUST_002389,1770525734.9834502,2026-02-08T04:42:14.983450+00:00,0,0,1,4719.7,0.10816591335977205,1,0,0,train
RD_002341,CUST_002268,1770530286.222057,2026-02-08T05:58:06.222057+00:00,0,0,1,31882.1,0.16985040177234556,1,0,0,train
RD_003242,CUST_002340,1770540647.6820276,2026-02-08T08:50:47.682028+00:00,0,0,1,1103.6,0.3149984954459179,1,0,0,train
RD_000564,CUST_002486,1770549585.4503355,2026-02-08T11:19:45.450336+00:00,0,0,1,3106.9,0.2220475959628168,1,0,0,train
RD_004953,CUST_000584,1770555577.97872,2026-02-08T12:59:37.978720+00:00,0,0,1,7143.4,0.38077586628424426,1,0,0,train
RD_001452,CUST_003742,1770561567.9711552,2026-02-08T14:39:27.971155+00:00,0,0,1,2401.8,0.24506499658917885,1,0,0,train
RD_002858,CUST_002100,1770576372.4071016,2026-02-08T18:46:12.407102+00:00,0,2,1,22718.1,0.136671529583439,17,0,0,train
RD_000196,CUST_004148,1770578058.498247,2026-02-08T19:14:18.498247+00:00,0,0,1,711.4,0.35600225728012097,1,0,0,train
RD_005319,CUST_002133,1770585576.165985,2026-02-08T21:19:36.165985+00:00,0,0,1,1799.8,0.13582326228212968,1,0,0,train
RD_000821,CUST_004431,1770636656.0258229,2026-02-09T11:30:56.025823+00:00,0,0,1,243.2,0.05897006352080519,1,0,0,train
RD_003987,CUST_000749,1770650949.178161,2026-02-09T15:29:09.178161+00:00,0,0,1,1368.2,0.08190968985028994,1,0,0,train
RD_001153,CUST_003898,1770660591.8359914,2026-02-09T18:09:51.835991+00:00,0,0,1,52056.6,0.2713783705725895,1,0,0,train
RD_002594,CUST_001805,1770666408.7886899,2026-02-09T19:46:48.788690+00:00,0,0,1,4946.0,0.3935747836642228,1,0,0,train
RD_002068,CUST_003102,1770667210.691143,2026-02-09T20:00:10.691143+00:00,0,0,1,3033.9,0.3368011760759128,1,0,0,train
RD_001757,CUST_001957,1770677759.2708013,2026-02-09T22:55:59.270801+00:00,0,0,1,1552.6,0.19354724081842034,1,0,0,train
RD_000117,CUST_003769,1770679430.953444,2026-02-09T23:23:50.953444+00:00,0,0,1,2852.9,0.28896620198580864,1,0,0,train
RD_002189,CUST_003353,1770683732.2617395,2026-02-10T00:35:32.261739+00:00,0,0,1,18542.0,0.08576353616254609,1,0,0,train
RD_001250,CUST_000750,1770686746.7776482,2026-02-10T01:25:46.777648+00:00,0,0,1,449.1,0.053462887722611235,1,0,0,train
RD_AB_00057_00,CUST_PA00057_00,1770690317.6166058,2026-02-10T02:25:17.616606+00:00,0,0,1,7.6,0.749226581425251,4,0,1,train
RD_AB_00057_03,CUST_PA00057_03,1770693136.0847313,2026-02-10T06:16:27.851715+00:00,3,3,4,96.0,0.6043560628692769,4,1,1,train
RD_AB_00057_01,CUST_PA00057_01,1770694337.5156446,2026-02-10T02:58:53.097200+00:00,0,1,1,3.8,0.5421172102111167,4,1,1,train
RD_AB_00057_02,CUST_PA00057_02,1770696724.190661,2026-02-10T04:24:56.728070+00:00,2,2,3,32.4,0.8431068342523217,4,1,1,train
RD_002001,CUST_000172,1770698286.2970023,2026-02-10T04:38:06.297002+00:00,0,1,1,2102.5,0.09324041407016313,36,0,0,train
RD_002498,CUST_004072,1770736474.0675602,2026-02-10T15:14:34.067560+00:00,1,0,2,350.3,0.5913957303261509,2,0,0,train
RD_004735,CUST_001356,1770755645.3808017,2026-02-10T20:34:05.380802+00:00,1,0,1,33.3,0.13288433568672442,3,0,0,train
RD_000818,CUST_003121,1770756817.6122148,2026-02-10T20:53:37.612215+00:00,0,0,1,2618.8,0.10508744221826477,1,0,0,train
RD_000850,CUST_000336,1770758702.9279504,2026-02-10T21:25:02.927950+00:00,0,0,1,8802.2,0.17894113760826358,1,0,0,train
RD_004923,CUST_001693,1770767433.0885143,2026-02-10T23:50:33.088514+00:00,0,0,1,1222.9,0.17287749349157513,1,0,0,train
RD_003445,CUST_000305,1770770308.4743595,2026-02-11T00:38:28.474360+00:00,0,0,1,4862.9,0.34879674016264983,2,0,0,train
RD_003453,CUST_001259,1770780063.0225043,2026-02-11T03:21:03.022504+00:00,0,0,1,928.8,0.38034779572293015,1,0,0,train
RD_002836,CUST_004073,1770783712.929079,2026-02-11T04:21:52.929079+00:00,0,0,1,4943.3,0.3578790057375403,1,0,0,train
RD_000722,CUST_001376,1770792099.8915148,2026-02-11T06:41:39.891515+00:00,0,0,1,695.4,0.02276322180038377,1,0,0,train
RD_000862,CUST_000107,1770819300.9819765,2026-02-11T14:15:00.981977+00:00,0,0,1,39280.4,0.3413532846586042,1,0,0,train
RD_000897,CUST_000252,1770825017.0937254,2026-02-11T15:50:17.093725+00:00,0,0,1,2697.5,0.3491143324283249,1,0,0,train
RD_002485,CUST_001120,1770829634.6398954,2026-02-11T17:07:14.639895+00:00,0,0,1,606.5,0.14497642074112524,3,0,0,train
RD_003622,CUST_000721,1770837530.2220864,2026-02-11T19:18:50.222086+00:00,0,0,1,3593.1,0.14873242600306477,38,0,0,train
RD_001943,CUST_002100,1770859294.8527582,2026-02-12T01:21:34.852758+00:00,0,1,1,2648.3,0.1100604970780667,40,0,0,train
RD_005057,CUST_002736,1770860125.3714738,2026-02-12T01:35:25.371474+00:00,0,0,1,1002.2,0.27932199703011107,1,0,0,train
RD_002343,CUST_001132,1770860140.0616791,2026-02-12T01:35:40.061679+00:00,0,0,1,4145.1,0.01238473171134176,1,0,0,train
RD_002235,CUST_002339,1770863264.5036728,2026-02-12T02:27:44.503673+00:00,0,0,1,1132.0,0.08560688002483126,1,0,0,train
RD_003619,CUST_002915,1770886435.6920354,2026-02-12T08:53:55.692035+00:00,0,0,1,2435.3,0.024152714667482013,1,0,0,train
RD_002812,CUST_002340,1770888140.852215,2026-02-12T09:22:20.852215+00:00,0,0,1,3961.6,0.04305171134071204,1,0,0,train
RD_003545,CUST_000602,1770896904.3329918,2026-02-12T11:48:24.332992+00:00,0,0,1,157.9,0.2823939394784665,1,0,0,train
RD_002853,CUST_003353,1770904602.5529022,2026-02-12T13:56:42.552902+00:00,0,0,1,17100.2,0.10773106973493321,1,0,0,train
RD_001742,CUST_000425,1770928218.9311705,2026-02-12T20:30:18.931170+00:00,0,0,1,3969.5,0.6437784130793032,1,0,0,train
RD_002126,CUST_000865,1770933873.9203603,2026-02-12T22:04:33.920360+00:00,0,0,1,2872.4,0.3940750432289542,1,0,0,train
RD_000211,CUST_004544,1770943138.6861882,2026-02-13T00:38:58.686188+00:00,0,2,1,19178.5,0.04296237608080611,21,0,0,train
RD_004494,CUST_001068,1770959081.89231,2026-02-13T05:04:41.892310+00:00,0,0,1,221.9,0.33129441654019626,32,0,0,train
RD_001504,CUST_000650,1770962221.0941153,2026-02-13T05:57:01.094115+00:00,0,0,1,10225.7,0.25473527569295507,1,0,0,train
RD_002403,CUST_003153,1770966882.438077,2026-02-13T07:14:42.438077+00:00,0,0,1,835.5,0.4828399089673459,1,0,0,train
RD_002917,CUST_003558,1770976619.346403,2026-02-13T09:56:59.346403+00:00,0,0,1,2195.7,0.09857950125883125,1,0,0,train
RD_004747,CUST_001886,1770980713.913926,2026-02-13T11:05:13.913926+00:00,0,0,1,13520.7,0.19372927748656166,1,0,0,train
RD_001746,CUST_000167,1770988219.633442,2026-02-13T13:10:19.633442+00:00,0,0,1,8658.8,0.13212248648974656,1,0,0,train
RD_002031,CUST_002100,1770994644.4828448,2026-02-13T14:57:24.482845+00:00,0,1,1,9596.1,0.1507758234831756,17,0,0,train
RD_003536,CUST_003742,1771000384.4822352,2026-02-13T16:33:04.482235+00:00,0,0,1,473.1,0.07403300267967595,1,0,0,train
RD_003997,CUST_003634,1771001006.3860545,2026-02-13T16:43:26.386055+00:00,0,0,1,715.3,0.5511544132131314,1,0,0,train
RD_002658,CUST_000790,1771019387.6528022,2026-02-13T21:49:47.652802+00:00,0,0,1,4130.7,0.25590006796519044,1,0,0,train
RD_002648,CUST_002443,1771026080.04793,2026-02-13T23:41:20.047930+00:00,0,0,1,67459.8,0.3982618185943409,1,0,0,train
RD_003300,CUST_003135,1771037639.6488044,2026-02-14T02:53:59.648804+00:00,0,0,1,5128.8,0.19946363754029528,1,0,0,train
RD_004910,CUST_002989,1771070522.5529647,2026-02-14T12:02:02.552965+00:00,0,0,1,21245.8,0.20450525175931064,1,0,0,train
RD_001145,CUST_003011,1771087669.2457137,2026-02-14T16:47:49.245714+00:00,0,0,1,8136.1,0.09843372681027278,1,0,0,train
RD_000696,CUST_004380,1771088131.254461,2026-02-14T16:55:31.254461+00:00,0,0,1,10244.9,0.2568889918174034,1,0,0,train
RD_005492,CUST_003120,1771104648.1484656,2026-02-14T21:30:48.148466+00:00,0,0,1,2667.3,0.07262438623910822,1,0,0,train
RD_002875,CUST_001104,1771107998.8145306,2026-02-14T22:26:38.814531+00:00,0,0,1,5726.4,0.01320122634093705,1,0,0,train
RD_000019,CUST_004169,1771109848.0384085,2026-02-14T22:57:28.038409+00:00,0,0,1,605.4,0.07660778259505917,1,0,0,train
RD_002047,CUST_004502,1771116178.7816975,2026-02-15T00:42:58.781698+00:00,0,0,1,642.9,0.15314139875880883,1,0,0,train
RD_004878,CUST_003321,1771116318.2415562,2026-02-15T00:45:18.241556+00:00,0,0,1,3516.9,0.43274744380664143,1,0,0,train
RD_000172,CUST_001805,1771121584.1309872,2026-02-15T02:13:04.130987+00:00,0,0,1,1751.2,0.15181810776913118,1,0,0,train
RD_005302,CUST_003531,1771122712.443178,2026-02-15T02:31:52.443178+00:00,0,0,1,531.1,0.1603323758559666,1,0,0,train
RD_002907,CUST_002256,1771130005.7656167,2026-02-15T04:33:25.765617+00:00,0,0,1,1146.6,0.2919063257472742,4,0,0,train
RD_000508,CUST_002268,1771153174.4806201,2026-02-15T10:59:34.480620+00:00,0,0,1,714.5,0.4109585257179126,1,0,0,train
RD_002972,CUST_004338,1771155561.6205761,2026-02-15T11:39:21.620576+00:00,0,0,1,4014.3,0.2051431683855374,1,0,0,train
RD_003390,CUST_003121,1771158964.0012069,2026-02-15T12:36:04.001207+00:00,0,0,1,2307.0,0.07492686281633244,1,0,0,train
RD_004652,CUST_000626,1771176533.2479236,2026-02-15T17:28:53.247924+00:00,0,0,1,615.7,0.4233765375411982,1,0,0,train
RD_000125,CUST_000788,1771180928.595188,2026-02-15T18:42:08.595188+00:00,0,0,1,2313.5,0.22441950168242414,1,0,0,train
RD_000799,CUST_000485,1771183316.3365786,2026-02-15T19:21:56.336579+00:00,0,0,1,774.7,0.15052551528614666,1,0,0,train
RD_001242,CUST_002172,1771189636.9305344,2026-02-15T21:07:16.930534+00:00,0,0,1,21107.0,0.17517808788075045,1,0,0,train
RD_001986,CUST_000863,1771191851.7535179,2026-02-15T21:44:11.753518+00:00,0,0,1,478.5,0.38770583293221267,1,0,0,train
RD_004267,CUST_001094,1771192872.485439,2026-02-15T22:01:12.485439+00:00,0,0,1,87.2,0.31461944209978243,1,0,0,train
RD_001890,CUST_003541,1771196316.7850266,2026-02-15T22:58:36.785027+00:00,0,0,1,40273.0,0.5156994638688742,1,0,0,train
RD_002696,CUST_000460,1771202850.966978,2026-02-16T00:47:30.966978+00:00,0,0,1,657.8,0.09502927782085885,18,0,0,train
RD_000838,CUST_003820,1771205547.185772,2026-02-16T01:32:27.185772+00:00,0,0,1,2132.3,0.415943005927517,1,0,0,train
RD_004770,CUST_001463,1771227462.2884107,2026-02-16T07:37:42.288411+00:00,0,0,1,11431.8,0.2912712318153051,1,0,0,train
RD_004723,CUST_003734,1771228638.7610059,2026-02-16T07:57:18.761006+00:00,0,0,1,809.6,0.35517938448365527,1,0,0,train
RD_003369,CUST_000991,1771232530.8373682,2026-02-16T09:02:10.837368+00:00,0,0,1,7641.4,0.1790647176380661,1,0,0,train
RD_002643,CUST_000831,1771232663.7414422,2026-02-16T09:04:23.741442+00:00,0,0,1,847.9,0.23917233344847225,1,0,0,train
RD_002600,CUST_000618,1771233213.7411659,2026-02-16T09:13:33.741166+00:00,1,0,2,4242.1,0.31470345521050314,3,0,0,train
RD_AB_00076_00,CUST_PA00076_00,1771233480.8799334,2026-02-16T09:18:00.879933+00:00,0,0,1,46.4,0.6836522090714274,8,0,1,train
RD_AB_00076_02,CUST_PA00076_02,1771234394.2579682,2026-02-16T09:44:07.531777+00:00,2,2,1,112.6,0.326895898119321,8,0,1,train
RD_AB_00076_01,CUST_PA00076_01,1771234672.5828974,2026-02-16T10:35:10.844915+00:00,1,1,2,132.7,0.5654631063154669,8,0,1,train
RD_AB_00076_03,CUST_PA00076_03,1771235661.9889371,2026-02-16T11:36:08.680837+00:00,3,3,4,11.7,0.2664744855807866,8,0,1,train
RD_004012,CUST_003640,1771242265.3987575,2026-02-16T11:44:25.398757+00:00,0,0,1,1772.8,0.17253172653234614,1,0,0,train
RD_AB_00076_04,CUST_PA00076_04,1771249523.9589972,2026-02-16T14:06:53.544579+00:00,4,4,5,22.0,0.6486328935439029,8,0,1,train
RD_001328,CUST_002438,1771250715.3600826,2026-02-16T14:05:15.360083+00:00,0,0,1,3473.5,0.1547026461609074,1,0,0,train
RD_AB_00076_07,CUST_PA00076_07,1771251489.80432,2026-02-16T16:45:24.929559+00:00,7,7,8,190.5,0.9434819639361928,8,0,1,train
RD_AB_00076_06,CUST_PA00076_06,1771254087.7053792,2026-02-16T17:28:44.495605+00:00,0,6,7,15.6,0.8926125843814348,8,0,1,train
RD_AB_00076_05,CUST_PA00076_05,1771258080.2965872,2026-02-16T10:27:44.420283+00:00,5,5,6,32.4,0.6452138712912604,8,0,1,train
RD_000147,CUST_000831,1771258951.4075937,2026-02-16T16:22:31.407594+00:00,0,0,1,1026.8,0.4578489270974088,1,0,0,train
RD_005101,CUST_003182,1771267053.3826694,2026-02-16T18:37:33.382669+00:00,0,0,1,2974.6,0.17553843702253016,1,0,0,train
RD_003363,CUST_001295,1771271274.5508053,2026-02-16T19:47:54.550805+00:00,0,0,1,162.7,0.2533678726270504,1,0,0,train
RD_000707,CUST_003296,1771273702.680744,2026-02-16T20:28:22.680744+00:00,0,0,1,12193.4,0.13259198233659059,12,0,0,train
RD_003979,CUST_002184,1771285049.669845,2026-02-16T23:37:29.669845+00:00,0,0,1,2586.5,0.08063733055134634,1,0,0,train
RD_001485,CUST_001807,1771291160.1011584,2026-02-17T01:19:20.101158+00:00,0,0,1,6103.7,0.4774021179967656,1,0,0,train
RD_002865,CUST_001148,1771297247.7125723,2026-02-17T03:00:47.712572+00:00,0,0,1,14403.9,0.2925626864484461,1,0,0,train
RD_AB_00004_00,CUST_PA00004_00,1771298661.5774615,2026-02-17T03:24:21.577461+00:00,0,0,1,13.5,0.7374430128488028,7,0,1,train
RD_AB_00004_03,CUST_PA00004_03,1771299446.845058,2026-02-17T05:52:29.852232+00:00,3,3,4,9.2,0.9983316922315699,7,0,1,train
RD_AB_00004_01,CUST_PA00004_01,1771301253.757247,2026-02-17T03:48:57.408389+00:00,1,1,1,47.0,0.6607629576763061,7,0,1,train
RD_AB_00004_02,CUST_PA00004_02,1771306439.6434314,2026-02-17T06:09:52.064506+00:00,0,2,3,61.7,0.9418719385276907,7,0,1,train
RD_AB_00004_06,CUST_PA00004_06,1771307400.3811164,2026-02-17T08:55:36.153815+00:00,6,6,7,86.6,0.5032657092600555,7,0,1,train
RD_AB_00004_05,CUST_PA00004_05,1771310270.3333807,2026-02-17T04:57:34.773214+00:00,5,5,6,30.0,0.820685194453594,7,0,1,train
RD_AB_00004_04,CUST_PA00004_04,1771311307.824383,2026-02-17T06:59:26.549003+00:00,4,4,5,65.7,0.5977579543272779,7,0,1,train
RD_005009,CUST_000892,1771313074.5190258,2026-02-17T07:24:34.519026+00:00,0,0,1,192.8,0.13719598144046455,1,0,0,train
RD_001281,CUST_003296,1771313170.10816,2026-02-17T07:26:10.108160+00:00,0,0,1,1310.4,0.14506331433989272,39,0,0,train
RD_000144,CUST_000831,1771313491.1377857,2026-02-17T07:31:31.137786+00:00,0,0,1,2347.8,0.23487130359501945,1,0,0,train
RD_AB_00006_00,CUST_PA00006_00,1771323870.1561425,2026-02-17T10:24:30.156142+00:00,0,0,1,21.2,0.6507945581632547,8,0,1,train
RD_AB_00006_02,CUST_PA00006_02,1771325845.6738045,2026-02-17T11:10:09.031985+00:00,0,2,3,11.9,0.7900783591478315,8,1,1,train
RD_AB_00006_01,CUST_PA00006_01,1771327791.116151,2026-02-17T11:06:07.649665+00:00,1,1,2,19.3,0.7437946357162211,8,1,1,train
RD_AB_00006_05,CUST_PA00006_05,1771332144.3333294,2026-02-17T14:46:49.055057+00:00,5,5,1,36.5,0.6907118358900014,8,1,1,train
RD_AB_00006_03,CUST_PA00006_03,1771335575.1176436,2026-02-17T10:29:33.685297+00:00,3,3,4,39.8,0.8244304506093942,8,1,1,train
RD_001101,CUST_001808,1771339933.9417226,2026-02-17T14:52:13.941723+00:00,0,0,1,4462.2,0.24505386823385486,1,0,0,train
RD_AB_00006_04,CUST_PA00006_04,1771342498.764015,2026-02-17T15:29:58.188268+00:00,0,4,5,48.5,0.5883645585865983,8,1,1,train
RD_AB_00006_07,CUST_PA00006_07,1771343626.1989307,2026-02-17T14:52:12.045403+00:00,7,7,8,62.5,0.6512402242146524,8,1,1,train
RD_AB_00006_06,CUST_PA00006_06,1771354809.644448,2026-02-17T10:50:18.849643+00:00,6,6,7,20.5,0.9064707266721981,8,1,1,train
RD_AB_00048_00,CUST_PA00048_00,1771358019.2328448,2026-02-17T19:53:39.232845+00:00,0,0,1,17.0,0.8467424368488431,5,0,1,train
RD_AB_00048_01,CUST_PA00048_01,1771361679.5941875,2026-02-17T20:20:06.912556+00:00,1,1,2,34.8,0.7421441415702545,5,0,1,train
RD_000128,CUST_004380,1771363154.0157003,2026-02-17T21:19:14.015700+00:00,0,0,1,40563.8,0.03423190386679333,1,0,0,train
RD_003951,CUST_003634,1771363772.0708957,2026-02-17T21:29:32.070896+00:00,0,0,1,322.3,0.27880566543416063,1,0,0,train
RD_AB_00048_02,CUST_PA00048_02,1771366451.5046582,2026-02-17T21:56:01.195746+00:00,2,2,3,19.4,0.8151088100440605,5,0,1,train
RD_AB_00048_04,CUST_PA00048_04,1771368444.526911,2026-02-17T21:31:13.810103+00:00,4,4,5,2.1,0.8432421330278789,5,0,1,train
RD_AB_00048_03,CUST_PA00048_03,1771370413.9768193,2026-02-17T22:34:23.442951+00:00,3,3,1,11.9,0.5876148173435147,5,0,1,train
RD_002182,CUST_000519,1771374555.2735195,2026-02-18T00:29:15.273520+00:00,0,0,1,3655.3,0.22610522282636006,1,0,0,train
RD_004826,CUST_001082,1771378560.3877912,2026-02-18T01:36:00.387791+00:00,0,0,1,448.4,0.17987895791346417,1,0,0,train
RD_000581,CUST_003011,1771388475.7228937,2026-02-18T04:21:15.722894+00:00,0,0,1,1463.8,0.14820349403288302,1,0,0,train
RD_001015,CUST_000081,1771390333.119048,2026-02-18T04:52:13.119048+00:00,0,0,1,170.9,0.51940805661668,1,0,0,train
RD_000563,CUST_004544,1771396428.8255787,2026-02-18T06:33:48.825579+00:00,0,2,1,5566.1,0.04304524476899555,33,0,0,train
RD_001547,CUST_001034,1771416281.7561579,2026-02-18T12:04:41.756158+00:00,0,0,1,1659.5,0.44161345314344086,1,0,0,train
RD_000879,CUST_003673,1771421152.2285988,2026-02-18T13:25:52.228599+00:00,0,0,1,189.5,0.1387029005622024,1,0,0,train
RD_001037,CUST_001744,1771425991.9976327,2026-02-18T14:46:31.997633+00:00,0,0,1,767.1,0.07740611710036387,1,0,0,train
RD_001180,CUST_001068,1771433200.0075603,2026-02-18T16:46:40.007560+00:00,0,0,1,4188.8,0.20130216482993965,29,0,0,train
RD_004796,CUST_000081,1771435823.6022906,2026-02-18T17:30:23.602291+00:00,0,0,1,2188.9,0.032877846780851774,1,0,0,train
RD_004554,CUST_003531,1771442765.4346719,2026-02-18T19:26:05.434672+00:00,0,0,1,225.8,0.21307480857753394,1,0,0,train
RD_004994,CUST_003904,1771454835.626115,2026-02-18T22:47:15.626115+00:00,0,0,1,3290.0,0.20249006224605537,1,0,0,train
RD_000627,CUST_000666,1771469201.3437572,2026-02-19T02:46:41.343757+00:00,1,0,3,222.6,0.29018570625372714,3,0,0,train
RD_003399,CUST_002503,1771475175.1472826,2026-02-19T04:26:15.147283+00:00,0,1,1,10168.8,0.08186557274587229,29,0,0,train
RD_004600,CUST_001104,1771487955.1144948,2026-02-19T07:59:15.114495+00:00,0,0,1,3337.1,0.4055759196894293,1,0,0,train
RD_003331,CUST_002645,1771491159.8081293,2026-02-19T08:52:39.808129+00:00,0,0,3,8232.4,0.13018815020131355,4,0,0,train
RD_000109,CUST_004135,1771493538.8658068,2026-02-19T09:32:18.865807+00:00,0,0,1,2344.6,0.14108086007806223,1,0,0,train
RD_000554,CUST_002645,1771493634.5666575,2026-02-19T09:33:54.566658+00:00,0,0,2,136706.6,0.16053326748094546,4,0,0,train
RD_AB_00017_00,CUST_PA00017_00,1771520677.6229658,2026-02-19T17:04:37.622966+00:00,0,0,1,20.8,0.9259371564280382,5,0,1,train
RD_AB_00017_02,CUST_PA00017_02,1771521204.3790727,2026-02-19T19:15:56.801512+00:00,0,2,1,24.4,0.8601983308295741,5,0,1,train
RD_000386,CUST_000172,1771521212.1054754,2026-02-19T17:13:32.105475+00:00,0,0,1,4760.2,0.09977658546065407,23,0,0,train
RD_AB_00017_01,CUST_PA00017_01,1771523831.6078143,2026-02-19T17:14:25.427351+00:00,1,1,2,5.4,0.7452687209582678,5,0,1,train
RD_AB_00017_03,CUST_PA00017_03,1771526719.7572107,2026-02-19T19:10:32.016605+00:00,3,3,4,6.5,0.5071679180982178,5,0,1,train
RD_000841,CUST_003364,1771528373.7859886,2026-02-19T19:12:53.785989+00:00,0,0,1,3819.1,0.0919320360923093,1,0,0,train
RD_005238,CUST_003558,1771537674.8165073,2026-02-19T21:47:54.816507+00:00,0,0,1,9764.9,0.3429982046411181,1,0,0,train
RD_AB_00017_04,CUST_PA00017_04,1771542014.2291675,2026-02-19T18:35:42.610165+00:00,4,4,1,50.2,0.7672585759682778,5,0,1,train
RD_AB_00052_00,CUST_PA00052_00,1771542723.8800979,2026-02-19T23:12:03.880098+00:00,0,0,1,288.9,0.5013091385371385,8,0,1,train
RD_AB_00052_01,CUST_PA00052_01,1771548043.1139047,2026-02-19T23:56:42.386378+00:00,0,1,2,17.1,0.515789930061492,8,1,1,train
RD_AB_00052_02,CUST_PA00052_02,1771550307.3730245,2026-02-20T02:11:29.035732+00:00,2,2,3,107.8,0.9194046742576343,8,1,1,train
RD_AB_00052_03,CUST_PA00052_03,1771551268.953549,2026-02-20T01:33:38.037637+00:00,3,3,1,20.5,0.6849423261999887,8,1,1,train
RD_005127,CUST_003905,1771553445.2488673,2026-02-20T02:10:45.248867+00:00,0,0,1,7457.6,0.23408680446967414,1,0,0,train
RD_AB_00009_00,CUST_PA00009_00,1771554307.4184358,2026-02-20T02:25:07.418436+00:00,0,0,1,28.9,0.5632108380798987,4,0,1,train
RD_AB_00009_01,CUST_PA00009_01,1771554595.3554056,2026-02-20T03:37:09.628830+00:00,1,1,2,88.9,0.6133954927113667,4,1,1,train
RD_AB_00052_05,CUST_PA00052_05,1771555559.6190717,2026-02-20T00:27:46.559738+00:00,5,5,6,10.0,0.9763598413092283,8,1,1,train
RD_AB_00052_06,CUST_PA00052_06,1771555722.3983095,2026-02-20T05:29:53.060399+00:00,0,6,7,53.8,0.6399525663174124,8,1,1,train
RD_AB_00052_04,CUST_PA00052_04,1771558504.353405,2026-02-20T03:32:58.764233+00:00,4,4,5,77.6,0.8929766524689292,8,1,1,train
RD_AB_00009_03,CUST_PA00009_03,1771561707.1094632,2026-02-20T04:04:11.988740+00:00,3,3,4,65.0,0.5618629977949359,4,1,1,train
RD_AB_00009_02,CUST_PA00009_02,1771562515.167465,2026-02-20T04:33:21.630186+00:00,0,2,3,7.3,0.9272852395420857,4,1,1,train
RD_AB_00052_07,CUST_PA00052_07,1771563187.7157817,2026-02-20T01:34:59.969470+00:00,7,7,8,49.4,0.8149015863394559,8,1,1,train
RD_000610,CUST_002062,1771572721.8601506,2026-02-20T07:32:01.860151+00:00,0,0,3,5742.6,0.1331389500110616,2,0,0,train
RD_003690,CUST_003195,1771595748.6079028,2026-02-20T13:55:48.607903+00:00,0,0,1,3650.7,0.12329443495800538,1,0,0,train
RD_AB_00000_00,CUST_PA00000_00,1771596581.7471035,2026-02-20T14:09:41.747103+00:00,0,0,1,32.1,0.5487900504408734,7,0,1,train
RD_AB_00000_01,CUST_PA00000_01,1771598131.431574,2026-02-20T15:03:42.869090+00:00,1,1,2,24.1,0.7595994236716194,7,1,1,train
RD_AB_00000_06,CUST_PA00000_06,1771599437.5447872,2026-02-20T19:29:23.574185+00:00,6,6,7,154.5,0.517915240449322,7,1,1,train
RD_AB_00000_04,CUST_PA00000_04,1771602617.0805151,2026-02-20T14:54:22.170418+00:00,4,4,5,25.7,0.3438394291105723,7,1,1,train
RD_AB_00000_02,CUST_PA00000_02,1771607091.351988,2026-02-20T14:25:32.432591+00:00,2,2,1,63.5,0.9632222239332517,7,1,1,train
RD_AB_00000_03,CUST_PA00000_03,1771611188.5213456,2026-02-20T17:02:55.580826+00:00,3,3,4,46.4,0.42796813861764793,7,1,1,train
RD_004815,CUST_003134,1771615529.6577399,2026-02-20T19:25:29.657740+00:00,1,0,2,2362.2,0.11365234597894243,3,0,0,train
RD_AB_00000_05,CUST_PA00000_05,1771618157.3238976,2026-02-20T21:03:58.089193+00:00,5,5,6,20.5,0.41441806221972716,7,1,1,train
RD_000718,CUST_002557,1771620833.4897366,2026-02-20T20:53:53.489737+00:00,0,0,1,376.7,0.1601765163547957,1,0,0,train
RD_001324,CUST_002939,1771639952.7469313,2026-02-21T02:12:32.746931+00:00,1,0,1,16664.4,0.24982383261302932,2,0,0,train
RD_004114,CUST_000999,1771644388.368762,2026-02-21T03:26:28.368762+00:00,0,0,1,6257.0,0.06765402542880936,1,0,0,train
RD_003648,CUST_003748,1771649152.1950302,2026-02-21T04:45:52.195030+00:00,0,0,1,2614.5,0.1427876043615842,1,0,0,train
RD_000403,CUST_002932,1771650494.5691233,2026-02-21T05:08:14.569123+00:00,0,0,1,462.9,0.2885547425154338,1,0,0,train
RD_000650,CUST_001243,1771656445.8134565,2026-02-21T06:47:25.813457+00:00,0,0,1,3137.8,0.3023259644386357,12,0,0,train
RD_003888,CUST_002091,1771662838.9163468,2026-02-21T08:33:58.916347+00:00,1,0,1,26162.7,0.09400666714492677,4,0,0,train
RD_001522,CUST_003891,1771667369.1434348,2026-02-21T09:49:29.143435+00:00,0,0,1,1540.1,0.24083175915673372,1,0,0,train
RD_001475,CUST_001094,1771667663.8005862,2026-02-21T09:54:23.800586+00:00,0,0,1,11010.0,0.1321317121073054,1,0,0,train
RD_002894,CUST_003961,1771670335.308329,2026-02-21T10:38:55.308329+00:00,0,0,1,3868.8,0.22765745204434618,1,0,0,train
RD_003560,CUST_003619,1771671224.6495342,2026-02-21T10:53:44.649534+00:00,0,0,1,1409.7,0.40423689944681485,1,0,0,train
RD_003196,CUST_003541,1771694372.943978,2026-02-21T17:19:32.943978+00:00,0,0,1,305.6,0.2861415014814067,1,0,0,train
RD_004448,CUST_000503,1771697080.6836202,2026-02-21T18:04:40.683620+00:00,0,0,2,2501.5,0.23526680905691238,3,0,0,train
RD_001668,CUST_003349,1771702998.3561,2026-02-21T19:43:18.356100+00:00,0,1,1,258.4,0.2703532747599623,23,0,0,train
RD_002652,CUST_003498,1771706595.9736254,2026-02-21T20:43:15.973625+00:00,0,0,3,1278.7,0.12635938351596007,2,0,0,train
RD_001555,CUST_000076,1771721613.764469,2026-02-22T00:53:33.764469+00:00,0,0,1,14617.5,0.11057905482683587,1,0,0,train
RD_003351,CUST_003182,1771726451.317238,2026-02-22T02:14:11.317238+00:00,0,0,1,16655.0,0.06285613696143348,1,0,0,train
RD_000070,CUST_002811,1771732329.7151392,2026-02-22T03:52:09.715139+00:00,0,0,1,2070.6,0.2724656132144916,1,0,0,train
RD_003216,CUST_003566,1771737892.2406223,2026-02-22T05:24:52.240622+00:00,0,0,1,356.4,0.11009929114208679,1,0,0,train
RD_001023,CUST_003135,1771745687.5310016,2026-02-22T07:34:47.531002+00:00,0,0,1,3316.0,0.3512049326512225,1,0,0,train
RD_001923,CUST_000523,1771757647.4561064,2026-02-22T10:54:07.456106+00:00,0,0,1,11361.7,0.1435223302189795,1,0,0,train
RD_003623,CUST_004073,1771762294.0341146,2026-02-22T12:11:34.034115+00:00,0,0,1,5352.8,0.05445657960163716,1,0,0,train
RD_004798,CUST_002938,1771792789.7810655,2026-02-22T20:39:49.781065+00:00,0,0,1,1266.0,0.2314785060912762,1,0,0,train
RD_004432,CUST_003045,1771809101.4505703,2026-02-23T01:11:41.450570+00:00,0,0,1,411.9,0.1176241336324501,1,0,0,train
RD_003215,CUST_003619,1771809382.569518,2026-02-23T01:16:22.569518+00:00,0,0,1,9276.7,0.15741526775014483,1,0,0,train
RD_005251,CUST_004007,1771817946.6691983,2026-02-23T03:39:06.669198+00:00,0,0,1,523.8,0.31730573047847505,1,0,0,train
RD_003548,CUST_002081,1771820621.7551653,2026-02-23T04:23:41.755165+00:00,0,0,1,1220.5,0.19269378383753297,1,0,0,train
RD_000758,CUST_003531,1771822106.2955081,2026-02-23T04:48:26.295508+00:00,0,0,1,1310.8,0.22594984629745857,1,0,0,train
RD_001489,CUST_003753,1771837144.2008333,2026-02-23T08:59:04.200833+00:00,0,0,1,519.4,0.026893630064891105,1,0,0,train
RD_001422,CUST_001414,1771840965.9147525,2026-02-23T10:02:45.914752+00:00,0,0,1,5966.8,0.1290228151552083,1,0,0,train
RD_002947,CUST_000790,1771851679.9652824,2026-02-23T13:01:19.965282+00:00,0,0,1,12432.0,0.5529687400485678,1,0,0,train
RD_002750,CUST_000252,1771853894.7441266,2026-02-23T13:38:14.744127+00:00,0,0,1,72.0,0.028770476551507308,1,0,0,train
RD_004018,CUST_004281,1771894994.2631075,2026-02-24T01:03:14.263108+00:00,0,0,1,946.1,0.1540388094358596,1,0,0,train
RD_003125,CUST_004448,1771907746.2799609,2026-02-24T04:35:46.279961+00:00,0,0,1,516.5,0.04684986506607319,1,0,0,train
RD_004464,CUST_004040,1771914235.1075804,2026-02-24T06:23:55.107580+00:00,0,0,1,14356.6,0.03715060093232959,1,0,0,train
RD_003422,CUST_003566,1771919619.213418,2026-02-24T07:53:39.213418+00:00,0,0,1,2361.8,0.19745528395010598,1,0,0,train
RD_001955,CUST_001068,1771938135.8311734,2026-02-24T13:02:15.831173+00:00,0,2,1,244.2,0.12144337665542444,10,0,0,train
RD_001272,CUST_001034,1771941388.661924,2026-02-24T13:56:28.661924+00:00,0,0,1,3157.5,0.405918353873134,1,0,0,train
RD_002589,CUST_001148,1771943024.6709802,2026-02-24T14:23:44.670980+00:00,0,0,1,120.3,0.3627097713271994,1,0,0,train
RD_004807,CUST_003634,1771950435.7776177,2026-02-24T16:27:15.777618+00:00,0,0,1,1386.1,0.012559533438038327,1,0,0,train
RD_001809,CUST_001356,1771963390.369622,2026-02-24T20:03:10.369622+00:00,1,0,3,1850.1,0.35556062390838283,4,0,0,train
RD_001078,CUST_002997,1771984019.2656803,2026-02-25T01:46:59.265680+00:00,0,0,1,7012.7,0.40456474039501117,1,0,0,train
RD_002093,CUST_003978,1772002186.2901726,2026-02-25T06:49:46.290173+00:00,0,0,1,427.1,0.017064408118032108,1,0,0,train
RD_004595,CUST_003208,1772005860.7330751,2026-02-25T07:51:00.733075+00:00,0,0,1,2448.8,0.2309476036672287,1,0,0,train
RD_002602,CUST_003062,1772007289.4847631,2026-02-25T08:14:49.484763+00:00,0,0,1,1955.2,0.10218079721627235,1,0,0,train
RD_000338,CUST_001303,1772014534.2218106,2026-02-25T10:15:34.221811+00:00,0,0,1,3627.2,0.10443562407499717,1,0,0,train
RD_002908,CUST_000172,1772026700.4061604,2026-02-25T13:38:20.406160+00:00,0,1,1,3911.0,0.18399765261992057,37,0,0,train
RD_002774,CUST_002370,1772035860.3089669,2026-02-25T16:11:00.308967+00:00,1,0,2,1933.4,0.33930895661514904,3,0,0,train
RD_001325,CUST_002677,1772042013.820299,2026-02-25T17:53:33.820299+00:00,0,0,1,3444.6,0.2719419624965012,1,0,0,train
RD_002805,CUST_001120,1772043435.8342562,2026-02-25T18:17:15.834256+00:00,1,0,3,20688.5,0.021947125110192096,2,0,0,train
RD_004104,CUST_002429,1772044503.1864686,2026-02-25T18:35:03.186469+00:00,0,0,1,649.4,0.06107562663419244,1,0,0,train
RD_002773,CUST_001497,1772044702.3648067,2026-02-25T18:38:22.364807+00:00,0,0,1,1202.5,0.2790885797825207,1,0,0,train
RD_005090,CUST_003480,1772048683.132249,2026-02-25T19:44:43.132249+00:00,0,0,1,278.2,0.07844249831521649,1,0,0,train
RD_003954,CUST_000750,1772052948.812449,2026-02-25T20:55:48.812449+00:00,0,0,1,1382.8,0.23533884145086845,1,0,0,train
RD_001539,CUST_003611,1772053672.5157862,2026-02-25T21:07:52.515786+00:00,0,0,1,42.4,0.03168109123068791,1,0,0,train
RD_003323,CUST_000344,1772061565.4746358,2026-02-25T23:19:25.474636+00:00,0,0,1,687.5,0.21672692295814458,1,0,0,train
RD_002086,CUST_002841,1772077102.2202914,2026-02-26T03:38:22.220291+00:00,0,0,1,6180.4,0.2435205424567973,1,0,0,train
RD_002489,CUST_002545,1772090202.790989,2026-02-26T07:16:42.790989+00:00,0,0,1,651.6,0.011922265827459358,1,0,0,train
RD_000954,CUST_000523,1772090298.4369025,2026-02-26T07:18:18.436903+00:00,0,0,1,571.3,0.46859108505314484,1,0,0,train
RD_001021,CUST_000483,1772096864.9278026,2026-02-26T09:07:44.927803+00:00,0,0,1,1979.7,0.2519913929769627,1,0,0,train
RD_004571,CUST_001356,1772097550.2578979,2026-02-26T09:19:10.257898+00:00,1,0,1,272.3,0.07542290417785796,2,0,0,train
RD_000695,CUST_003208,1772108394.3804402,2026-02-26T12:19:54.380440+00:00,0,0,1,4514.3,0.29772977391278527,1,0,0,train
RD_003910,CUST_004052,1772110066.96928,2026-02-26T12:47:46.969280+00:00,0,0,1,11670.1,0.15911904779085448,1,0,0,train
RD_000159,CUST_000425,1772110717.7360923,2026-02-26T12:58:37.736092+00:00,0,0,1,409.2,0.13926394481818097,1,0,0,train
RD_003784,CUST_002866,1772118081.5671644,2026-02-26T15:01:21.567164+00:00,0,0,1,1440.6,0.4468899472949151,1,0,0,train
RD_000596,CUST_004316,1772119767.6270807,2026-02-26T15:29:27.627081+00:00,0,0,1,535.6,0.06916001145528883,1,0,0,train
RD_004869,CUST_001142,1772124771.110896,2026-02-26T16:52:51.110896+00:00,0,0,1,6127.7,0.11403081861352471,1,0,0,train
RD_004092,CUST_002940,1772126706.993452,2026-02-26T17:25:06.993452+00:00,0,0,1,20896.9,0.5193441295761055,1,0,0,train
RD_002090,CUST_000399,1772130016.4345171,2026-02-26T18:20:16.434517+00:00,0,0,1,13152.3,0.05193266579617787,1,0,0,train
RD_002971,CUST_002428,1772135109.972518,2026-02-26T19:45:09.972518+00:00,0,0,1,7578.7,0.31398315959903844,1,0,0,train
RD_000845,CUST_002245,1772140966.8956223,2026-02-26T21:22:46.895622+00:00,0,0,1,15628.1,0.28158542631895356,1,0,0,train
RD_001245,CUST_003891,1772142010.0660686,2026-02-26T21:40:10.066069+00:00,0,0,1,536.1,0.1525226569578158,1,0,0,train
RD_003885,CUST_003135,1772143084.7714481,2026-02-26T21:58:04.771448+00:00,0,0,1,4651.5,0.08021947295900245,1,0,0,train
RD_004233,CUST_001566,1772144809.2366793,2026-02-26T22:26:49.236679+00:00,0,1,1,6576.3,0.09143700046191644,29,0,0,train
RD_004628,CUST_002714,1772145679.5105152,2026-02-26T22:41:19.510515+00:00,0,0,1,4779.7,0.07716318212222072,1,0,0,train
RD_004584,CUST_004316,1772152806.6302707,2026-02-27T00:40:06.630271+00:00,0,0,1,250.6,0.3141843061938219,1,0,0,train
RD_000208,CUST_002390,1772163544.2796056,2026-02-27T03:39:04.279606+00:00,0,0,1,1259.9,0.3353354711894546,1,0,0,train
RD_005383,CUST_003566,1772164716.6143155,2026-02-27T03:58:36.614316+00:00,0,0,1,1660.4,0.17284895288116256,1,0,0,train
RD_003851,CUST_001718,1772166104.3497643,2026-02-27T04:21:44.349764+00:00,0,0,1,22960.9,0.04322885579978657,1,0,0,train
RD_001561,CUST_001858,1772170639.5553205,2026-02-27T05:37:19.555321+00:00,0,0,1,544.6,0.3194027068253558,1,0,0,train
RD_002396,CUST_004006,1772178347.6384633,2026-02-27T07:45:47.638463+00:00,0,0,1,3926.0,0.043675518266517215,1,0,0,train
RD_001724,CUST_000788,1772180947.0870278,2026-02-27T08:29:07.087028+00:00,0,0,1,15748.7,0.3311784623952604,1,0,0,train
RD_000522,CUST_001539,1772199452.1102383,2026-02-27T13:37:32.110238+00:00,0,0,1,573.5,0.2770207832233783,1,0,0,train
RD_001600,CUST_001408,1772202464.9724476,2026-02-27T14:27:44.972448+00:00,0,0,1,1498.5,0.42095153360265347,1,0,0,train
RD_002608,CUST_003766,1772203784.0375438,2026-02-27T14:49:44.037544+00:00,0,0,1,664.8,0.19949487939803587,1,0,0,train
RD_002885,CUST_003309,1772208770.9134815,2026-02-27T16:12:50.913481+00:00,0,0,1,3399.5,0.2741607973199843,1,0,0,train
RD_004818,CUST_003296,1772210849.2185082,2026-02-27T16:47:29.218508+00:00,0,0,1,338.8,0.09003093951205116,30,0,0,train
RD_004458,CUST_000668,1772213299.3121204,2026-02-27T17:28:19.312120+00:00,0,0,1,7528.1,0.10930107814860772,1,0,0,train
RD_004724,CUST_000991,1772218121.0119572,2026-02-27T18:48:41.011957+00:00,0,0,1,3397.3,0.10346656955269086,1,0,0,train
RD_001827,CUST_003498,1772221825.7854042,2026-02-27T19:50:25.785404+00:00,0,0,1,263.3,0.35478856591211977,3,0,0,train
RD_004495,CUST_003028,1772224590.0122993,2026-02-27T20:36:30.012299+00:00,1,0,1,1025.8,0.3529082567859972,4,0,0,train
RD_004847,CUST_004006,1772232115.3993664,2026-02-27T22:41:55.399366+00:00,0,0,1,8896.8,0.12610054524946734,1,0,0,train
RD_002780,CUST_002679,1772235775.2834356,2026-02-27T23:42:55.283436+00:00,0,0,1,2681.9,0.3955965713795238,1,0,0,train
RD_005487,CUST_003891,1772239615.69387,2026-02-28T00:46:55.693870+00:00,0,0,1,3389.2,0.21077084725080514,1,0,0,train
RD_002111,CUST_002866,1772245728.8076715,2026-02-28T02:28:48.807672+00:00,0,0,1,21760.8,0.406304569098033,1,0,0,train
RD_004941,CUST_001232,1772251229.6585317,2026-02-28T04:00:29.658532+00:00,0,2,1,410.8,0.2192612908683281,16,0,0,train
RD_004040,CUST_000362,1772252462.239886,2026-02-28T04:21:02.239886+00:00,0,0,1,2390.1,0.2018078322933469,1,0,0,train
RD_004987,CUST_000615,1772253162.618512,2026-02-28T04:32:42.618512+00:00,0,0,1,9962.9,0.03083162527964259,1,0,0,train
RD_003027,CUST_004092,1772253857.493639,2026-02-28T04:44:17.493639+00:00,0,0,1,624.4,0.2307137625496066,1,0,0,train
RD_000372,CUST_001853,1772257629.8644888,2026-02-28T05:47:09.864489+00:00,0,0,1,278.0,0.047790277173321655,1,0,0,train
RD_001892,CUST_000513,1772257945.5470963,2026-02-28T05:52:25.547096+00:00,0,0,2,24068.2,0.21261940767111642,3,0,0,train
RD_001993,CUST_000362,1772258942.2426906,2026-02-28T06:09:02.242691+00:00,0,0,1,132.8,0.2375247310318655,1,0,0,train
RD_004203,CUST_000480,1772260073.926552,2026-02-28T06:27:53.926552+00:00,0,0,1,180.0,0.2965287316777699,1,0,0,train
RD_000767,CUST_000025,1772271225.6302123,2026-02-28T09:33:45.630212+00:00,0,0,1,28524.0,0.08399577857366479,1,0,0,train
RD_002078,CUST_001310,1772285383.1787453,2026-02-28T13:29:43.178745+00:00,0,0,1,5798.5,0.1497492954402542,3,0,0,train
RD_AB_00070_00,CUST_PA00070_00,1772293482.6239161,2026-02-28T15:44:42.623916+00:00,0,0,1,99.2,0.7235909750620031,6,0,1,train
RD_AB_00070_03,CUST_PA00070_03,1772294006.7763946,2026-02-28T17:44:29.477782+00:00,3,3,1,9.7,0.8232533915127941,6,1,1,train
RD_AB_00070_01,CUST_PA00070_01,1772294238.1453784,2026-02-28T17:06:22.496418+00:00,1,1,2,4.5,0.8037708783454585,6,1,1,train
RD_AB_00070_05,CUST_PA00070_05,1772297700.1491315,2026-02-28T18:02:35.042406+00:00,5,5,6,14.5,0.7079066008648714,6,1,1,train
RD_003606,CUST_000305,1772298922.6879902,2026-02-28T17:15:22.687990+00:00,0,0,1,5401.4,0.08370973980452268,2,0,0,train
RD_AB_00070_02,CUST_PA00070_02,1772300009.4243562,2026-02-28T16:49:35.877021+00:00,2,2,3,194.9,0.807944616348615,6,1,1,train
RD_004366,CUST_002312,1772305564.6337948,2026-02-28T19:06:04.633795+00:00,0,0,1,441.4,0.3580236684700533,1,0,0,train
RD_AB_00070_04,CUST_PA00070_04,1772307383.9881759,2026-02-28T16:23:43.156303+00:00,0,4,5,49.2,0.6195559642976469,6,1,1,train
RD_000787,CUST_004453,1772308072.335759,2026-02-28T19:47:52.335759+00:00,0,0,1,8292.9,0.10089113605644662,1,0,0,train
RD_002501,CUST_002172,1772323794.2502933,2026-03-01T00:09:54.250293+00:00,0,0,1,7201.7,0.027742350560965457,1,0,0,train
RD_004823,CUST_001094,1772337271.5372837,2026-03-01T03:54:31.537284+00:00,0,0,1,10130.1,0.06651438887741147,1,0,0,train
RD_002980,CUST_001310,1772337476.5591748,2026-03-01T03:57:56.559175+00:00,0,0,1,34089.8,0.1057813867227656,2,0,0,train
RD_002231,CUST_002113,1772337947.746866,2026-03-01T04:05:47.746866+00:00,0,0,1,5285.4,0.3845029933611143,1,0,0,train
RD_002635,CUST_003493,1772338927.6840096,2026-03-01T04:22:07.684010+00:00,0,0,1,5474.3,0.30248072361059525,1,0,0,train
RD_001321,CUST_001248,1772352320.0437279,2026-03-01T08:05:20.043728+00:00,0,0,1,5066.8,0.028116553134712015,4,0,0,train
RD_001267,CUST_001545,1772364036.4173315,2026-03-01T11:20:36.417331+00:00,0,0,1,1709.2,0.04685127762701661,1,0,0,train
RD_001519,CUST_001799,1772369562.9625373,2026-03-01T12:52:42.962537+00:00,0,0,1,9288.2,0.16351740082777036,1,0,0,train
RD_000083,CUST_001554,1772369591.593776,2026-03-01T12:53:11.593776+00:00,1,0,1,268.8,0.07347938232588963,4,0,0,train
RD_000959,CUST_000880,1772369593.4532616,2026-03-01T12:53:13.453262+00:00,0,0,1,2757.7,0.1815723117743235,1,0,0,train
RD_001874,CUST_003753,1772370200.3775578,2026-03-01T13:03:20.377558+00:00,0,0,1,5751.3,0.44632934531876656,1,0,0,train
RD_AB_00042_00,CUST_PA00042_00,1772390297.2095723,2026-03-01T18:38:17.209572+00:00,0,0,1,14.2,0.6499880559504893,3,0,1,train
RD_AB_00042_01,CUST_PA00042_01,1772391827.3675237,2026-03-01T19:11:12.474836+00:00,1,1,1,26.5,0.680889040972536,3,0,1,train
RD_AB_00042_02,CUST_PA00042_02,1772397828.4026837,2026-03-01T19:51:05.561073+00:00,2,2,3,40.7,0.7564581259552574,3,0,1,train
RD_000657,CUST_003374,1772405876.8957448,2026-03-01T22:57:56.895745+00:00,0,0,1,1112.0,0.1648876819861611,1,0,0,train
RD_005417,CUST_002913,1772409423.812458,2026-03-01T23:57:03.812458+00:00,0,0,1,134.2,0.14579986548329923,1,0,0,train
RD_005498,CUST_003587,1772418544.9479673,2026-03-02T02:29:04.947967+00:00,0,0,1,1329.4,0.14698166581043412,1,0,0,train
RD_000780,CUST_000831,1772418555.578155,2026-03-02T02:29:15.578155+00:00,0,0,1,4189.3,0.10846921616827182,1,0,0,train
RD_004606,CUST_003080,1772418592.997882,2026-03-02T02:29:52.997882+00:00,0,0,1,1144.9,0.3831569333498809,1,0,0,train
RD_005314,CUST_003381,1772429542.582356,2026-03-02T05:32:22.582356+00:00,0,0,1,366.6,0.2553709397322233,1,0,0,train
RD_003683,CUST_001744,1772433037.8749971,2026-03-02T06:30:37.874997+00:00,0,0,1,7172.8,0.33770682125418633,1,0,0,train
RD_004387,CUST_003062,1772435814.0511467,2026-03-02T07:16:54.051147+00:00,0,0,1,21646.7,0.15233929478078131,1,0,0,train
RD_001183,CUST_002443,1772446553.2491016,2026-03-02T10:15:53.249102+00:00,0,0,1,5631.2,0.04845784483505291,1,0,0,train
RD_001386,CUST_004148,1772456944.835434,2026-03-02T13:09:04.835434+00:00,0,0,1,1588.3,0.22418268968612995,1,0,0,train
RD_000525,CUST_000507,1772458308.9756916,2026-03-02T13:31:48.975692+00:00,0,0,1,7059.4,0.549851755280981,1,0,0,train
RD_003174,CUST_002545,1772459860.3164222,2026-03-02T13:57:40.316422+00:00,0,0,1,1985.7,0.11621849580303685,1,0,0,train
RD_002448,CUST_003408,1772475108.7238903,2026-03-02T18:11:48.723890+00:00,0,0,1,2334.0,0.01703198807063963,1,0,0,train
RD_004903,CUST_003978,1772492599.6108453,2026-03-02T23:03:19.610845+00:00,0,0,1,744.4,0.14149688023010765,1,0,0,train
RD_002017,CUST_000865,1772508253.38059,2026-03-03T03:24:13.380590+00:00,0,0,1,927.8,0.0972794703333279,1,0,0,train
RD_002711,CUST_000339,1772518933.5821824,2026-03-03T06:22:13.582182+00:00,0,0,1,5695.6,0.19782072520742372,1,0,0,train
RD_004460,CUST_003984,1772521560.0371854,2026-03-03T07:06:00.037185+00:00,0,0,1,3316.7,0.17330818705872064,1,0,0,train
RD_000672,CUST_002080,1772528865.979252,2026-03-03T09:07:45.979252+00:00,0,0,1,418.9,0.2526486942465013,1,0,0,train
RD_002770,CUST_003062,1772529242.926348,2026-03-03T09:14:02.926348+00:00,0,0,1,1434.5,0.325816647352285,1,0,0,train
RD_005142,CUST_000994,1772535845.8088777,2026-03-03T11:04:05.808878+00:00,0,0,1,9293.6,0.16353301005622428,1,0,0,train
RD_004627,CUST_000523,1772538687.7873468,2026-03-03T11:51:27.787347+00:00,0,0,1,1318.4,0.11863080605543513,1,0,0,train
RD_001711,CUST_001891,1772538797.224625,2026-03-03T11:53:17.224625+00:00,0,2,1,2088.9,0.22099286460124934,40,0,0,train
RD_001944,CUST_000507,1772547180.5428126,2026-03-03T14:13:00.542813+00:00,0,0,1,5216.4,0.05035923487060487,1,0,0,train
RD_005389,CUST_003134,1772557741.0871863,2026-03-03T17:09:01.087186+00:00,0,0,1,5431.7,0.09012421355916081,3,0,0,train
RD_001835,CUST_003734,1772563015.890314,2026-03-03T18:36:55.890314+00:00,0,0,1,648.5,0.06304478231988277,1,0,0,train
RD_005465,CUST_003915,1772566106.948437,2026-03-03T19:28:26.948437+00:00,0,0,1,649.4,0.2298731099406785,1,0,0,train
RD_003030,CUST_000831,1772567387.910338,2026-03-03T19:49:47.910338+00:00,0,0,1,2445.0,0.29865839996581683,1,0,0,train
RD_003715,CUST_004127,1772580401.6514328,2026-03-03T23:26:41.651433+00:00,0,0,1,1345.1,0.11639654781409019,1,0,0,train
RD_000558,CUST_000227,1772585798.9080272,2026-03-04T00:56:38.908027+00:00,0,0,1,2507.7,0.031158322736831407,1,0,0,train
RD_000622,CUST_003008,1772589582.1462436,2026-03-04T01:59:42.146244+00:00,0,0,1,86.6,0.28845395206651353,1,0,0,train
RD_002776,CUST_001219,1772590270.6333227,2026-03-04T02:11:10.633323+00:00,0,0,2,1109.6,0.42338819614398177,2,0,0,train
RD_001950,CUST_004473,1772595573.7564595,2026-03-04T03:39:33.756459+00:00,0,0,1,9056.8,0.138590969205136,1,0,0,train
RD_002825,CUST_001539,1772603437.987733,2026-03-04T05:50:37.987733+00:00,0,0,1,208.4,0.4580375137376234,1,0,0,train
RD_003312,CUST_002722,1772608859.5866714,2026-03-04T07:20:59.586671+00:00,0,0,1,1977.0,0.21733763094518285,1,0,0,train
RD_004301,CUST_000227,1772615815.8846996,2026-03-04T09:16:55.884700+00:00,0,0,1,191.0,0.09522795038642924,1,0,0,train
RD_002428,CUST_002376,1772615890.4427412,2026-03-04T09:18:10.442741+00:00,0,0,1,737.1,0.24646678818028245,28,0,0,train
RD_004688,CUST_001957,1772635663.7198882,2026-03-04T14:47:43.719888+00:00,0,0,1,5596.6,0.22332831390931568,1,0,0,train
RD_001854,CUST_001145,1772641315.881977,2026-03-04T16:21:55.881977+00:00,0,1,1,41137.7,0.10393999330996447,10,0,0,train
RD_000671,CUST_003493,1772642030.0988672,2026-03-04T16:33:50.098867+00:00,0,0,1,21944.4,0.19260811451993623,1,0,0,train
RD_001898,CUST_003994,1772646680.4301932,2026-03-04T17:51:20.430193+00:00,0,0,1,6810.1,0.39217238734522814,1,0,0,train
RD_001828,CUST_000392,1772650930.0367444,2026-03-04T19:02:10.036744+00:00,0,0,1,4438.4,0.18243330902385066,1,0,0,train
RD_004736,CUST_004340,1772652254.1636734,2026-03-04T19:24:14.163673+00:00,0,0,1,4374.9,0.1275314521425778,1,0,0,train
RD_003081,CUST_001545,1772655092.1140635,2026-03-04T20:11:32.114064+00:00,0,0,1,505.7,0.5295167738307767,1,0,0,train
RD_001985,CUST_003144,1772656472.8799448,2026-03-04T20:34:32.879945+00:00,0,2,1,2419.2,0.28939497132311726,10,0,0,train
RD_001650,CUST_003640,1772661176.75842,2026-03-04T21:52:56.758420+00:00,0,0,1,1324.1,0.21915587300481867,1,0,0,train
RD_001529,CUST_001322,1772664359.5676322,2026-03-04T22:45:59.567632+00:00,0,0,1,4938.7,0.18607068518887052,35,0,0,train
RD_AB_00036_00,CUST_PA00036_00,1772668437.5933592,2026-03-04T23:53:57.593359+00:00,0,0,1,8.0,0.8988297645954416,3,0,1,train
RD_004075,CUST_002915,1772668646.4747837,2026-03-04T23:57:26.474784+00:00,0,0,1,7477.2,0.06809049923858392,1,0,0,train
RD_000568,CUST_004533,1772671434.7688801,2026-03-05T00:43:54.768880+00:00,0,0,1,989.8,0.014907511507652007,1,0,0,train
RD_AB_00036_01,CUST_PA00036_01,1772672350.8109672,2026-03-05T00:26:28.435449+00:00,1,1,2,18.2,0.7845332294623732,3,1,1,train
RD_AB_00036_02,CUST_PA00036_02,1772678313.440849,2026-03-05T02:31:26.512561+00:00,2,2,3,9.3,0.7154829675681353,3,1,1,train
RD_005293,CUST_003537,1772684156.9429238,2026-03-05T04:15:56.942924+00:00,0,0,1,8002.7,0.048729995731134394,1,0,0,train
RD_004219,CUST_003050,1772692660.6258278,2026-03-05T06:37:40.625828+00:00,0,0,1,3484.6,0.3756655984236099,1,0,0,train
RD_005278,CUST_003555,1772696497.1293495,2026-03-05T07:41:37.129349+00:00,0,0,1,10030.6,0.2059643403080458,1,0,0,train
RD_005121,CUST_003769,1772716527.1701884,2026-03-05T13:15:27.170188+00:00,0,0,1,3195.1,0.08820347818617658,1,0,0,train
RD_005042,CUST_000255,1772733508.9554179,2026-03-05T17:58:28.955418+00:00,0,0,1,388.3,0.041123523834527234,1,0,0,train
RD_005190,CUST_001567,1772736967.3915138,2026-03-05T18:56:07.391514+00:00,0,0,1,4192.3,0.3410243101719848,1,0,0,train
RD_005058,CUST_000749,1772737707.1113887,2026-03-05T19:08:27.111389+00:00,0,0,1,190.2,0.30311989140512324,1,0,0,train
RD_000066,CUST_000107,1772738532.5822797,2026-03-05T19:22:12.582280+00:00,0,0,1,1479.6,0.04471473324474161,1,0,0,train
RD_004614,CUST_002090,1772739923.384711,2026-03-05T19:45:23.384711+00:00,0,0,1,141736.1,0.38131119423305665,1,0,0,train
RD_003282,CUST_000689,1772749288.9401767,2026-03-05T22:21:28.940177+00:00,0,0,1,6079.0,0.29234196963750986,1,0,0,train
RD_005184,CUST_003836,1772751149.5522878,2026-03-05T22:52:29.552288+00:00,0,1,1,11119.4,0.5826258905759446,39,0,0,train
RD_003647,CUST_000880,1772756298.8268485,2026-03-06T00:18:18.826849+00:00,0,0,1,1155.6,0.09970484310433929,1,0,0,train
RD_004892,CUST_004084,1772759658.98306,2026-03-06T01:14:18.983060+00:00,0,0,1,939.2,0.13660531508539966,1,0,0,train
RD_002505,CUST_000258,1772762001.122268,2026-03-06T01:53:21.122268+00:00,0,0,1,4292.0,0.08547644206807534,1,0,0,train
RD_003473,CUST_001566,1772763137.215791,2026-03-06T02:12:17.215791+00:00,0,1,1,862.0,0.18090195087615055,18,0,0,train
RD_005449,CUST_000865,1772766222.6158605,2026-03-06T03:03:42.615860+00:00,0,0,1,571.1,0.11507965095751346,1,0,0,train
RD_004890,CUST_003641,1772777571.2481432,2026-03-06T06:12:51.248143+00:00,0,0,1,1508.9,0.21476107194296504,1,0,0,train
RD_004601,CUST_004533,1772784871.7642963,2026-03-06T08:14:31.764296+00:00,0,0,1,2342.0,0.17395806960608906,1,0,0,train
RD_003164,CUST_000744,1772785095.4717321,2026-03-06T08:18:15.471732+00:00,0,0,1,305.4,0.4051243421132773,1,0,0,train
RD_004272,CUST_000252,1772795284.427265,2026-03-06T11:08:04.427265+00:00,0,0,1,1609.4,0.1819058312049274,1,0,0,train
RD_002197,CUST_003531,1772802984.4318762,2026-03-06T13:16:24.431876+00:00,0,0,1,389.3,0.32705083334410445,1,0,0,train
RD_002227,CUST_003374,1772804473.2110221,2026-03-06T13:41:13.211022+00:00,0,0,1,1005.8,0.14820327684717027,1,0,0,train
RD_004022,CUST_003580,1772822345.204954,2026-03-06T18:39:05.204954+00:00,0,0,1,144.7,0.35338246837024556,1,0,0,train
RD_004046,CUST_000527,1772823029.8090239,2026-03-06T18:50:29.809024+00:00,0,0,1,357.5,0.19606237924033382,1,0,0,train
RD_004983,CUST_003318,1772823264.8918192,2026-03-06T18:54:24.891819+00:00,0,0,1,21560.1,0.2621654799771442,1,0,0,train
RD_005013,CUST_001435,1772837587.5889275,2026-03-06T22:53:07.588928+00:00,0,0,1,5170.1,0.4585349314798414,1,0,0,train
RD_000063,CUST_004509,1772841180.565176,2026-03-06T23:53:00.565176+00:00,0,0,1,2051.9,0.1611272250486045,1,0,0,train
RD_002256,CUST_003641,1772841531.511333,2026-03-06T23:58:51.511333+00:00,0,0,1,113.6,0.3989315032249356,1,0,0,train
RD_000116,CUST_004125,1772843524.445453,2026-03-07T00:32:04.445453+00:00,1,0,3,2848.2,0.41349783744670954,2,0,0,train
RD_001227,CUST_003153,1772849884.9068246,2026-03-07T02:18:04.906825+00:00,0,0,1,786.9,0.03755766738695605,1,0,0,train
RD_000445,CUST_001082,1772854347.9858065,2026-03-07T03:32:27.985806+00:00,0,0,1,6536.9,0.16836943280336994,1,0,0,train
RD_001866,CUST_003894,1772865314.834146,2026-03-07T06:35:14.834146+00:00,0,0,1,2920.9,0.013839639882375668,1,0,0,train
RD_005114,CUST_003718,1772866675.9966378,2026-03-07T06:57:55.996638+00:00,1,0,2,844.1,0.2477868353729629,3,0,0,train
RD_000277,CUST_004509,1772878334.6430094,2026-03-07T10:12:14.643009+00:00,0,0,1,97.2,0.280175380718914,1,0,0,train
RD_AB_00062_00,CUST_PA00062_00,1772880430.7664397,2026-03-07T10:47:10.766440+00:00,0,0,1,76.7,0.44692587770267145,8,0,1,train
RD_AB_00062_01,CUST_PA00062_01,1772882375.1045406,2026-03-07T11:32:20.269030+00:00,1,1,1,22.5,0.7108356647780556,8,0,1,train
RD_003346,CUST_002095,1772882640.0066714,2026-03-07T11:24:00.006671+00:00,0,0,1,5145.1,0.2727947628892561,12,0,0,train
RD_AB_00062_02,CUST_PA00062_02,1772883246.9966245,2026-03-07T12:51:37.184080+00:00,2,2,3,11.9,0.5116575657311937,8,0,1,train
RD_AB_00062_07,CUST_PA00062_07,1772883907.5020828,2026-03-07T19:27:11.055918+00:00,7,7,8,25.7,0.38417867106246034,8,0,1,train
RD_000454,CUST_001752,1772884967.493567,2026-03-07T12:02:47.493567+00:00,0,0,1,2577.3,0.4820646020038333,1,0,0,train
RD_003962,CUST_001066,1772890346.7662086,2026-03-07T13:32:26.766209+00:00,0,0,1,37587.1,0.4104166411547246,1,0,0,train
RD_AB_00062_06,CUST_PA00062_06,1772893224.7470164,2026-03-07T14:04:32.415471+00:00,6,6,7,33.0,0.8197420197602963,8,0,1,train
RD_AB_00062_05,CUST_PA00062_05,1772894317.213776,2026-03-07T12:06:35.139307+00:00,5,5,6,63.0,0.8634503509836741,8,0,1,train
RD_AB_00062_03,CUST_PA00062_03,1772894478.0298014,2026-03-07T13:56:24.274547+00:00,0,3,4,39.0,0.8064935782403427,8,0,1,train
RD_AB_00062_04,CUST_PA00062_04,1772898076.0193806,2026-03-07T15:11:06.062497+00:00,4,4,5,35.7,0.7308757141387202,8,0,1,train
RD_003615,CUST_000393,1772902243.4636288,2026-03-07T16:50:43.463629+00:00,1,0,1,119.2,0.4827164400867557,3,0,0,train
RD_004689,CUST_003741,1772903304.2013693,2026-03-07T17:08:24.201369+00:00,0,0,1,987.9,0.599158067040266,1,0,0,train
RD_000513,CUST_003058,1772903364.3654807,2026-03-07T17:09:24.365481+00:00,0,0,1,5360.5,0.5739723301432216,1,0,0,train
RD_004120,CUST_001350,1772904089.8558624,2026-03-07T17:21:29.855862+00:00,0,0,1,4364.2,0.12017585203029253,1,0,0,train
RD_002872,CUST_003058,1772904893.0237415,2026-03-07T17:34:53.023741+00:00,0,0,1,2483.4,0.2273069253199412,1,0,0,train
RD_000732,CUST_000393,1772913246.3956263,2026-03-07T19:54:06.395626+00:00,0,0,3,1855.0,0.49496621872013014,2,0,0,train
RD_005343,CUST_001082,1772914314.9169874,2026-03-07T20:11:54.916987+00:00,0,0,1,690.1,0.2949785516397589,1,0,0,train
RD_001383,CUST_000742,1772916489.9896564,2026-03-07T20:48:09.989656+00:00,0,0,1,140.9,0.10650315407401374,1,0,0,train
RD_001754,CUST_000343,1772923498.3964586,2026-03-07T22:44:58.396459+00:00,0,0,1,2691.8,0.21057063505947235,1,0,0,train
RD_005141,CUST_002997,1772942222.601032,2026-03-08T03:57:02.601032+00:00,0,0,1,312.4,0.27285435438924854,1,0,0,train
RD_005344,CUST_004136,1772962162.2090669,2026-03-08T09:29:22.209067+00:00,0,0,1,6738.2,0.37186295282546356,1,0,0,train
RD_002721,CUST_002939,1772967482.595172,2026-03-08T10:58:02.595172+00:00,0,0,2,9841.6,0.16832716792783306,4,0,0,train
RD_000032,CUST_003640,1772980900.2536333,2026-03-08T14:41:40.253633+00:00,0,0,1,188.0,0.018668509430373525,1,0,0,train
RD_002432,CUST_002206,1772988367.7921739,2026-03-08T16:46:07.792174+00:00,0,0,1,2825.6,0.26709069451109013,1,0,0,train
RD_004785,CUST_000448,1773001353.0846443,2026-03-08T20:22:33.084644+00:00,0,0,1,1880.5,0.33799551668057654,1,0,0,train
RD_000340,CUST_003183,1773015856.5874357,2026-03-09T00:24:16.587436+00:00,0,0,1,609.5,0.07359325677435452,1,0,0,train
RD_000006,CUST_003046,1773019516.0579267,2026-03-09T01:25:16.057927+00:00,0,0,1,24747.7,0.020881634038628583,1,0,0,train
RD_002767,CUST_003673,1773021718.272743,2026-03-09T02:01:58.272743+00:00,0,0,1,842.8,0.2201300037612396,1,0,0,train
RD_002367,CUST_003017,1773024184.7741978,2026-03-09T02:43:04.774198+00:00,0,0,1,1360.0,0.10350461425737262,1,0,0,train
RD_004889,CUST_001057,1773029512.8394578,2026-03-09T04:11:52.839458+00:00,0,0,3,2865.3,0.30924755232850976,3,0,0,train
RD_004446,CUST_001288,1773032976.3273714,2026-03-09T05:09:36.327371+00:00,0,0,1,396.4,0.04900115834303936,1,0,0,train
RD_003337,CUST_003422,1773041093.0107262,2026-03-09T07:24:53.010726+00:00,0,0,1,12230.5,0.11864401871270616,1,0,0,train
RD_003904,CUST_003321,1773041640.653171,2026-03-09T07:34:00.653171+00:00,0,0,1,616.6,0.2180500705277138,1,0,0,train
RD_002304,CUST_004426,1773041941.5704522,2026-03-09T07:39:01.570452+00:00,0,0,1,3214.0,0.027075584474996316,1,0,0,train
RD_004721,CUST_003718,1773044217.5236049,2026-03-09T08:16:57.523605+00:00,1,0,1,830.0,0.2267750882627511,2,0,0,train
RD_000271,CUST_000650,1773055977.8698497,2026-03-09T11:32:57.869850+00:00,0,0,1,418.6,0.20341897231600736,1,0,0,train
RD_002583,CUST_001148,1773057852.6153998,2026-03-09T12:04:12.615400+00:00,0,0,1,2856.2,0.23071184669544934,1,0,0,train
RD_004870,CUST_000095,1773058130.768722,2026-03-09T12:08:50.768722+00:00,0,0,1,989.0,0.633094009311,1,0,0,train
RD_002913,CUST_001243,1773061415.4766328,2026-03-09T13:03:35.476633+00:00,0,2,1,5946.5,0.21836286318888953,8,0,0,train
RD_004409,CUST_003837,1773062042.09749,2026-03-09T13:14:02.097490+00:00,0,0,2,7142.7,0.09547118441848113,4,0,0,train
RD_003251,CUST_000513,1773068557.843284,2026-03-09T15:02:37.843284+00:00,0,0,2,1309.4,0.3274678211377274,3,0,0,train
RD_000021,CUST_002062,1773069803.5472784,2026-03-09T15:23:23.547278+00:00,1,0,1,1231.7,0.15340200830621664,3,0,0,train
RD_000510,CUST_001439,1773073561.8561087,2026-03-09T16:26:01.856109+00:00,0,0,1,10989.1,0.5567582368279521,1,0,0,train
RD_000992,CUST_002185,1773076549.3863199,2026-03-09T17:15:49.386320+00:00,0,0,1,6274.2,0.08439888411567073,1,0,0,train
RD_005378,CUST_000485,1773078492.0182636,2026-03-09T17:48:12.018264+00:00,0,0,1,549.0,0.0846457739224848,1,0,0,train
RD_000080,CUST_002913,1773082567.469515,2026-03-09T18:56:07.469515+00:00,0,0,1,548.4,0.13114960715967028,1,0,0,train
RD_000213,CUST_002671,1773087580.9362814,2026-03-09T20:19:40.936281+00:00,0,0,1,110.1,0.18905705872372364,1,0,0,train
RD_003497,CUST_003321,1773089478.8254867,2026-03-09T20:51:18.825487+00:00,0,0,1,5753.2,0.09677935124638627,1,0,0,train
RD_003956,CUST_004405,1773090721.6314023,2026-03-09T21:12:01.631402+00:00,0,0,1,2497.3,0.2712004127264167,1,0,0,train
RD_003468,CUST_002090,1773092789.1784933,2026-03-09T21:46:29.178493+00:00,0,0,1,3993.4,0.39866489354620804,1,0,0,train
RD_000348,CUST_003799,1773107034.4239805,2026-03-10T01:43:54.423980+00:00,0,0,1,1178.5,0.2134601361172157,1,0,0,train
RD_002421,CUST_003953,1773115734.5971193,2026-03-10T04:08:54.597119+00:00,0,0,1,1754.8,0.48661289171422034,1,0,0,train
RD_001832,CUST_001212,1773116966.4169219,2026-03-10T04:29:26.416922+00:00,0,0,1,2552.1,0.14824639089714672,1,0,0,train
RD_004382,CUST_002340,1773121505.4303324,2026-03-10T05:45:05.430332+00:00,0,0,1,4277.9,0.3011121911269744,1,0,0,train
RD_001788,CUST_002064,1773122455.0328305,2026-03-10T06:00:55.032830+00:00,0,0,1,880.7,0.5021383470971644,1,0,0,train
RD_004519,CUST_002915,1773125214.922988,2026-03-10T06:46:54.922988+00:00,0,0,1,394.3,0.18071895703457747,1,0,0,train
RD_000079,CUST_002851,1773131401.7643814,2026-03-10T08:30:01.764381+00:00,0,0,1,3519.0,0.24259526205941548,1,0,0,train
RD_005310,CUST_000689,1773136586.6303184,2026-03-10T09:56:26.630318+00:00,0,0,1,5693.4,0.4967351385037473,1,0,0,train
RD_002018,CUST_004169,1773141175.7203867,2026-03-10T11:12:55.720387+00:00,0,0,1,1098.3,0.16357125039123357,1,0,0,train
RD_002162,CUST_000008,1773163730.7566257,2026-03-10T17:28:50.756626+00:00,0,0,1,490.9,0.014688023011777867,1,0,0,train
RD_000855,CUST_001744,1773168025.0115423,2026-03-10T18:40:25.011542+00:00,0,0,1,1236.1,0.5497072330713686,1,0,0,train
RD_003747,CUST_000720,1773168578.0785117,2026-03-10T18:49:38.078512+00:00,0,0,1,258.8,0.007463186369241276,1,0,0,train
RD_004777,CUST_001255,1773177125.8291712,2026-03-10T21:12:05.829171+00:00,0,0,1,2632.0,0.3094366012872324,1,0,0,train
RD_002548,CUST_000399,1773185606.9547493,2026-03-10T23:33:26.954749+00:00,0,0,1,5101.4,0.06261469018821578,1,0,0,train
RD_001780,CUST_000460,1773185744.6435544,2026-03-10T23:35:44.643554+00:00,0,0,1,174.8,0.23038423007378495,11,0,0,train
RD_003239,CUST_000252,1773186226.9394557,2026-03-10T23:43:46.939456+00:00,0,0,1,803.8,0.27008687303598267,1,0,0,train
RD_004713,CUST_001142,1773189732.8186874,2026-03-11T00:42:12.818687+00:00,0,0,1,1373.8,0.11167074653982088,1,0,0,train
RD_000245,CUST_001295,1773193333.4694707,2026-03-11T01:42:13.469471+00:00,0,0,1,5824.7,0.1144670967250304,1,0,0,train
RD_002246,CUST_002863,1773211510.657375,2026-03-11T06:45:10.657375+00:00,0,0,1,567.5,0.1432059800144018,1,0,0,train
RD_004543,CUST_003318,1773212281.7873826,2026-03-11T06:58:01.787383+00:00,0,0,1,4013.3,0.38113812950545445,1,0,0,train
RD_005211,CUST_004038,1773220274.4382055,2026-03-11T09:11:14.438205+00:00,0,0,1,57.7,0.2095595005945482,1,0,0,train
RD_000971,CUST_001104,1773225697.9861045,2026-03-11T10:41:37.986104+00:00,0,0,1,608.5,0.16572208421429083,1,0,0,train
RD_001615,CUST_004121,1773234088.622494,2026-03-11T13:01:28.622494+00:00,0,0,1,3709.8,0.02853553875541261,1,0,0,train
RD_001732,CUST_002939,1773237720.5457456,2026-03-11T14:02:00.545746+00:00,0,0,1,656.9,0.34583869859536714,3,0,0,train
RD_005180,CUST_004452,1773238244.2808435,2026-03-11T14:10:44.280843+00:00,0,0,1,377.6,0.05257258636814717,1,0,0,train
RD_002364,CUST_000668,1773241854.5346794,2026-03-11T15:10:54.534679+00:00,0,0,1,70413.7,0.23112218226554465,1,0,0,train
RD_003060,CUST_000076,1773248445.1406333,2026-03-11T17:00:45.140633+00:00,0,0,1,2839.2,0.07276074613170998,1,0,0,train
RD_001879,CUST_003011,1773249712.2332947,2026-03-11T17:21:52.233295+00:00,0,0,1,2150.9,0.3000765595350012,1,0,0,train
RD_002705,CUST_001957,1773255948.8133354,2026-03-11T19:05:48.813335+00:00,0,0,1,3440.8,0.11547152866896979,1,0,0,train
RD_001477,CUST_000421,1773259358.2247477,2026-03-11T20:02:38.224748+00:00,0,0,1,1114.1,0.07898291797258152,1,0,0,train
RD_004750,CUST_002671,1773268032.3555753,2026-03-11T22:27:12.355575+00:00,0,0,1,131.7,0.31733002616402944,1,0,0,train
RD_004819,CUST_002091,1773274406.1416667,2026-03-12T00:13:26.141667+00:00,0,0,1,549.4,0.2549107857590722,3,0,0,train
RD_001624,CUST_001459,1773282914.2477617,2026-03-12T02:35:14.247762+00:00,0,0,1,216.2,0.19023052696005113,1,0,0,train
RD_003228,CUST_001461,1773293069.2804284,2026-03-12T05:24:29.280428+00:00,0,2,1,9005.9,0.19877829763217936,15,0,0,train
RD_004044,CUST_000880,1773294714.387364,2026-03-12T05:51:54.387364+00:00,0,0,1,434.2,0.07574589525868038,1,0,0,train
RD_004524,CUST_001898,1773303779.4718738,2026-03-12T08:22:59.471874+00:00,0,0,1,358.7,0.01934369140314378,1,0,0,train
RD_001708,CUST_003569,1773305885.6971083,2026-03-12T08:58:05.697108+00:00,0,0,1,1037.6,0.2374417394211943,1,0,0,train
RD_001768,CUST_004084,1773311052.8244169,2026-03-12T10:24:12.824417+00:00,0,0,1,6205.5,0.11560384320504452,1,0,0,train
RD_003938,CUST_000543,1773314326.5103338,2026-03-12T11:18:46.510334+00:00,0,0,1,2904.7,0.054091612519746174,1,0,0,train
RD_002471,CUST_002216,1773314814.2417452,2026-03-12T11:26:54.241745+00:00,0,0,1,513.7,0.19639165688484575,1,0,0,train
RD_003394,CUST_002938,1773320618.192665,2026-03-12T13:03:38.192665+00:00,0,0,1,643.3,0.18658315306432988,1,0,0,train
RD_004669,CUST_002724,1773342596.5459898,2026-03-12T19:09:56.545990+00:00,0,0,1,210.3,0.3253356490741241,1,0,0,train
RD_005048,CUST_000448,1773343315.2840834,2026-03-12T19:21:55.284083+00:00,0,0,1,1286.1,0.060484721234340004,1,0,0,train
RD_004952,CUST_003920,1773349246.7365727,2026-03-12T21:00:46.736573+00:00,0,0,1,71305.9,0.1311356869939844,1,0,0,train
RD_003779,CUST_001587,1773351494.9936054,2026-03-12T21:38:14.993605+00:00,0,0,1,238.2,0.30919953873839373,1,0,0,train
RD_005290,CUST_004052,1773352994.921804,2026-03-12T22:03:14.921804+00:00,0,0,1,11142.1,0.10670446496314002,1,0,0,train
RD_001174,CUST_001199,1773357149.2798831,2026-03-12T23:12:29.279883+00:00,0,0,1,957.0,0.021660351312414394,1,0,0,train
RD_000309,CUST_001893,1773359575.9023297,2026-03-12T23:52:55.902330+00:00,0,0,1,2250.8,0.05633343981067757,1,0,0,train
RD_002410,CUST_002273,1773361905.526071,2026-03-13T00:31:45.526071+00:00,0,1,1,11979.3,0.1338150929967916,10,0,0,train
RD_001630,CUST_001893,1773363706.1834142,2026-03-13T01:01:46.183414+00:00,0,0,1,258.8,0.19298308103541875,1,0,0,train
RD_005297,CUST_000584,1773375625.9089866,2026-03-13T04:20:25.908987+00:00,0,0,1,701.0,0.3395066209744069,1,0,0,train
RD_005461,CUST_001068,1773375881.013925,2026-03-13T04:24:41.013925+00:00,0,2,1,4828.8,0.16115974252640192,33,0,0,train
RD_005384,CUST_000255,1773379106.378573,2026-03-13T05:18:26.378573+00:00,0,0,1,1037.9,0.6242134287816306,1,0,0,train
RD_AB_00026_00,CUST_PA00026_00,1773379123.46341,2026-03-13T05:18:43.463410+00:00,0,0,1,6.3,0.8977903552083267,4,0,1,train
RD_AB_00026_02,CUST_PA00026_02,1773379421.9979496,2026-03-13T08:05:50.319658+00:00,2,2,3,34.4,0.9109906217829877,4,1,1,train
RD_AB_00026_01,CUST_PA00026_01,1773382373.9776037,2026-03-13T06:44:05.836869+00:00,1,1,2,78.9,0.5109392941027744,4,1,1,train
RD_002148,CUST_001200,1773386062.716796,2026-03-13T07:14:22.716796+00:00,0,0,1,11604.1,0.08762263961538592,1,0,0,train
RD_002027,CUST_004007,1773387402.219343,2026-03-13T07:36:42.219343+00:00,0,0,1,356.8,0.23160220524564865,1,0,0,train
RD_004187,CUST_003084,1773393468.2713602,2026-03-13T09:17:48.271360+00:00,0,0,1,426.1,0.29954413538292607,1,0,0,train
RD_AB_00026_03,CUST_PA00026_03,1773394284.6230469,2026-03-13T06:27:14.784264+00:00,3,3,4,1.1,0.6817831568768313,4,1,1,train
RD_001689,CUST_002001,1773401774.7178566,2026-03-13T11:36:14.717857+00:00,0,0,1,1132.1,0.005237131212458249,1,0,0,train
RD_001160,CUST_001066,1773407437.9964962,2026-03-13T13:10:37.996496+00:00,0,0,1,922.2,0.35366728444303475,1,0,0,train
RD_000438,CUST_002001,1773409148.1324925,2026-03-13T13:39:08.132493+00:00,0,0,1,601.1,0.13576168580364145,1,0,0,train
RD_004472,CUST_001142,1773410181.3276494,2026-03-13T13:56:21.327649+00:00,0,0,1,177.3,0.11792875878696488,1,0,0,train
RD_001147,CUST_000343,1773411900.0957808,2026-03-13T14:25:00.095781+00:00,0,0,1,1825.4,0.028898478728349677,1,0,0,train
RD_001541,CUST_002062,1773419797.9243493,2026-03-13T16:36:37.924349+00:00,1,0,1,1096.1,0.0946210121505038,4,0,0,train
RD_001831,CUST_004251,1773430558.8522828,2026-03-13T19:35:58.852283+00:00,0,0,1,852.5,0.0630263245677137,1,0,0,train
RD_000408,CUST_000681,1773435803.1410275,2026-03-13T21:03:23.141027+00:00,0,0,1,39279.8,0.34429561187450397,1,0,0,train
RD_005489,CUST_004484,1773436330.4741342,2026-03-13T21:12:10.474134+00:00,0,0,1,2850.4,0.42611351838840084,1,0,0,train
RD_003809,CUST_000787,1773437561.0373743,2026-03-13T21:32:41.037374+00:00,0,2,1,836.2,0.1619407484670643,12,0,0,train
RD_004632,CUST_002095,1773443586.225642,2026-03-13T23:13:06.225642+00:00,0,0,1,1285.8,0.15331138496051575,31,0,0,train
RD_002274,CUST_002932,1773452356.769813,2026-03-14T01:39:16.769813+00:00,0,0,1,922.8,0.5742179986185447,1,0,0,train
RD_001975,CUST_000425,1773454503.4386666,2026-03-14T02:15:03.438667+00:00,0,0,1,900.7,0.2662936067251229,1,0,0,train
RD_004126,CUST_003318,1773460021.477036,2026-03-14T03:47:01.477036+00:00,0,0,1,898.2,0.08724781725676634,1,0,0,train
RD_000987,CUST_004008,1773460256.0238762,2026-03-14T03:50:56.023876+00:00,0,2,1,2375.1,0.1042787593109666,19,0,0,train
RD_000777,CUST_002862,1773460275.4740067,2026-03-14T03:51:15.474007+00:00,0,0,1,3773.7,0.1595013688434085,1,0,0,train
RD_004693,CUST_002081,1773463642.636743,2026-03-14T04:47:22.636743+00:00,0,0,1,1735.8,0.3376627426826719,1,0,0,train
RD_004059,CUST_002851,1773464835.3634427,2026-03-14T05:07:15.363443+00:00,0,0,1,2549.7,0.2991854317041544,1,0,0,train
RD_004915,CUST_004316,1773466635.6278384,2026-03-14T05:37:15.627838+00:00,0,0,1,2078.0,0.09357525751584206,1,0,0,train
RD_005324,CUST_000503,1773468332.5752003,2026-03-14T06:05:32.575200+00:00,1,0,1,3607.4,0.36166043969826495,3,0,0,train
RD_002460,CUST_000492,1773475311.287772,2026-03-14T08:01:51.287772+00:00,0,0,1,5603.7,0.18794198199438467,1,0,0,train
RD_000609,CUST_000392,1773484188.468566,2026-03-14T10:29:48.468566+00:00,0,0,1,3719.1,0.1281436027222527,1,0,0,train
RD_000628,CUST_002361,1773488710.5269647,2026-03-14T11:45:10.526965+00:00,0,0,1,3643.4,0.4436449491906118,22,0,0,train
RD_000685,CUST_001496,1773496181.4519248,2026-03-14T13:49:41.451925+00:00,1,0,1,477.9,0.20262027260360388,3,0,0,train
RD_003624,CUST_002439,1773502406.35563,2026-03-14T15:33:26.355630+00:00,0,1,1,9635.3,0.21018531457473022,29,0,0,train
RD_001148,CUST_002429,1773515922.7983248,2026-03-14T19:18:42.798325+00:00,0,0,1,2537.1,0.04275019454498273,1,0,0,train
RD_004698,CUST_000751,1773516396.8992832,2026-03-14T19:26:36.899283+00:00,0,0,1,912.2,0.2650082466314369,1,0,0,train
RD_005490,CUST_004328,1773517377.05889,2026-03-14T19:42:57.058890+00:00,0,2,1,2790.8,0.2953592664439487,19,0,0,train
RD_004801,CUST_004084,1773529275.8585298,2026-03-14T23:01:15.858530+00:00,0,0,1,7013.8,0.06465024507387217,1,0,0,train
RD_003915,CUST_004072,1773533972.7734792,2026-03-15T00:19:32.773479+00:00,1,0,2,1040.0,0.44632339070212207,4,0,0,train
RD_002137,CUST_001786,1773536430.3799675,2026-03-15T01:00:30.379967+00:00,0,0,1,543.6,0.08811055275312142,1,0,0,train
RD_000119,CUST_000172,1773537987.2880437,2026-03-15T01:26:27.288044+00:00,0,2,1,5700.9,0.13136742676895358,28,0,0,train
RD_004624,CUST_003641,1773541923.4532654,2026-03-15T02:32:03.453265+00:00,0,0,1,4034.6,0.10956776843824895,1,0,0,train
RD_002229,CUST_003787,1773550831.1404269,2026-03-15T05:00:31.140427+00:00,0,0,1,413.9,0.4043086649257896,1,0,0,train
RD_002447,CUST_000880,1773559081.8755481,2026-03-15T07:18:01.875548+00:00,0,0,1,1002.8,0.049540889630333755,1,0,0,train
RD_001733,CUST_000129,1773561839.592045,2026-03-15T08:03:59.592045+00:00,0,0,1,2014.8,0.25382491004891483,1,0,0,train
RD_005144,CUST_001232,1773564997.8151011,2026-03-15T08:56:37.815101+00:00,0,1,1,925.7,0.2595245713175288,29,0,0,train
RD_003417,CUST_001106,1773566668.5894015,2026-03-15T09:24:28.589401+00:00,0,0,1,4159.0,0.24436309120725844,1,0,0,train
RD_001286,CUST_003405,1773572001.2177498,2026-03-15T10:53:21.217750+00:00,0,1,1,2205.2,0.3422023291947936,25,0,0,train
RD_002760,CUST_004008,1773574517.612386,2026-03-15T11:35:17.612386+00:00,0,0,1,818.5,0.3390359179526016,21,0,0,train
RD_003037,CUST_004121,1773585022.3449717,2026-03-15T14:30:22.344972+00:00,0,0,1,249.1,0.18182014001982455,1,0,0,train
RD_002761,CUST_002359,1773587468.8914425,2026-03-15T15:11:08.891443+00:00,0,0,1,87233.9,0.22662889667035227,1,0,0,train
RD_000364,CUST_003915,1773592485.7652438,2026-03-15T16:34:45.765244+00:00,0,0,1,5106.8,0.1920440687809608,1,0,0,train
RD_000252,CUST_000594,1773599442.7228954,2026-03-15T18:30:42.722895+00:00,0,0,1,1136.9,0.2722937510827679,24,0,0,train
RD_002592,CUST_002256,1773613802.1765888,2026-03-15T22:30:02.176589+00:00,1,0,3,615.0,0.02577922369834672,4,0,0,train
RD_001450,CUST_001566,1773614253.7278192,2026-03-15T22:37:33.727819+00:00,0,0,1,2749.6,0.3297150361835006,34,0,0,train
RD_004768,CUST_002764,1773621900.8210113,2026-03-16T00:45:00.821011+00:00,0,1,1,276.4,0.022918479305649223,37,0,0,train
RD_004268,CUST_004544,1773627320.4417481,2026-03-16T02:15:20.441748+00:00,0,0,1,914.0,0.08405454110828223,22,0,0,train
RD_003434,CUST_004072,1773630456.122852,2026-03-16T03:07:36.122852+00:00,0,0,2,13215.8,0.35845545271128415,4,0,0,train
RD_AB_00082_00,CUST_PA00082_00,1773635310.269887,2026-03-16T04:28:30.269887+00:00,0,0,1,6.9,0.8112794561511647,7,0,1,train
RD_AB_00082_01,CUST_PA00082_01,1773638018.080817,2026-03-16T04:53:17.643940+00:00,0,1,2,97.1,0.9507793466273351,7,1,1,train
RD_AB_00082_04,CUST_PA00082_04,1773638493.2924461,2026-03-16T06:17:41.212994+00:00,4,4,5,17.8,0.7436989459019051,7,1,1,train
RD_AB_00082_02,CUST_PA00082_02,1773642215.8532398,2026-03-16T05:05:29.655060+00:00,0,2,3,22.2,0.7029970407487711,7,1,1,train
RD_001921,CUST_000025,1773648533.0283315,2026-03-16T08:08:53.028332+00:00,0,0,1,5348.4,0.018300339799503542,1,0,0,train
RD_AB_00082_05,CUST_PA00082_05,1773648831.45151,2026-03-16T08:47:35.568893+00:00,5,5,6,68.5,0.759716331595155,7,1,1,train
RD_005369,CUST_004016,1773649821.5250611,2026-03-16T08:30:21.525061+00:00,0,0,1,5236.3,0.037046789995985825,1,0,0,train
RD_AB_00082_03,CUST_PA00082_03,1773650041.4278507,2026-03-16T06:08:59.912333+00:00,3,3,4,53.7,0.8466027822852282,7,1,1,train
RD_002536,CUST_000994,1773651892.09755,2026-03-16T09:04:52.097550+00:00,0,0,1,291.1,0.3062931181317075,1,0,0,train
RD_002731,CUST_000082,1773656291.4443681,2026-03-16T10:18:11.444368+00:00,0,0,1,2593.7,0.06062676093203868,1,0,0,train
RD_AB_00082_06,CUST_PA00082_06,1773657379.503109,2026-03-16T04:37:18.287972+00:00,6,6,7,173.5,0.8514597772345943,7,1,1,train
RD_002187,CUST_002184,1773664786.9633505,2026-03-16T12:39:46.963351+00:00,0,0,1,749.7,0.20980556194327063,1,0,0,train
RD_001822,CUST_003045,1773670408.048451,2026-03-16T14:13:28.048451+00:00,0,0,1,494.3,0.17568570878018605,1,0,0,train
RD_003317,CUST_000176,1773671727.1622345,2026-03-16T14:35:27.162235+00:00,0,0,1,87.5,0.0491013365273988,1,0,0,train
RD_003839,CUST_001941,1773674717.203613,2026-03-16T15:25:17.203613+00:00,0,0,1,4997.3,0.02663346744790396,1,0,0,train
RD_004574,CUST_002389,1773682330.1815543,2026-03-16T17:32:10.181554+00:00,0,0,1,2156.1,0.11494648166243546,1,0,0,train
RD_004970,CUST_001886,1773683541.4488933,2026-03-16T17:52:21.448893+00:00,0,0,1,225.0,0.25581096589806257,1,0,0,train
RD_003265,CUST_003441,1773686133.1032257,2026-03-16T18:35:33.103226+00:00,0,0,1,7958.5,0.39773525897498674,1,0,0,train
RD_004020,CUST_003978,1773689119.4376512,2026-03-16T19:25:19.437651+00:00,0,0,1,1393.7,0.3309642915010333,1,0,0,train
RD_004542,CUST_001993,1773695935.6404808,2026-03-16T21:18:55.640481+00:00,0,0,1,1277.2,0.5482178546867017,1,0,0,train
RD_000413,CUST_001094,1773695935.705502,2026-03-16T21:18:55.705502+00:00,0,0,1,2139.1,0.1675895508707368,1,0,0,train
RD_000934,CUST_003422,1773701905.9403386,2026-03-16T22:58:25.940339+00:00,0,0,1,53.0,0.12635697121694336,1,0,0,train
RD_004630,CUST_001941,1773702938.2862482,2026-03-16T23:15:38.286248+00:00,0,0,1,769.8,0.5828108428737494,1,0,0,train
RD_003140,CUST_001375,1773707982.4549515,2026-03-17T00:39:42.454952+00:00,0,0,1,2113.2,0.2120808251698782,1,0,0,train
RD_004309,CUST_004136,1773711260.0590026,2026-03-17T01:34:20.059003+00:00,0,0,1,51564.6,0.31658605806549117,1,0,0,train
RD_AB_00054_00,CUST_PA00054_00,1773712569.4875455,2026-03-17T01:56:09.487545+00:00,0,0,1,24.0,0.7836686097268383,4,0,1,train
RD_AB_00054_01,CUST_PA00054_01,1773712696.8263996,2026-03-17T03:11:06.548891+00:00,1,1,2,82.0,0.49824883557421346,4,1,1,train
RD_004836,CUST_002359,1773713499.529208,2026-03-17T02:11:39.529208+00:00,0,0,1,9776.1,0.27877919568166365,1,0,0,train
RD_002796,CUST_003017,1773714098.3758872,2026-03-17T02:21:38.375887+00:00,0,0,1,453.9,0.38123500745537364,1,0,0,train
RD_003972,CUST_000082,1773718727.980906,2026-03-17T03:38:47.980906+00:00,0,0,1,4246.9,0.630163126859435,1,0,0,train
RD_AB_00054_02,CUST_PA00054_02,1773719194.946493,2026-03-17T02:57:39.023459+00:00,2,2,3,42.7,0.7522803187976186,4,1,1,train
RD_AB_00054_03,CUST_PA00054_03,1773722707.0260847,2026-03-17T05:57:49.701979+00:00,3,3,4,7.8,0.8639170803581373,4,1,1,train
RD_004496,CUST_001278,1773727156.104121,2026-03-17T05:59:16.104121+00:00,0,0,1,65467.8,0.22937922311574094,1,0,0,train
RD_005181,CUST_002090,1773729445.7844133,2026-03-17T06:37:25.784413+00:00,0,0,1,1063.6,0.3032135431661704,1,0,0,train
RD_005143,CUST_002113,1773738048.6202078,2026-03-17T09:00:48.620208+00:00,0,0,1,4172.6,0.07689330835173717,1,0,0,train
RD_003471,CUST_000153,1773741049.5693746,2026-03-17T09:50:49.569375+00:00,0,0,1,1472.0,0.32579000405173614,1,0,0,train
RD_000969,CUST_002479,1773741170.705704,2026-03-17T09:52:50.705704+00:00,0,1,1,9556.4,0.11440942384687695,19,0,0,train
RD_001858,CUST_000462,1773744288.750452,2026-03-17T10:44:48.750452+00:00,0,0,1,600.9,0.20381533404541874,1,0,0,train
RD_003321,CUST_000012,1773745024.0393026,2026-03-17T10:57:04.039303+00:00,0,0,1,1471.6,0.10613806574743398,1,0,0,train
RD_002318,CUST_001568,1773746557.9225552,2026-03-17T11:22:37.922555+00:00,0,0,1,197.6,0.1238247081533081,1,0,0,train
RD_002043,CUST_001310,1773755918.2498734,2026-03-17T13:58:38.249873+00:00,1,0,3,11151.2,0.06415517171772407,2,0,0,train
RD_002933,CUST_004016,1773758246.472146,2026-03-17T14:37:26.472146+00:00,0,0,1,8148.9,0.3863838742701215,1,0,0,train
RD_001820,CUST_001941,1773759987.9644399,2026-03-17T15:06:27.964440+00:00,0,0,1,12174.5,0.11690595347109764,1,0,0,train
RD_000804,CUST_001946,1773762039.849397,2026-03-17T15:40:39.849397+00:00,0,0,1,5655.4,0.18632139555080454,1,0,0,train
RD_AB_00079_00,CUST_PA00079_00,1773764043.9584167,2026-03-17T16:14:03.958417+00:00,0,0,1,136.9,0.7350029009873399,3,0,1,train
RD_003620,CUST_004509,1773764578.9066086,2026-03-17T16:22:58.906609+00:00,0,0,1,3987.5,0.05489523414943864,1,0,0,train
RD_001158,CUST_002429,1773765884.7722185,2026-03-17T16:44:44.772218+00:00,0,0,1,2282.6,0.028800107948782787,1,0,0,train
RD_004710,CUST_001303,1773766209.2297256,2026-03-17T16:50:09.229726+00:00,0,0,1,469.4,0.06936328308118916,1,0,0,train
RD_AB_00079_01,CUST_PA00079_01,1773769255.0649214,2026-03-17T17:06:50.603543+00:00,1,1,2,24.7,0.656029217674653,3,1,1,train
RD_AB_00079_02,CUST_PA00079_02,1773771853.0110958,2026-03-17T16:41:21.494253+00:00,0,2,3,20.9,0.6330480867340578,3,1,1,train
RD_001350,CUST_002256,1773777821.5214286,2026-03-17T20:03:41.521429+00:00,1,0,3,1627.9,0.19266837458766345,2,0,0,train
RD_004853,CUST_000129,1773779203.2129116,2026-03-17T20:26:43.212912+00:00,0,0,1,1575.5,0.24427713183390515,1,0,0,train
RD_002703,CUST_001120,1773783654.5499792,2026-03-17T21:40:54.549979+00:00,0,0,3,1461.8,0.20410531432664278,3,0,0,train
RD_002237,CUST_004424,1773785164.1613476,2026-03-17T22:06:04.161348+00:00,0,0,1,433.6,0.26027610547859115,1,0,0,train
RD_001919,CUST_002997,1773790021.3998294,2026-03-17T23:27:01.399829+00:00,0,0,1,102.7,0.1778803248927915,1,0,0,train
RD_004795,CUST_004045,1773799773.3099535,2026-03-18T02:09:33.309953+00:00,0,0,1,130.1,0.2850644100537617,1,0,0,train
RD_000056,CUST_000584,1773813771.8728087,2026-03-18T06:02:51.872809+00:00,0,0,1,4217.3,0.24408230248576696,1,0,0,train
RD_001731,CUST_002939,1773816915.919467,2026-03-18T06:55:15.919467+00:00,1,0,3,5926.0,0.04206696748128291,4,0,0,train
RD_001173,CUST_001120,1773819592.9880207,2026-03-18T07:39:52.988021+00:00,1,0,3,1073.9,0.060824449153684026,4,0,0,train
RD_001735,CUST_003181,1773827760.5018895,2026-03-18T09:56:00.501889+00:00,0,0,1,181.2,0.015463345620353864,1,0,0,train
RD_000701,CUST_000892,1773832532.3046224,2026-03-18T11:15:32.304622+00:00,0,0,1,2520.7,0.4618126188855931,1,0,0,train
RD_004398,CUST_004453,1773832680.7613797,2026-03-18T11:18:00.761380+00:00,0,0,1,464.5,0.25209075647294915,1,0,0,train
RD_000659,CUST_002268,1773836899.3573558,2026-03-18T12:28:19.357356+00:00,0,0,1,8614.4,0.12246043199338871,1,0,0,train
RD_000345,CUST_001957,1773840892.0851526,2026-03-18T13:34:52.085153+00:00,0,0,1,589.7,0.0946643989712622,1,0,0,train
RD_003918,CUST_000831,1773845849.5875216,2026-03-18T14:57:29.587522+00:00,0,0,1,19948.0,0.21029972020080154,1,0,0,train
RD_001442,CUST_004135,1773847152.0275507,2026-03-18T15:19:12.027551+00:00,0,0,1,124.7,0.02474308592134531,1,0,0,train
RD_004590,CUST_000954,1773854332.0473795,2026-03-18T17:18:52.047379+00:00,0,0,1,2238.8,0.46017719139770374,1,0,0,train
RD_004521,CUST_002245,1773857015.0681984,2026-03-18T18:03:35.068198+00:00,0,0,1,5116.1,0.08386807585868988,1,0,0,train
RD_004214,CUST_002934,1773862289.7272305,2026-03-18T19:31:29.727231+00:00,0,0,1,7406.4,0.40743598331603875,1,0,0,train
RD_000087,CUST_000594,1773862615.4815843,2026-03-18T19:36:55.481584+00:00,0,2,1,1892.7,0.21560389310805644,21,0,0,train
RD_005176,CUST_003102,1773891961.886604,2026-03-19T03:46:01.886604+00:00,0,0,1,4068.3,0.22656027498180675,1,0,0,train
RD_004342,CUST_001106,1773904002.8739665,2026-03-19T07:06:42.873966+00:00,0,0,1,20536.1,0.052489252118829544,1,0,0,train
RD_003663,CUST_003531,1773919197.1596396,2026-03-19T11:19:57.159640+00:00,0,0,1,4085.4,0.045160224386181086,1,0,0,train
RD_003961,CUST_003782,1773921666.1291997,2026-03-19T12:01:06.129200+00:00,0,0,1,4487.4,0.46338657110202836,1,0,0,train
RD_002830,CUST_004338,1773921809.659157,2026-03-19T12:03:29.659157+00:00,0,0,1,1954.5,0.17249709910955716,1,0,0,train
RD_005247,CUST_003383,1773932513.9333036,2026-03-19T15:01:53.933304+00:00,0,0,1,5412.6,0.18458698839646542,1,0,0,train
RD_004675,CUST_004490,1773937950.6025279,2026-03-19T16:32:30.602528+00:00,0,0,1,1348.8,0.18324933896850376,1,0,0,train
RD_002297,CUST_000711,1773938356.5348654,2026-03-19T16:39:16.534865+00:00,0,0,1,76132.0,0.26797428850923544,1,0,0,train
RD_000142,CUST_002507,1773941956.6435907,2026-03-19T17:39:16.643591+00:00,0,0,1,79537.6,0.1359985349003122,1,0,0,train
RD_002923,CUST_003405,1773949698.552134,2026-03-19T19:48:18.552134+00:00,0,1,1,58.5,0.4570781543145977,25,0,0,train
RD_003588,CUST_002085,1773952110.9704738,2026-03-19T20:28:30.970474+00:00,0,2,1,1067.7,0.08582487335436795,16,0,0,train
RD_000800,CUST_000955,1773965510.1818616,2026-03-20T00:11:50.181862+00:00,0,0,1,668.6,0.5021245314755771,1,0,0,train
RD_005467,CUST_003285,1773974547.7105126,2026-03-20T02:42:27.710513+00:00,0,0,1,13206.3,0.07500933321429666,1,0,0,train
RD_005089,CUST_003707,1773975215.3535402,2026-03-20T02:53:35.353540+00:00,0,0,1,3407.2,0.23694358866086462,1,0,0,train
RD_005420,CUST_002807,1773988473.2448592,2026-03-20T06:34:33.244859+00:00,0,0,1,58803.1,0.2868603013425283,1,0,0,train
RD_004094,CUST_001845,1773990808.0203295,2026-03-20T07:13:28.020329+00:00,0,0,1,1546.1,0.23846767893310447,16,0,0,train
RD_005480,CUST_004252,1773992777.2365222,2026-03-20T07:46:17.236522+00:00,0,0,1,1596.6,0.007988394421197424,1,0,0,train
RD_002215,CUST_004281,1773997034.6728747,2026-03-20T08:57:14.672875+00:00,0,0,1,208.1,0.14327276976445597,1,0,0,train
RD_005187,CUST_001066,1774000889.504468,2026-03-20T10:01:29.504468+00:00,0,0,1,2115.6,0.2434810473397595,1,0,0,train
RD_004975,CUST_000602,1774013522.8393097,2026-03-20T13:32:02.839310+00:00,0,0,1,3574.1,0.16449881225478505,1,0,0,train
RD_004383,CUST_002932,1774021029.7901735,2026-03-20T15:37:09.790174+00:00,0,0,1,25613.0,0.09741531723451445,1,0,0,train
RD_000148,CUST_002784,1774030299.3472557,2026-03-20T18:11:39.347256+00:00,0,2,1,4501.5,0.023651491340383544,10,0,0,train
RD_001082,CUST_001208,1774031541.140304,2026-03-20T18:32:21.140304+00:00,0,0,1,1555.4,0.24573505391046221,1,0,0,train
RD_001048,CUST_002557,1774032908.7011092,2026-03-20T18:55:08.701109+00:00,0,0,1,875.0,0.2043987676982286,1,0,0,train
RD_004396,CUST_002839,1774036466.3644323,2026-03-20T19:54:26.364432+00:00,0,0,1,1210.4,0.055807352692954594,1,0,0,train
RD_003272,CUST_000483,1774040207.436932,2026-03-20T20:56:47.436932+00:00,0,0,1,275.9,0.10409639609194708,1,0,0,train
RD_005263,CUST_000607,1774044097.944008,2026-03-20T22:01:37.944008+00:00,0,0,1,18932.7,0.4830000897490007,1,0,0,train
RD_004861,CUST_000721,1774049331.3240983,2026-03-20T23:28:51.324098+00:00,0,1,1,8102.8,0.1262023293764708,30,0,0,train
RD_001482,CUST_003260,1774050070.7421446,2026-03-20T23:41:10.742145+00:00,0,0,2,540.4,0.3155359199840927,4,0,0,train
RD_002295,CUST_001693,1774050412.862795,2026-03-20T23:46:52.862795+00:00,0,0,1,9895.4,0.25150627431303646,1,0,0,train
RD_000623,CUST_000483,1774053518.4047875,2026-03-21T00:38:38.404788+00:00,0,0,1,3908.0,0.6327962090097463,1,0,0,train
RD_000600,CUST_003537,1774055197.4849927,2026-03-21T01:06:37.484993+00:00,0,0,1,1403.0,0.3200973012093315,1,0,0,train
RD_002200,CUST_002150,1774059755.6608732,2026-03-21T02:22:35.660873+00:00,0,0,1,1594.1,0.3669762520550648,1,0,0,train
RD_AB_00014_00,CUST_PA00014_00,1774065440.509015,2026-03-21T03:57:20.509015+00:00,0,0,1,26.1,0.887935661050975,3,0,1,train
RD_AB_00014_01,CUST_PA00014_01,1774066465.5871584,2026-03-21T04:00:48.380811+00:00,0,1,2,23.5,0.4450987021984552,3,1,1,train
RD_AB_00014_02,CUST_PA00014_02,1774070546.2113457,2026-03-21T04:14:54.611929+00:00,2,2,3,139.1,0.8870696724114733,3,1,1,train
RD_002983,CUST_001358,1774072208.1945496,2026-03-21T05:50:08.194550+00:00,0,0,1,12277.6,0.1372983140640425,1,0,0,train
RD_004781,CUST_003296,1774073213.5052848,2026-03-21T06:06:53.505285+00:00,0,2,1,93.2,0.10167080079575229,26,0,0,train
RD_000816,CUST_004396,1774085103.2427158,2026-03-21T09:25:03.242716+00:00,0,0,1,3130.4,0.2574345172615464,1,0,0,train
RD_002694,CUST_000399,1774091849.9993064,2026-03-21T11:17:29.999306+00:00,0,0,1,10791.6,0.34237489092091894,1,0,0,train
RD_003576,CUST_000397,1774096364.4519553,2026-03-21T12:32:44.451955+00:00,0,0,1,6878.3,0.5471878674931047,1,0,0,train
RD_003466,CUST_003195,1774102693.25471,2026-03-21T14:18:13.254710+00:00,0,0,1,7385.8,0.19803986506218266,1,0,0,train
RD_004154,CUST_004405,1774107874.1586845,2026-03-21T15:44:34.158684+00:00,0,0,1,450.0,0.18261092243365934,1,0,0,train
RD_002710,CUST_000125,1774108395.08966,2026-03-21T15:53:15.089660+00:00,0,0,1,3536.6,0.42133175400627915,1,0,0,train
RD_003069,CUST_002910,1774110145.9396453,2026-03-21T16:22:25.939645+00:00,0,0,1,1963.4,0.09891005189116159,12,0,0,train
RD_000830,CUST_000399,1774122760.861532,2026-03-21T19:52:40.861532+00:00,0,0,1,227.9,0.0367299263086943,1,0,0,train
RD_002036,CUST_004490,1774122914.3251112,2026-03-21T19:55:14.325111+00:00,0,0,1,39.5,0.16693272063851428,1,0,0,train
RD_001688,CUST_003134,1774127776.3174834,2026-03-21T21:16:16.317483+00:00,0,0,2,20303.9,0.14963793609162937,3,0,0,train
RD_004741,CUST_001610,1774127792.531823,2026-03-21T21:16:32.531823+00:00,0,0,1,14132.5,0.14423418250285874,1,0,0,train
RD_004377,CUST_003589,1774131307.3564909,2026-03-21T22:15:07.356491+00:00,0,0,1,942.5,0.23471704604087879,1,0,0,train
RD_002788,CUST_001728,1774131381.92181,2026-03-21T22:16:21.921810+00:00,0,0,1,886.8,0.1726708989844451,1,0,0,train
RD_004956,CUST_000422,1774131606.1098433,2026-03-21T22:20:06.109843+00:00,0,2,1,10506.6,0.26710805861707637,17,0,0,train
RD_003764,CUST_001310,1774131729.6147172,2026-03-21T22:22:09.614717+00:00,0,0,1,22701.7,0.35111907346899074,4,0,0,train
RD_004714,CUST_003121,1774139196.6500323,2026-03-22T00:26:36.650032+00:00,0,0,1,109.8,0.20727672090959529,1,0,0,train
RD_000379,CUST_001725,1774145663.1924155,2026-03-22T02:14:23.192415+00:00,0,0,1,6691.6,0.1389940990531984,1,0,0,train
RD_005257,CUST_000790,1774158062.2832866,2026-03-22T05:41:02.283287+00:00,0,0,1,186.8,0.2852967055453572,1,0,0,train
RD_004705,CUST_003011,1774159841.298106,2026-03-22T06:10:41.298106+00:00,0,0,1,232.7,0.04760830870456193,1,0,0,train
RD_002026,CUST_001667,1774171324.3856819,2026-03-22T09:22:04.385682+00:00,0,0,1,3656.4,0.37885420609908027,1,0,0,train
RD_005032,CUST_002113,1774173541.4893892,2026-03-22T09:59:01.489389+00:00,0,0,1,436.1,0.020020551282186272,1,0,0,train
RD_002121,CUST_001728,1774175664.5828245,2026-03-22T10:34:24.582824+00:00,0,0,1,3175.0,0.03719869749505031,1,0,0,train
RD_001951,CUST_001057,1774178014.8269544,2026-03-22T11:13:34.826954+00:00,1,0,1,26265.0,0.3366471717041207,3,0,0,train
RD_002542,CUST_003799,1774181503.1093833,2026-03-22T12:11:43.109383+00:00,0,0,1,548.4,0.2968201980545039,1,0,0,train
RD_001584,CUST_000991,1774186934.8380315,2026-03-22T13:42:14.838032+00:00,0,0,1,468.4,0.167772403925569,1,0,0,train
RD_002574,CUST_001931,1774202489.3915067,2026-03-22T18:01:29.391507+00:00,0,0,1,8217.8,0.1237167386854755,1,0,0,train
RD_002857,CUST_003541,1774202958.047275,2026-03-22T18:09:18.047275+00:00,0,0,1,4550.2,0.09556029585931033,1,0,0,train
RD_004759,CUST_001068,1774204357.7463622,2026-03-22T18:32:37.746362+00:00,0,0,1,2249.4,0.028551877894501858,29,0,0,train
RD_003262,CUST_001397,1774205165.6319444,2026-03-22T18:46:05.631944+00:00,1,0,2,1462.7,0.11283739979177004,3,0,0,train
RD_000866,CUST_001243,1774205226.6649046,2026-03-22T18:47:06.664905+00:00,0,2,1,1084.2,0.2357591833687359,35,0,0,train
RD_AB_00060_00,CUST_PA00060_00,1774214370.6458397,2026-03-22T21:19:30.645840+00:00,0,0,1,17.8,0.8576322726409771,7,0,1,train
RD_AB_00060_04,CUST_PA00060_04,1774214682.041853,2026-03-22T23:45:33.091425+00:00,4,4,5,29.7,0.9326301117540297,7,1,1,train
RD_005304,CUST_004453,1774215440.9344046,2026-03-22T21:37:20.934405+00:00,0,0,1,72330.2,0.10397098696662606,1,0,0,train
RD_AB_00060_02,CUST_PA00060_02,1774217206.515257,2026-03-22T22:58:59.516963+00:00,0,2,3,46.3,0.9595941958756903,7,1,1,train
RD_AB_00060_01,CUST_PA00060_01,1774217297.9071853,2026-03-22T21:41:40.501678+00:00,1,1,2,84.0,0.7810019326143672,7,1,1,train
RD_001825,CUST_004502,1774218495.7177556,2026-03-22T22:28:15.717756+00:00,0,0,1,1982.3,0.4624872425458156,1,0,0,train
RD_004378,CUST_000621,1774218642.5930624,2026-03-22T22:30:42.593062+00:00,0,0,1,344.4,0.12611672819021283,1,0,0,train
RD_003646,CUST_002989,1774220638.2340107,2026-03-22T23:03:58.234011+00:00,0,0,1,2104.1,0.38113539220605913,1,0,0,train
RD_AB_00060_03,CUST_PA00060_03,1774221127.4028332,2026-03-22T21:46:04.864299+00:00,3,3,1,37.5,0.7034535727406317,7,1,1,train
RD_AB_00060_06,CUST_PA00060_06,1774221316.2198749,2026-03-23T04:26:15.037829+00:00,6,6,7,90.4,0.8171146525197727,7,1,1,train
RD_003651,CUST_004448,1774221770.9528222,2026-03-22T23:22:50.952822+00:00,0,0,1,4430.2,0.15967652138685795,1,0,0,train
RD_004291,CUST_001358,1774225112.5319588,2026-03-23T00:18:32.531959+00:00,0,0,1,161.3,0.41463902224130134,1,0,0,train
RD_AB_00019_00,CUST_PA00019_00,1774228973.9077826,2026-03-23T01:22:53.907783+00:00,0,0,1,18.5,0.6517590835457384,4,0,1,train
RD_AB_00019_02,CUST_PA00019_02,1774229780.178219,2026-03-23T02:34:05.611905+00:00,0,2,3,83.7,0.6013217909780106,4,1,1,train
RD_AB_00060_05,CUST_PA00060_05,1774230087.0211966,2026-03-22T23:51:30.139294+00:00,5,5,6,6.3,0.8759245072384244,7,1,1,train
RD_AB_00019_01,CUST_PA00019_01,1774231949.3870866,2026-03-23T02:17:50.473703+00:00,1,1,1,8.1,0.7433400658610707,4,1,1,train
RD_004972,CUST_001120,1774232349.7585163,2026-03-23T02:19:09.758516+00:00,1,0,2,7202.6,0.008942073972471135,2,0,0,train
RD_001524,CUST_001068,1774233248.6158626,2026-03-23T02:34:08.615863+00:00,0,0,1,126.5,0.1770978395875459,12,0,0,train
RD_AB_00019_03,CUST_PA00019_03,1774242185.810315,2026-03-23T01:46:20.612195+00:00,3,3,4,5.6,0.8797790214219169,4,1,1,train
RD_005049,CUST_000740,1774250287.4214056,2026-03-23T07:18:07.421406+00:00,0,0,1,1176.7,0.02999778255025692,1,0,0,train
RD_005075,CUST_003183,1774253955.7965739,2026-03-23T08:19:15.796574+00:00,0,0,1,21555.6,0.4643315463990508,1,0,0,train
RD_002252,CUST_001496,1774254834.0830414,2026-03-23T08:33:54.083041+00:00,1,0,2,18877.5,0.29044035603782786,4,0,0,train
RD_003187,CUST_003353,1774255792.5730026,2026-03-23T08:49:52.573003+00:00,0,0,1,137.4,0.07998128816627911,1,0,0,train
RD_003699,CUST_001497,1774255873.583198,2026-03-23T08:51:13.583198+00:00,0,0,1,792.1,0.32514455652375707,1,0,0,train
RD_004379,CUST_000740,1774265396.8968751,2026-03-23T11:29:56.896875+00:00,0,0,1,17590.8,0.15429503125757085,1,0,0,train
RD_001130,CUST_003058,1774268491.1483548,2026-03-23T12:21:31.148355+00:00,0,0,1,2338.9,0.3624557013166778,1,0,0,train
RD_004835,CUST_004325,1774273927.7657828,2026-03-23T13:52:07.765783+00:00,0,0,1,185.3,0.06346920098128973,1,0,0,train
RD_000868,CUST_001893,1774274533.8906615,2026-03-23T14:02:13.890661+00:00,0,0,1,2960.9,0.24333536440482587,1,0,0,train
RD_000961,CUST_004396,1774288293.1419456,2026-03-23T17:51:33.141946+00:00,0,0,1,1081.9,0.020420123368011044,1,0,0,train
RD_002480,CUST_000082,1774292904.8312268,2026-03-23T19:08:24.831227+00:00,0,0,1,557.0,0.20370060030355125,1,0,0,train
RD_002153,CUST_003880,1774302269.4029832,2026-03-23T21:44:29.402983+00:00,0,0,1,61627.7,0.408384943100536,1,0,0,train
RD_001727,CUST_002390,1774312735.0734758,2026-03-24T00:38:55.073476+00:00,0,0,1,676.0,0.21397901164414823,1,0,0,train
RD_003047,CUST_000217,1774342244.9197254,2026-03-24T08:50:44.919725+00:00,0,0,1,103.2,0.30045823917518794,1,0,0,train
RD_005253,CUST_003580,1774342734.2499204,2026-03-24T08:58:54.249920+00:00,0,0,1,5839.6,0.07355226412174523,1,0,0,train
RD_002088,CUST_003577,1774350989.3646493,2026-03-24T11:16:29.364649+00:00,0,0,1,3213.3,0.09721347409944932,1,0,0,train
RD_003565,CUST_000213,1774352712.2522209,2026-03-24T11:45:12.252221+00:00,0,0,2,2231.7,0.15502164434170293,4,0,0,train
RD_001767,CUST_002185,1774360102.8947682,2026-03-24T13:48:22.894768+00:00,0,0,1,802.2,0.21869088392791275,1,0,0,train
RD_000977,CUST_003684,1774366676.5710704,2026-03-24T15:37:56.571070+00:00,0,0,1,3684.5,0.06962756793108078,1,0,0,train
RD_003205,CUST_001100,1774372872.9951453,2026-03-24T17:21:12.995145+00:00,0,0,1,316.2,0.300895985161681,1,0,0,train
RD_003214,CUST_001786,1774388257.2962463,2026-03-24T21:37:37.296246+00:00,0,0,1,237.3,0.0783866478024072,1,0,0,train
RD_001216,CUST_004040,1774398467.5919354,2026-03-25T00:27:47.591935+00:00,0,0,1,8632.5,0.12630105462453786,1,0,0,train
RD_003188,CUST_000153,1774398803.7526,2026-03-25T00:33:23.752600+00:00,0,0,1,1003.6,0.28868124766341646,1,0,0,train
RD_001855,CUST_001068,1774401621.8655996,2026-03-25T01:20:21.865600+00:00,0,1,1,899.2,0.6601074341529314,34,0,0,train
RD_001218,CUST_001375,1774402351.9439077,2026-03-25T01:32:31.943908+00:00,0,0,1,1194.1,0.13050908397433292,1,0,0,train
RD_000514,CUST_002698,1774413990.6966593,2026-03-25T04:46:30.696659+00:00,0,0,1,3932.0,0.19277856045667172,1,0,0,train
RD_000024,CUST_001255,1774420932.3709877,2026-03-25T06:42:12.370988+00:00,0,0,1,1071.6,0.2063179787193704,1,0,0,train
RD_002960,CUST_002788,1774421293.397201,2026-03-25T06:48:13.397201+00:00,0,0,1,361.4,0.22666972694563575,1,0,0,train
RD_003668,CUST_000399,1774433582.2248282,2026-03-25T10:13:02.224828+00:00,0,0,1,1363.0,0.38945971324657747,1,0,0,train
RD_004216,CUST_004473,1774434972.2086425,2026-03-25T10:36:12.208642+00:00,0,0,1,208.6,0.23301693397859424,1,0,0,train
RD_002151,CUST_000081,1774436785.49017,2026-03-25T11:06:25.490170+00:00,0,0,1,1804.4,0.10136320404415006,1,0,0,train
RD_000440,CUST_003339,1774442009.7833378,2026-03-25T12:33:29.783338+00:00,0,0,1,6524.5,0.1837780913293379,1,0,0,train
RD_005398,CUST_004316,1774444541.5007193,2026-03-25T13:15:41.500719+00:00,0,0,1,193.2,0.007284999482488095,1,0,0,train
RD_004469,CUST_000113,1774447211.4224262,2026-03-25T14:00:11.422426+00:00,0,0,1,976.3,0.18870031644484828,1,0,0,train
RD_003061,CUST_002938,1774452699.0213513,2026-03-25T15:31:39.021351+00:00,0,0,1,5504.9,0.25867213150066704,1,0,0,train
RD_000050,CUST_004281,1774453845.1120088,2026-03-25T15:50:45.112009+00:00,0,0,1,29838.7,0.2334655550282229,1,0,0,train
RD_000663,CUST_003782,1774454587.7555833,2026-03-25T16:03:07.755583+00:00,0,0,1,3991.6,0.0685116909403652,1,0,0,train
RD_003310,CUST_003296,1774456795.0419347,2026-03-25T16:39:55.041935+00:00,0,2,1,51.3,0.06241191853688866,9,0,0,train
RD_005414,CUST_002610,1774457670.6164682,2026-03-25T16:54:30.616468+00:00,0,0,1,12680.7,0.1783626635651983,1,0,0,train
RD_002920,CUST_002930,1774461632.8415856,2026-03-25T18:00:32.841586+00:00,0,0,1,2719.2,0.2546856703557885,1,0,0,train
RD_002969,CUST_001066,1774462738.5271466,2026-03-25T18:18:58.527147+00:00,0,0,1,3181.4,0.08607304156810681,1,0,0,train
RD_004144,CUST_000290,1774463180.5402973,2026-03-25T18:26:20.540297+00:00,0,0,1,1027.8,0.05211518301639352,1,0,0,train
RD_001970,CUST_000294,1774493530.2939012,2026-03-26T02:52:10.293901+00:00,0,0,1,2603.5,0.35903933736026233,1,0,0,train
RD_003127,CUST_002545,1774494135.8807724,2026-03-26T03:02:15.880772+00:00,0,0,1,332.7,0.05273937773827943,1,0,0,train
RD_002871,CUST_001931,1774496176.3183322,2026-03-26T03:36:16.318332+00:00,0,0,1,5099.0,0.19911131849159214,1,0,0,train
RD_001830,CUST_003894,1774496355.9405184,2026-03-26T03:39:15.940518+00:00,0,0,1,28338.1,0.21089362525351973,1,0,0,train
RD_000323,CUST_000435,1774499102.5567544,2026-03-26T04:25:02.556754+00:00,0,0,1,8334.8,0.33629974147462943,1,0,0,train
RD_001667,CUST_000067,1774502512.3749175,2026-03-26T05:21:52.374918+00:00,0,0,1,872.9,0.11392109521587508,1,0,0,train
RD_004672,CUST_000994,1774503061.803546,2026-03-26T05:31:01.803546+00:00,0,0,1,7053.3,0.47694012146736736,1,0,0,train
RD_004095,CUST_000602,1774508246.0552402,2026-03-26T06:57:26.055240+00:00,0,0,1,19399.5,0.13668774219230911,1,0,0,train
RD_004356,CUST_002932,1774524116.4064417,2026-03-26T11:21:56.406442+00:00,0,0,1,16310.5,0.47468047449623235,1,0,0,train
RD_000991,CUST_003322,1774524954.352832,2026-03-26T11:35:54.352832+00:00,0,0,2,1935.0,0.1134591779205417,4,0,0,train
RD_004960,CUST_003493,1774525342.0429344,2026-03-26T11:42:22.042934+00:00,0,0,1,6254.0,0.05122173139952768,1,0,0,train
RD_005006,CUST_000473,1774530358.4494605,2026-03-26T13:05:58.449461+00:00,0,0,1,871.7,0.4378080949973962,1,0,0,train
RD_004922,CUST_000903,1774531425.9469776,2026-03-26T13:23:45.946978+00:00,0,0,1,4621.8,0.2730175048124332,1,0,0,train
RD_004490,CUST_003695,1774532920.0012374,2026-03-26T13:48:40.001237+00:00,0,0,1,2707.9,0.3381672690609961,1,0,0,train
RD_003438,CUST_003028,1774534692.8209002,2026-03-26T14:18:12.820900+00:00,0,0,2,154.4,0.13211370932407757,3,0,0,train
RD_003981,CUST_001821,1774538781.771957,2026-03-26T15:26:21.771957+00:00,0,0,1,324.0,0.11268503612884964,1,0,0,train
RD_001836,CUST_001852,1774540810.7301817,2026-03-26T16:00:10.730182+00:00,0,0,1,6022.7,0.1242796132487332,1,0,0,train
RD_004064,CUST_000473,1774541160.983952,2026-03-26T16:06:00.983952+00:00,0,0,1,4113.7,0.1757316948361258,1,0,0,train
RD_000914,CUST_000527,1774542259.1493533,2026-03-26T16:24:19.149353+00:00,0,0,1,3778.8,0.5506919254112093,1,0,0,train
RD_002234,CUST_000025,1774542697.8456247,2026-03-26T16:31:37.845625+00:00,0,0,1,12735.7,0.2621337076519923,1,0,0,train
RD_004603,CUST_002370,1774547288.9950194,2026-03-26T17:48:08.995019+00:00,0,0,1,148.5,0.06312211781163947,3,0,0,train
RD_003698,CUST_002317,1774551512.3730621,2026-03-26T18:58:32.373062+00:00,0,0,1,2425.9,0.5135623512274429,1,0,0,train
RD_001287,CUST_003664,1774561032.2450519,2026-03-26T21:37:12.245052+00:00,0,0,1,2053.1,0.0790379070790719,1,0,0,train
RD_004065,CUST_000440,1774561092.7647383,2026-03-26T21:38:12.764738+00:00,0,0,1,1873.5,0.07913349217538747,1,0,0,train
RD_002387,CUST_000345,1774565110.0828803,2026-03-26T22:45:10.082880+00:00,0,0,1,255.2,0.16995261175192755,1,0,0,train
RD_001942,CUST_002206,1774568945.7819967,2026-03-26T23:49:05.781997+00:00,0,0,1,293.7,0.011093044782158227,1,0,0,train
RD_003803,CUST_000435,1774570390.1391432,2026-03-27T00:13:10.139143+00:00,0,0,1,38032.2,0.3215583169584353,1,0,0,train
RD_004350,CUST_004533,1774573234.9122863,2026-03-27T01:00:34.912286+00:00,0,0,1,726.6,0.3808201630328195,1,0,0,train
RD_005349,CUST_000903,1774575989.4225247,2026-03-27T01:46:29.422525+00:00,0,0,1,1018.0,0.07496927701286145,1,0,0,train
RD_001139,CUST_004169,1774579240.579236,2026-03-27T02:40:40.579236+00:00,0,0,1,1751.5,0.14157519790526304,1,0,0,train
RD_004286,CUST_002273,1774583730.5118139,2026-03-27T03:55:30.511814+00:00,0,0,1,143.8,0.1293304493519238,15,0,0,train
RD_004473,CUST_003080,1774587270.0728679,2026-03-27T04:54:30.072868+00:00,0,0,1,966.4,0.023283088397411854,1,0,0,train
RD_005128,CUST_002479,1774589855.54678,2026-03-27T05:37:35.546780+00:00,0,2,1,8115.6,0.025742529498611777,29,0,0,train
RD_004545,CUST_001152,1774596511.6713536,2026-03-27T07:28:31.671354+00:00,0,0,1,223.6,0.5854105994292013,1,0,0,train
RD_004153,CUST_003050,1774598510.1327834,2026-03-27T08:01:50.132783+00:00,0,0,1,242096.1,0.5510125039857955,1,0,0,train
RD_000769,CUST_000076,1774598864.188514,2026-03-27T08:07:44.188514+00:00,0,0,1,2931.2,0.24428931708857515,1,0,0,train
RD_000363,CUST_003182,1774605023.9070468,2026-03-27T09:50:23.907047+00:00,0,0,1,14416.3,0.12440842484743603,1,0,0,train
RD_000905,CUST_000750,1774605233.489434,2026-03-27T09:53:53.489434+00:00,0,0,1,34.7,0.24198848222138128,1,0,0,train
RD_000283,CUST_000250,1774610310.9487035,2026-03-27T11:18:30.948704+00:00,0,0,1,1637.6,0.16315059112573072,23,0,0,train
RD_001548,CUST_003102,1774610953.1652958,2026-03-27T11:29:13.165296+00:00,0,0,1,1331.8,0.031090761709373787,1,0,0,train
RD_003384,CUST_004157,1774611230.2610996,2026-03-27T11:33:50.261100+00:00,0,0,1,994.0,0.1604232162237089,1,0,0,train
RD_000193,CUST_000892,1774613926.1556127,2026-03-27T12:18:46.155613+00:00,0,0,1,3994.0,0.2551043504365957,1,0,0,train
RD_000129,CUST_001566,1774616059.7817953,2026-03-27T12:54:19.781795+00:00,0,0,1,6803.3,0.2536476556314796,37,0,0,train
RD_000682,CUST_001545,1774619806.8856118,2026-03-27T13:56:46.885612+00:00,0,0,1,22559.9,0.3086182911648488,1,0,0,train
RD_004522,CUST_002545,1774621975.186729,2026-03-27T14:32:55.186729+00:00,0,0,1,573.3,0.3083541698118175,1,0,0,train
RD_000846,CUST_000300,1774636694.7438958,2026-03-27T18:38:14.743896+00:00,0,0,1,7279.9,0.35620786585317893,1,0,0,train
RD_000867,CUST_002848,1774636706.159457,2026-03-27T18:38:26.159457+00:00,0,0,1,2866.8,0.043599979421742346,1,0,0,train
RD_002356,CUST_002905,1774639447.3526988,2026-03-27T19:24:07.352699+00:00,0,0,1,2370.0,0.32115826798076524,1,0,0,train
RD_004744,CUST_002939,1774641153.0329309,2026-03-27T19:52:33.032931+00:00,1,0,3,503.7,0.4899442014000841,2,0,0,train
RD_002409,CUST_002273,1774644375.0217452,2026-03-27T20:46:15.021745+00:00,0,0,1,2164.7,0.23102727818362567,24,0,0,train
RD_005350,CUST_004484,1774647625.2437952,2026-03-27T21:40:25.243795+00:00,0,0,1,1133.8,0.08135510329817228,1,0,0,train
RD_000998,CUST_004506,1774648139.3766801,2026-03-27T21:48:59.376680+00:00,0,1,1,3392.3,0.29810260140789097,36,0,0,train
RD_004663,CUST_001255,1774650641.7893224,2026-03-27T22:30:41.789322+00:00,0,0,1,416.6,0.2695457241207199,1,0,0,train
RD_000580,CUST_002414,1774657477.1238499,2026-03-28T00:24:37.123850+00:00,1,0,2,3157.4,0.28741404388981523,4,0,0,train
RD_002818,CUST_003707,1774660921.522905,2026-03-28T01:22:01.522905+00:00,0,0,1,3755.2,0.09365615212713768,1,0,0,train
RD_003549,CUST_004338,1774661894.7220922,2026-03-28T01:38:14.722092+00:00,0,0,1,149388.9,0.03372062214064995,1,0,0,train
RD_004288,CUST_004121,1774665493.6184967,2026-03-28T02:38:13.618497+00:00,0,0,1,102491.5,0.4473608481558808,1,0,0,train
RD_001889,CUST_002714,1774668215.2543223,2026-03-28T03:23:35.254322+00:00,0,0,1,3127.9,0.3963128620797439,1,0,0,train
RD_001585,CUST_001212,1774669198.2085354,2026-03-28T03:39:58.208535+00:00,0,0,1,219276.9,0.21286102541159974,1,0,0,train
RD_004607,CUST_002439,1774669989.6936092,2026-03-28T03:53:09.693609+00:00,0,0,1,509.0,0.13481139804391304,9,0,0,train
RD_003077,CUST_001777,1774671842.5451674,2026-03-28T04:24:02.545167+00:00,0,0,1,521.9,0.19065528592928518,1,0,0,train
RD_002259,CUST_000648,1774672719.239119,2026-03-28T04:38:39.239119+00:00,0,0,1,168.6,0.30125126227563437,1,0,0,train
RD_003413,CUST_001554,1774673405.194147,2026-03-28T04:50:05.194147+00:00,1,0,2,850.6,0.031296948622463516,4,0,0,train
RD_001593,CUST_002001,1774673914.9671085,2026-03-28T04:58:34.967108+00:00,0,0,1,2121.0,0.5673960811471381,1,0,0,train
RD_003753,CUST_000062,1774676370.7250447,2026-03-28T05:39:30.725045+00:00,0,1,1,9963.6,0.2643644631201301,12,0,0,train
RD_002456,CUST_003596,1774676484.9831824,2026-03-28T05:41:24.983182+00:00,0,1,1,29829.4,0.26380502743553275,38,0,0,train
RD_004195,CUST_000171,1774678347.9410207,2026-03-28T06:12:27.941021+00:00,0,0,1,46095.4,0.1489381846001313,1,0,0,train
RD_003943,CUST_001728,1774681826.4492226,2026-03-28T07:10:26.449223+00:00,0,0,1,96.5,0.4887508530343917,1,0,0,train
RD_004974,CUST_003321,1774684201.9124956,2026-03-28T07:50:01.912496+00:00,0,0,1,41347.1,0.29674610329629275,1,0,0,train
RD_003415,CUST_002619,1774684446.57439,2026-03-28T07:54:06.574390+00:00,1,0,1,30.9,0.044247514483696286,2,0,0,train
RD_002146,CUST_003353,1774693151.0903842,2026-03-28T10:19:11.090384+00:00,0,0,1,2080.1,0.09935238179197457,1,0,0,train
RD_004060,CUST_000250,1774693278.7526884,2026-03-28T10:21:18.752688+00:00,0,2,1,139.0,0.15392222675162504,27,0,0,train
RD_004190,CUST_003305,1774695086.2232811,2026-03-28T10:51:26.223281+00:00,0,0,1,845.7,0.015037509532600328,1,0,0,train
RD_002290,CUST_000345,1774695857.1038241,2026-03-28T11:04:17.103824+00:00,0,0,1,20694.3,0.4805884017602012,1,0,0,train
RD_003236,CUST_000304,1774706619.5292706,2026-03-28T14:03:39.529271+00:00,0,0,1,1644.5,0.11982649228579041,1,0,0,train
RD_000689,CUST_000152,1774707941.117745,2026-03-28T14:25:41.117745+00:00,0,0,1,4999.9,0.17796974922573705,1,0,0,train
RD_001977,CUST_001509,1774709756.067181,2026-03-28T14:55:56.067181+00:00,0,0,1,1865.5,0.17806855747512934,1,0,0,train
RD_005218,CUST_000616,1774713998.6581326,2026-03-28T16:06:38.658133+00:00,0,2,1,1428.7,0.09524737184694479,15,0,0,train
RD_000653,CUST_000323,1774724053.956468,2026-03-28T18:54:13.956468+00:00,0,0,1,163.8,0.07821175890808978,1,0,0,train
RD_004854,CUST_002679,1774729063.082997,2026-03-28T20:17:43.082997+00:00,0,0,1,45784.9,0.11302361334653463,1,0,0,train
RD_000278,CUST_000107,1774729863.6937232,2026-03-28T20:31:03.693723+00:00,0,0,1,7083.7,0.12227125067271138,1,0,0,train
RD_000565,CUST_000507,1774734276.9116132,2026-03-28T21:44:36.911613+00:00,0,0,1,2348.2,0.28494889183793737,1,0,0,train
RD_002339,CUST_001397,1774737433.6705346,2026-03-28T22:37:13.670535+00:00,1,0,3,896.2,0.20185505695246167,3,0,0,train
RD_000715,CUST_001488,1774738535.9957337,2026-03-28T22:55:35.995734+00:00,0,0,1,176.5,0.3349267203071467,3,0,0,train
RD_001681,CUST_001853,1774746623.3217554,2026-03-29T01:10:23.321755+00:00,0,0,1,67.0,0.07868888980029706,1,0,0,train
RD_000044,CUST_000217,1774751382.9008303,2026-03-29T02:29:42.900830+00:00,0,0,1,3330.5,0.06672532189198349,1,0,0,train
RD_005276,CUST_000369,1774759640.5130339,2026-03-29T04:47:20.513034+00:00,0,0,1,260.6,0.48222462793997767,1,0,0,train
RD_001469,CUST_004514,1774762511.6887238,2026-03-29T05:35:11.688724+00:00,0,0,1,2406.1,0.019228911432332043,1,0,0,train
RD_004468,CUST_001539,1774762649.5899806,2026-03-29T05:37:29.589981+00:00,0,0,1,924.5,0.1110335679042564,1,0,0,train
RD_001930,CUST_003640,1774770806.2572112,2026-03-29T07:53:26.257211+00:00,0,0,1,779.5,0.22945656111036275,1,0,0,train
RD_001232,CUST_003134,1774771035.7593272,2026-03-29T07:57:15.759327+00:00,0,0,3,2472.2,0.16412018444036916,3,0,0,train
RD_003291,CUST_002784,1774771143.6528616,2026-03-29T07:59:03.652862+00:00,0,2,1,6491.2,0.041889769731407234,24,0,0,train
RD_000820,CUST_001799,1774779357.54503,2026-03-29T10:15:57.545030+00:00,0,0,1,456.9,0.2169211334255986,1,0,0,train
RD_004773,CUST_000483,1774781340.436604,2026-03-29T10:49:00.436604+00:00,0,0,1,1905.0,0.43843399220557316,1,0,0,train
RD_003362,CUST_001823,1774782251.1918879,2026-03-29T11:04:11.191888+00:00,0,0,1,1894.3,0.20276732425699767,1,0,0,train
RD_000889,CUST_004135,1774790112.3935363,2026-03-29T13:15:12.393536+00:00,0,0,1,2745.9,0.3437614488626309,1,0,0,train
RD_003797,CUST_003011,1774795194.5942514,2026-03-29T14:39:54.594251+00:00,0,0,1,2419.7,0.4226836278783533,1,0,0,train
RD_002956,CUST_002421,1774795373.5339544,2026-03-29T14:42:53.533954+00:00,0,0,1,7489.2,0.15395719730452906,1,0,0,train
RD_000140,CUST_002050,1774795879.4843245,2026-03-29T14:51:19.484324+00:00,1,0,1,20203.3,0.22489049563568522,2,0,0,train
RD_003428,CUST_000594,1774799753.5417745,2026-03-29T15:55:53.541775+00:00,0,1,1,6415.7,0.3241986350427572,12,0,0,train
RD_000176,CUST_000353,1774800756.2364082,2026-03-29T16:12:36.236408+00:00,0,0,1,7325.2,0.048713129282908496,1,0,0,train
RD_000078,CUST_000434,1774808289.2562816,2026-03-29T18:18:09.256282+00:00,0,0,1,780.5,0.34360248685118483,1,0,0,train
RD_005092,CUST_000153,1774809657.3601894,2026-03-29T18:40:57.360189+00:00,0,0,1,1757.6,0.09654541996651855,1,0,0,train
RD_AB_00068_00,CUST_PA00068_00,1774811002.233515,2026-03-29T19:03:22.233515+00:00,0,0,1,209.0,0.8647097516853064,5,0,1,train
RD_AB_00068_01,CUST_PA00068_01,1774813402.0359042,2026-03-29T19:44:15.353128+00:00,0,1,1,115.4,0.3577180695482949,5,1,1,train
RD_000636,CUST_003787,1774813771.666174,2026-03-29T19:49:31.666174+00:00,0,0,1,243.2,0.10147122144602777,1,0,0,train
RD_AB_00068_03,CUST_PA00068_03,1774814259.8258681,2026-03-29T23:05:27.790812+00:00,3,3,4,42.8,0.6433335576602006,5,1,1,train
RD_002165,CUST_003537,1774817873.6671011,2026-03-29T20:57:53.667101+00:00,0,0,1,51.3,0.6241758920252185,1,0,0,train
RD_003616,CUST_001115,1774819059.8367543,2026-03-29T21:17:39.836754+00:00,0,0,1,3293.4,0.3228731296512032,1,0,0,train
RD_001959,CUST_001744,1774819749.3555253,2026-03-29T21:29:09.355525+00:00,0,0,1,42461.5,0.2594007146441127,1,0,0,train
RD_000677,CUST_003339,1774821692.2290337,2026-03-29T22:01:32.229034+00:00,0,0,1,303.2,0.10554490295360047,1,0,0,train
RD_AB_00068_02,CUST_PA00068_02,1774821710.783533,2026-03-29T21:00:16.794246+00:00,2,2,3,139.9,0.8128985541564111,5,1,1,train
RD_002104,CUST_004407,1774825840.4591177,2026-03-29T23:10:40.459118+00:00,0,0,1,11161.1,0.1318880075202927,1,0,0,train
RD_000844,CUST_003619,1774827585.0423172,2026-03-29T23:39:45.042317+00:00,0,0,1,2859.9,0.07590406358879237,1,0,0,train
RD_AB_00068_04,CUST_PA00068_04,1774827769.7808826,2026-03-29T21:46:31.610160+00:00,0,4,5,30.8,0.55653673660512,5,1,1,train
RD_004476,CUST_002839,1774828100.578673,2026-03-29T23:48:20.578673+00:00,0,0,1,8474.3,0.22861388900290103,1,0,0,train
RD_004612,CUST_003880,1774829210.8876657,2026-03-30T00:06:50.887666+00:00,0,0,1,1622.9,0.20255457370994376,1,0,0,train
RD_002616,CUST_004125,1774838669.46864,2026-03-30T02:44:29.468640+00:00,1,0,2,491.4,0.1928499177872223,4,0,0,train
RD_004843,CUST_001199,1774839366.3484294,2026-03-30T02:56:06.348429+00:00,0,0,1,5990.3,0.22020341136238095,1,0,0,train
RD_000505,CUST_004252,1774841304.476724,2026-03-30T03:28:24.476724+00:00,0,0,1,6730.6,0.3083561796819432,1,0,0,train
RD_001599,CUST_003008,1774851509.1527672,2026-03-30T06:18:29.152767+00:00,0,0,1,955.9,0.3588629383617425,1,0,0,train
RD_002060,CUST_000421,1774854880.2097282,2026-03-30T07:14:40.209728+00:00,0,0,1,337.8,0.14075508196076056,1,0,0,train
RD_004916,CUST_003121,1774868842.3615398,2026-03-30T11:07:22.361540+00:00,0,0,1,2617.2,0.5887404675234679,1,0,0,train
RD_005347,CUST_004252,1774869642.700595,2026-03-30T11:20:42.700595+00:00,0,0,1,2882.0,0.2688093300774705,1,0,0,train
RD_000266,CUST_000076,1774872271.1449099,2026-03-30T12:04:31.144910+00:00,0,0,1,4788.3,0.12925302453348067,1,0,0,train
RD_002852,CUST_003102,1774872560.158424,2026-03-30T12:09:20.158424+00:00,0,0,1,1578.4,0.10957258539367372,1,0,0,train
RD_000949,CUST_001034,1774875048.049445,2026-03-30T12:50:48.049445+00:00,0,0,1,609.3,0.12240536958050166,1,0,0,train
RD_002344,CUST_001767,1774877258.1142874,2026-03-30T13:27:38.114287+00:00,0,0,1,1864.7,0.16155502709212086,1,0,0,train
RD_000530,CUST_004040,1774880640.3262079,2026-03-30T14:24:00.326208+00:00,0,0,1,12755.2,0.01687838726772547,1,0,0,train
RD_001022,CUST_004045,1774881108.2948658,2026-03-30T14:31:48.294866+00:00,0,0,1,1453.0,0.28066448566686786,1,0,0,train
RD_000431,CUST_004514,1774883155.7538602,2026-03-30T15:05:55.753860+00:00,0,0,1,30771.0,0.16005734428859736,1,0,0,train
RD_000946,CUST_002698,1774885444.3046746,2026-03-30T15:44:04.304675+00:00,0,0,1,6329.8,0.03211228380186188,1,0,0,train
RD_005087,CUST_001993,1774885720.3451853,2026-03-30T15:48:40.345185+00:00,0,0,1,2600.1,0.10668989808776375,1,0,0,train
RD_001128,CUST_001568,1774899099.3213222,2026-03-30T19:31:39.321322+00:00,0,0,1,8248.5,0.3089499624385331,1,0,0,train
RD_000774,CUST_004407,1774902714.9460044,2026-03-30T20:31:54.946004+00:00,0,0,1,17068.1,0.08990864686768336,1,0,0,train
RD_000548,CUST_003153,1774907923.9786258,2026-03-30T21:58:43.978626+00:00,0,0,1,9380.9,0.46591829331006107,1,0,0,train
RD_002842,CUST_004441,1774911711.7436929,2026-03-30T23:01:51.743693+00:00,0,0,1,8531.3,0.148400657624952,1,0,0,train
RD_001694,CUST_004316,1774920064.401216,2026-03-31T01:21:04.401216+00:00,0,0,1,2009.4,0.03386673687577928,1,0,0,train
RD_003827,CUST_003349,1774927807.595312,2026-03-31T03:30:07.595312+00:00,0,2,1,1290.4,0.5510207379973893,30,0,0,train
RD_004985,CUST_000527,1774930008.6686335,2026-03-31T04:06:48.668633+00:00,0,0,1,2678.7,0.15258422141839026,1,0,0,train
RD_005166,CUST_001350,1774935805.5221977,2026-03-31T05:43:25.522198+00:00,0,0,1,5118.2,0.07524304720888127,1,0,0,train
RD_004107,CUST_001718,1774942330.5687864,2026-03-31T07:32:10.568786+00:00,0,0,1,2575.1,0.10319462983882824,1,0,0,train
RD_AB_00056_00,CUST_PA00056_00,1774945579.8739924,2026-03-31T08:26:19.873992+00:00,0,0,1,44.7,0.9535959838037857,8,0,1,train
RD_AB_00056_03,CUST_PA00056_03,1774947273.1690826,2026-03-31T12:21:25.783691+00:00,3,3,4,32.2,0.8088111959384116,8,1,1,train
RD_AB_00056_01,CUST_PA00056_01,1774947846.9385793,2026-03-31T08:43:14.745924+00:00,1,1,2,25.1,0.7342495177971448,8,1,1,train
RD_AB_00056_02,CUST_PA00056_02,1774951220.7567239,2026-03-31T09:45:19.170431+00:00,2,2,3,56.0,0.7975584254730409,8,1,1,train
RD_001644,CUST_004542,1774952169.5460007,2026-03-31T10:16:09.546001+00:00,0,0,1,432.6,0.14513241248878272,1,0,0,train
RD_AB_00056_04,CUST_PA00056_04,1774953113.2790415,2026-03-31T10:01:16.935393+00:00,4,4,5,58.8,0.38584818394371134,8,1,1,train
RD_AB_00056_06,CUST_PA00056_06,1774953353.3352044,2026-03-31T16:10:54.981554+00:00,6,6,7,23.1,0.6383069763981948,8,1,1,train
RD_000980,CUST_002517,1774953681.162645,2026-03-31T10:41:21.162645+00:00,0,0,1,202.2,0.18718538191905917,1,0,0,train
RD_AB_00056_05,CUST_PA00056_05,1774954759.8183823,2026-03-31T10:02:04.381001+00:00,0,5,1,9.9,0.5818626279766745,8,1,1,train
RD_001349,CUST_001662,1774955096.8228846,2026-03-31T11:04:56.822885+00:00,0,0,1,2323.5,0.0394646453111889,1,0,0,train
RD_004578,CUST_004038,1774957602.2442057,2026-03-31T11:46:42.244206+00:00,0,0,1,87970.2,0.31498600397239074,1,0,0,train
RD_003667,CUST_002339,1774959298.525524,2026-03-31T12:14:58.525524+00:00,0,0,1,73552.1,0.35696571478477723,1,0,0,train
RD_005368,CUST_001752,1774961684.501284,2026-03-31T12:54:44.501284+00:00,0,0,1,18773.7,0.2455392650298374,1,0,0,train
RD_AB_00056_07,CUST_PA00056_07,1774969508.7072005,2026-03-31T13:43:37.304675+00:00,7,7,8,12.1,0.37605067804025777,8,1,1,train
RD_004008,CUST_001845,1774973803.2726424,2026-03-31T16:16:43.272642+00:00,0,0,1,2759.9,0.5051084486424614,14,0,0,train
RD_001436,CUST_004072,1774974731.9161153,2026-03-31T16:32:11.916115+00:00,1,0,3,423.2,0.219026831618358,4,0,0,train
RD_003093,CUST_000062,1774981441.972982,2026-03-31T18:24:01.972982+00:00,0,1,1,2464.5,0.19390198610921233,36,0,0,train
RD_004125,CUST_002848,1774982226.6530383,2026-03-31T18:37:06.653038+00:00,0,0,1,2768.4,0.2998686843369682,1,0,0,train
RD_004905,CUST_002080,1774990320.0970602,2026-03-31T20:52:00.097060+00:00,0,0,1,13435.2,0.11541909190030902,1,0,0,train
RD_005468,CUST_000607,1774999221.4448233,2026-03-31T23:20:21.444823+00:00,0,0,1,6717.3,0.2685576491897255,1,0,0,train
RD_002221,CUST_000128,1775001309.8949344,2026-03-31T23:55:09.894934+00:00,0,0,1,1224.8,0.12842648067295565,1,0,0,train
RD_003427,CUST_001752,1775002038.2545304,2026-04-01T00:07:18.254530+00:00,0,0,1,491.7,0.2966654224698139,1,0,0,train
RD_AB_00031_00,CUST_PA00031_00,1775010533.6386116,2026-04-01T02:28:53.638612+00:00,0,0,1,9.5,0.4826420835300452,7,0,1,train
RD_AB_00031_02,CUST_PA00031_02,1775013109.6174986,2026-04-01T04:30:07.188399+00:00,2,2,3,13.5,0.5561661589193523,7,0,1,train
RD_AB_00031_01,CUST_PA00031_01,1775013158.2983468,2026-04-01T03:11:43.914851+00:00,1,1,2,7.9,0.6154024313372652,7,0,1,train
RD_AB_00031_04,CUST_PA00031_04,1775013563.4771388,2026-04-01T03:17:05.302192+00:00,4,4,5,118.1,0.793867994402042,7,0,1,train
RD_AB_00031_03,CUST_PA00031_03,1775014881.8791533,2026-04-01T03:26:25.813104+00:00,3,3,1,36.6,0.7384633377330826,7,0,1,train
RD_003880,CUST_004325,1775017900.785751,2026-04-01T04:31:40.785751+00:00,0,0,1,9686.6,0.2797337179433659,1,0,0,train
RD_002841,CUST_002206,1775023021.8927746,2026-04-01T05:57:01.892775+00:00,0,0,1,329.5,0.27774412910616003,1,0,0,train
RD_003854,CUST_001739,1775023692.3820786,2026-04-01T06:08:12.382079+00:00,0,0,1,7914.7,0.21511162985153212,1,0,0,train
RD_003662,CUST_004121,1775024547.8495655,2026-04-01T06:22:27.849566+00:00,0,0,1,5820.9,0.16891206704185333,1,0,0,train
RD_001631,CUST_003673,1775030052.1172023,2026-04-01T07:54:12.117202+00:00,0,0,1,697.6,0.115703232285862,1,0,0,train
RD_004430,CUST_000313,1775033703.488042,2026-04-01T08:55:03.488042+00:00,0,0,1,10949.4,0.07612854210925055,1,0,0,train
RD_AB_00031_05,CUST_PA00031_05,1775036481.8379767,2026-04-01T05:38:49.246228+00:00,5,5,6,32.3,0.6357206618208332,7,0,1,train
RD_AB_00031_06,CUST_PA00031_06,1775040036.1469693,2026-04-01T09:35:37.622761+00:00,0,6,7,41.2,0.8066281305090919,7,0,1,train
RD_000217,CUST_002862,1775040131.6741426,2026-04-01T10:42:11.674143+00:00,0,0,1,3413.2,0.2404794008452328,1,0,0,train
RD_003382,CUST_003090,1775052031.2247105,2026-04-01T14:00:31.224710+00:00,0,0,1,1126.0,0.05646225123986158,33,0,0,train
RD_002478,CUST_002848,1775056998.4636836,2026-04-01T15:23:18.463684+00:00,0,0,1,3336.1,0.05633316912980444,1,0,0,train
RD_001217,CUST_003152,1775057639.3693194,2026-04-01T15:33:59.369319+00:00,1,0,1,1876.6,0.22413844871230762,3,0,0,train
RD_002955,CUST_003994,1775059342.8762515,2026-04-01T16:02:22.876251+00:00,0,0,1,6151.1,0.07137478041451968,1,0,0,train
RD_003344,CUST_000685,1775065330.8573267,2026-04-01T17:42:10.857327+00:00,0,0,1,3755.9,0.2709796493449605,1,0,0,train
RD_003907,CUST_001066,1775065484.8825176,2026-04-01T17:44:44.882518+00:00,0,0,1,3178.3,0.22079528862355705,1,0,0,train
RD_001049,CUST_002017,1775082498.7146428,2026-04-01T22:28:18.714643+00:00,0,0,1,320.0,0.08479320470621543,1,0,0,train
RD_004297,CUST_000849,1775094494.8436713,2026-04-02T01:48:14.843671+00:00,0,0,1,4909.0,0.3504039905336,1,0,0,train
RD_001398,CUST_000788,1775103240.8867896,2026-04-02T04:14:00.886790+00:00,0,0,1,6862.4,0.2452373288261604,1,0,0,train
RD_002510,CUST_004426,1775109284.9776137,2026-04-02T05:54:44.977614+00:00,0,0,1,512.3,0.13601901727405374,1,0,0,train
RD_001877,CUST_002529,1775115022.735539,2026-04-02T07:30:22.735539+00:00,0,0,1,4159.0,0.009853171829185764,1,0,0,train
RD_005246,CUST_004316,1775125375.9252753,2026-04-02T10:22:55.925275+00:00,0,0,1,1836.5,0.15488454063287135,1,0,0,train
RD_004229,CUST_002100,1775125885.1878011,2026-04-02T10:31:25.187801+00:00,0,1,1,4427.7,0.052241703996993204,24,0,0,train
RD_003271,CUST_001799,1775132901.6522667,2026-04-02T12:28:21.652267+00:00,0,0,1,20133.5,0.14826623073084558,1,0,0,train
RD_002666,CUST_003572,1775133371.7000654,2026-04-02T12:36:11.700065+00:00,0,0,1,5831.3,0.14840220318878816,1,0,0,train
RD_002270,CUST_000742,1775141435.6349318,2026-04-02T14:50:35.634932+00:00,0,0,1,673.4,0.13030446808137952,1,0,0,train
RD_004511,CUST_000616,1775141694.2759333,2026-04-02T14:54:54.275933+00:00,0,0,1,1035.0,0.015358359166453658,9,0,0,train
RD_000171,CUST_002905,1775143567.9249914,2026-04-02T15:26:07.924991+00:00,0,0,1,6278.3,0.4513144050475784,1,0,0,train
RD_004690,CUST_002342,1775145669.8089833,2026-04-02T16:01:09.808983+00:00,0,0,1,1015.0,0.5055008194440801,1,0,0,train
RD_003856,CUST_000016,1775151144.3597965,2026-04-02T17:32:24.359797+00:00,0,0,1,17185.8,0.4402271116026259,1,0,0,train
RD_002786,CUST_000153,1775155137.1821501,2026-04-02T18:38:57.182150+00:00,0,0,1,2992.8,0.04784016598881354,1,0,0,train
RD_000238,CUST_002851,1775155212.1770697,2026-04-02T18:40:12.177070+00:00,0,0,1,3242.7,0.322977778459523,1,0,0,train
RD_003298,CUST_000531,1775156714.0141287,2026-04-02T19:05:14.014129+00:00,0,0,1,4126.0,0.28594525320173386,1,0,0,train
RD_004885,CUST_003799,1775156716.364939,2026-04-02T19:05:16.364939+00:00,0,0,1,378.2,0.17659158233763989,1,0,0,train
RD_000962,CUST_002361,1775161612.0898013,2026-04-02T20:26:52.089801+00:00,0,0,1,2155.1,0.08135052365076069,33,0,0,train
RD_000041,CUST_001350,1775164534.3309815,2026-04-02T21:15:34.330981+00:00,0,0,1,882.3,0.2789189988265008,1,0,0,train
RD_002670,CUST_000227,1775164612.0774167,2026-04-02T21:16:52.077417+00:00,0,0,1,254.0,0.008969540964790822,1,0,0,train
RD_000071,CUST_002922,1775170627.6453242,2026-04-02T22:57:07.645324+00:00,0,0,1,1968.9,0.23794460985980773,1,0,0,train
RD_003329,CUST_004338,1775170820.2078655,2026-04-02T23:00:20.207865+00:00,0,0,1,4634.4,0.4850105810176705,1,0,0,train
RD_000156,CUST_002286,1775183532.5764656,2026-04-03T02:32:12.576466+00:00,0,0,1,268.1,0.3263155613461905,1,0,0,train
RD_004277,CUST_000376,1775185176.083878,2026-04-03T02:59:36.083878+00:00,0,0,1,2555.7,0.21332228116879406,1,0,0,train
RD_001761,CUST_004135,1775187693.988603,2026-04-03T03:41:33.988603+00:00,0,0,1,3912.0,0.4570713133208467,1,0,0,train
RD_002445,CUST_000278,1775191596.9106848,2026-04-03T04:46:36.910685+00:00,0,2,1,1111.2,0.1396940307925529,10,0,0,train
RD_003689,CUST_002273,1775193780.2011616,2026-04-03T05:23:00.201162+00:00,0,0,1,1104.6,0.08822772818519513,26,0,0,train
RD_005014,CUST_002507,1775202013.7071834,2026-04-03T07:40:13.707183+00:00,0,0,1,4043.8,0.4029028028995399,1,0,0,train
RD_005239,CUST_001248,1775202169.558213,2026-04-03T07:42:49.558213+00:00,0,0,1,836.8,0.046668201278924536,3,0,0,train
RD_000640,CUST_000128,1775203411.8971658,2026-04-03T08:03:31.897166+00:00,0,0,1,580.0,0.213317778357956,1,0,0,train
RD_001426,CUST_002438,1775217481.6813412,2026-04-03T11:58:01.681341+00:00,0,0,1,1104.2,0.03326972581589224,1,0,0,train
RD_001794,CUST_000621,1775222555.6791022,2026-04-03T13:22:35.679102+00:00,0,0,1,10833.2,0.1403214634417328,1,0,0,train
RD_003342,CUST_001688,1775223726.3687782,2026-04-03T13:42:06.368778+00:00,0,0,1,956.0,0.06889384354922508,1,0,0,train
RD_004112,CUST_001801,1775226144.4092,2026-04-03T14:22:24.409200+00:00,0,0,1,527.3,0.14963453146142966,1,0,0,train
RD_004562,CUST_002932,1775226747.433604,2026-04-03T14:32:27.433604+00:00,0,0,1,1227.5,0.23380157135966084,1,0,0,train
RD_000132,CUST_002366,1775230273.6563964,2026-04-03T15:31:13.656396+00:00,0,0,1,924.6,0.04093367314011943,1,0,0,train
RD_AB_00084_00,CUST_PA00084_00,1775231402.4441674,2026-04-03T15:50:02.444167+00:00,0,0,1,50.3,0.66359635591858,4,0,1,train
RD_000900,CUST_001845,1775231952.3315275,2026-04-03T15:59:12.331527+00:00,0,1,1,8346.5,0.555099322697237,38,0,0,train
RD_005062,CUST_000721,1775232272.0063,2026-04-03T16:04:32.006300+00:00,0,0,1,513.8,0.26325197423465035,33,0,0,train
RD_AB_00084_01,CUST_PA00084_01,1775234112.6118116,2026-04-03T16:05:13.545811+00:00,0,1,2,11.8,0.48125420835572247,4,1,1,train
RD_AB_00084_02,CUST_PA00084_02,1775235240.3148422,2026-04-03T16:04:35.581598+00:00,2,2,3,117.9,0.7860237510370199,4,1,1,train
RD_003038,CUST_002868,1775237785.4852421,2026-04-03T17:36:25.485242+00:00,0,0,1,6343.9,0.24757670611171842,1,0,0,train
RD_AB_00084_03,CUST_PA00084_03,1775239281.657063,2026-04-03T16:03:59.255736+00:00,3,3,4,415.0,0.8993540124490762,4,1,1,train
RD_001443,CUST_003612,1775240052.0091305,2026-04-03T18:14:12.009130+00:00,0,0,1,16203.2,0.4114256336667746,1,0,0,train
RD_001108,CUST_001718,1775243978.4806032,2026-04-03T19:19:38.480603+00:00,0,0,1,93.6,0.36096482828384097,1,0,0,train
RD_000735,CUST_000650,1775244486.2270408,2026-04-03T19:28:06.227041+00:00,0,0,1,2191.9,0.08392284002841685,1,0,0,train
RD_000658,CUST_003734,1775245680.178138,2026-04-03T19:48:00.178138+00:00,0,0,1,2138.5,0.39495227333283633,1,0,0,train
RD_002335,CUST_002492,1775247355.5576289,2026-04-03T20:15:55.557629+00:00,0,0,1,818.7,0.26332584849245744,1,0,0,train
RD_004984,CUST_000125,1775248606.0057638,2026-04-03T20:36:46.005764+00:00,0,0,1,4972.5,0.371018418664888,1,0,0,train
RD_005119,CUST_002807,1775250606.382067,2026-04-03T21:10:06.382067+00:00,0,0,1,5131.9,0.030205382021210633,1,0,0,train
RD_004640,CUST_000016,1775255613.0021021,2026-04-03T22:33:33.002102+00:00,0,0,1,1740.5,0.1869669439271404,1,0,0,train
RD_001925,CUST_002273,1775256117.1014729,2026-04-03T22:41:57.101473+00:00,0,2,1,13826.9,0.18693748271514485,32,0,0,train
RD_001189,CUST_000343,1775258595.704601,2026-04-03T23:23:15.704601+00:00,0,0,1,4857.1,0.3701045143065773,1,0,0,train
RD_001112,CUST_001328,1775259245.0021098,2026-04-03T23:34:05.002110+00:00,0,0,1,4422.4,0.1008539681475029,1,0,0,train
RD_000202,CUST_002507,1775264031.5127485,2026-04-04T00:53:51.512748+00:00,0,0,1,520.8,0.42257290571096656,1,0,0,train
RD_005051,CUST_004016,1775264305.440164,2026-04-04T00:58:25.440164+00:00,0,0,1,342.3,0.11095882169516702,1,0,0,train
RD_003965,CUST_004121,1775264432.3112478,2026-04-04T01:00:32.311248+00:00,0,0,1,851.5,0.1486348022541511,1,0,0,train
RD_002515,CUST_003118,1775267708.543684,2026-04-04T01:55:08.543684+00:00,0,0,1,4946.7,0.4470825588844318,1,0,0,train
RD_004894,CUST_001132,1775269139.575864,2026-04-04T02:18:59.575864+00:00,0,0,1,589.0,0.04787112056494415,1,0,0,train
RD_001088,CUST_001356,1775271288.0692575,2026-04-04T02:54:48.069257+00:00,0,0,3,6219.0,0.046074029122541854,4,0,0,train
RD_001295,CUST_003904,1775271869.4088204,2026-04-04T03:04:29.408820+00:00,0,0,1,10808.3,0.14434961179840528,1,0,0,train
RD_001882,CUST_002839,1775279440.171965,2026-04-04T05:10:40.171965+00:00,0,0,1,1093.2,0.11919934769787885,1,0,0,train
RD_002811,CUST_001567,1775287989.3470383,2026-04-04T07:33:09.347038+00:00,0,0,1,79.9,0.16417020720503658,1,0,0,train
RD_001531,CUST_000217,1775289598.8546917,2026-04-04T07:59:58.854692+00:00,0,0,1,1464.3,0.045710962282124776,1,0,0,train
RD_003158,CUST_000863,1775291855.505637,2026-04-04T08:37:35.505637+00:00,0,0,1,75.0,0.08423468775000226,1,0,0,train
RD_003735,CUST_001789,1775296831.612124,2026-04-04T10:00:31.612124+00:00,0,0,1,3702.2,0.0996350590933506,1,0,0,train
RD_004349,CUST_001770,1775298422.5466409,2026-04-04T10:27:02.546641+00:00,0,2,1,4180.5,0.15232034007870268,35,0,0,train
RD_001170,CUST_000892,1775300576.630554,2026-04-04T11:02:56.630554+00:00,0,0,1,1928.9,0.1472881693102631,1,0,0,train
RD_005192,CUST_002922,1775302946.0545397,2026-04-04T11:42:26.054540+00:00,0,0,1,22674.5,0.12041671279042707,1,0,0,train
RD_000025,CUST_000167,1775305355.8680615,2026-04-04T12:22:35.868062+00:00,0,0,1,2054.8,0.18448390944195495,1,0,0,train
RD_AB_00005_00,CUST_PA00005_00,1775307280.2653673,2026-04-04T12:54:40.265367+00:00,0,0,1,68.7,0.8728952417329147,8,0,1,train
RD_AB_00005_01,CUST_PA00005_01,1775307615.0977378,2026-04-04T13:58:01.308909+00:00,0,1,2,25.5,0.5400394516922624,8,0,1,train
RD_AB_00005_03,CUST_PA00005_03,1775309388.0728767,2026-04-04T17:05:23.809195+00:00,3,3,4,3.4,0.5326848770355462,8,0,1,train
RD_004981,CUST_003102,1775311482.3063295,2026-04-04T14:04:42.306329+00:00,0,0,1,34122.7,0.3730893643979653,1,0,0,train
RD_AB_00005_06,CUST_PA00005_06,1775312563.876669,2026-04-04T19:36:11.188195+00:00,6,6,7,60.1,0.8253749156026631,8,0,1,train
RD_AB_00005_02,CUST_PA00005_02,1775314216.4964418,2026-04-04T14:18:05.580578+00:00,2,2,1,134.6,0.9154569363560779,8,0,1,train
RD_003680,CUST_003596,1775316940.2630162,2026-04-04T15:35:40.263016+00:00,0,1,1,13975.1,0.22311794697471965,14,0,0,train
RD_000417,CUST_001772,1775317251.5862448,2026-04-04T15:40:51.586245+00:00,0,0,1,149.2,0.20508753148170542,1,0,0,train
RD_AB_00005_04,CUST_PA00005_04,1775323745.6448839,2026-04-04T14:36:08.623037+00:00,4,4,5,83.0,0.7841378156919536,8,0,1,train
RD_002331,CUST_001789,1775324096.7400043,2026-04-04T17:34:56.740004+00:00,0,0,1,2109.7,0.34832222144447006,1,0,0,train
RD_001070,CUST_003524,1775324788.7239122,2026-04-04T17:46:28.723912+00:00,0,0,1,130.0,0.16544337356553196,1,0,0,train
RD_AB_00005_07,CUST_PA00005_07,1775327873.0532763,2026-04-04T19:28:11.850847+00:00,7,7,8,7.6,0.7001780400841774,8,0,1,train
RD_AB_00005_05,CUST_PA00005_05,1775331749.161337,2026-04-04T17:30:33.708508+00:00,5,5,6,41.8,0.5435963249790094,8,0,1,train
RD_000250,CUST_003760,1775335397.820459,2026-04-04T20:43:17.820459+00:00,0,0,1,11666.4,0.23417091740803953,1,0,0,train
RD_004719,CUST_001057,1775337457.9676027,2026-04-04T21:17:37.967603+00:00,0,0,1,1969.2,0.19326904688709126,3,0,0,train
RD_002849,CUST_000602,1775340966.7859952,2026-04-04T22:16:06.785995+00:00,0,0,1,13177.6,0.18419716950266007,1,0,0,train
RD_002140,CUST_003577,1775343767.6759806,2026-04-04T23:02:47.675981+00:00,0,0,1,5643.5,0.153604879222812,1,0,0,train
RD_000272,CUST_002098,1775345005.9413078,2026-04-04T23:23:25.941308+00:00,1,0,3,255.8,0.391103630885935,2,0,0,train
RD_004032,CUST_001744,1775347650.5293846,2026-04-05T00:07:30.529385+00:00,0,0,1,499.5,0.07094513521406395,1,0,0,train
RD_000687,CUST_000562,1775352563.503856,2026-04-05T01:29:23.503856+00:00,0,0,2,11999.4,0.12087414179099107,2,0,0,train
RD_001901,CUST_001271,1775354139.2857015,2026-04-05T01:55:39.285702+00:00,0,0,1,708.9,0.2326285011166953,1,0,0,train
RD_005030,CUST_001577,1775359271.2140918,2026-04-05T03:21:11.214092+00:00,0,0,1,4804.0,0.3248288365953976,1,0,0,train
RD_001677,CUST_001488,1775371457.7072868,2026-04-05T06:44:17.707287+00:00,0,0,1,1489.9,0.21677083820717247,4,0,0,train
RD_000621,CUST_000621,1775377126.7386377,2026-04-05T08:18:46.738638+00:00,0,0,1,9572.5,0.6202436103001526,1,0,0,train
RD_004457,CUST_004493,1775379138.7670166,2026-04-05T08:52:18.767017+00:00,0,0,1,261.0,0.24677284163099564,1,0,0,train
RD_005395,CUST_003296,1775380245.661295,2026-04-05T09:10:45.661295+00:00,0,1,1,248.3,0.0582952131045496,27,0,0,train
RD_002286,CUST_002848,1775389354.5528424,2026-04-05T11:42:34.552842+00:00,0,0,1,505.2,0.21933905027702594,1,0,0,train
RD_000910,CUST_004125,1775392363.1395283,2026-04-05T12:32:43.139528+00:00,0,0,3,2469.3,0.22171303428673375,3,0,0,train
RD_001209,CUST_003432,1775394626.644334,2026-04-05T13:10:26.644334+00:00,0,0,3,4405.4,0.1612487550843783,2,0,0,train
RD_004716,CUST_000304,1775397855.1056635,2026-04-05T14:04:15.105664+00:00,0,0,1,3585.6,0.15738813928629752,1,0,0,train
RD_005435,CUST_002223,1775401361.3054192,2026-04-05T15:02:41.305419+00:00,0,0,1,517.6,0.10893390880240811,1,0,0,train
RD_001465,CUST_003084,1775401723.1178806,2026-04-05T15:08:43.117881+00:00,0,0,1,6887.9,0.09891065263691909,1,0,0,train
RD_000923,CUST_004514,1775407393.2147686,2026-04-05T16:43:13.214769+00:00,0,0,1,224.5,0.2821523597599081,1,0,0,train
RD_001559,CUST_001222,1775407526.8665905,2026-04-05T16:45:26.866590+00:00,1,0,3,1017.9,0.5391545103198964,3,0,0,train
RD_001460,CUST_003311,1775409911.6567626,2026-04-05T17:25:11.656763+00:00,0,0,1,5987.5,0.1589706362247954,1,0,0,train
RD_002342,CUST_004020,1775413040.4973953,2026-04-05T18:17:20.497395+00:00,0,0,1,16487.1,0.4702847761687892,1,0,0,train
RD_005116,CUST_002172,1775414193.7601824,2026-04-05T18:36:33.760182+00:00,0,0,1,3106.1,0.06430609514676948,1,0,0,train
RD_004445,CUST_004281,1775419206.7440338,2026-04-05T20:00:06.744034+00:00,0,0,1,1132.3,0.2371528908991793,1,0,0,train
RD_003318,CUST_001777,1775419591.5388532,2026-04-05T20:06:31.538853+00:00,0,0,1,4189.7,0.04775941570145446,1,0,0,train
RD_003570,CUST_001104,1775429185.545798,2026-04-05T22:46:25.545798+00:00,0,0,1,1522.0,0.4149300271642341,1,0,0,train
RD_AB_00035_00,CUST_PA00035_00,1775434354.3342302,2026-04-06T00:12:34.334230+00:00,0,0,1,5.1,0.6923907819781533,8,0,1,train
RD_AB_00035_01,CUST_PA00035_01,1775434714.4360373,2026-04-06T00:41:48.244029+00:00,1,1,2,3.3,0.8211299414309976,8,0,1,train
RD_AB_00035_03,CUST_PA00035_03,1775442618.398643,2026-04-06T04:16:42.541267+00:00,3,3,4,47.1,0.7627630830159509,8,0,1,train
RD_AB_00035_04,CUST_PA00035_04,1775443726.2161322,2026-04-06T03:38:06.039217+00:00,0,4,5,22.7,0.6467145575288565,8,0,1,train
RD_AB_00035_02,CUST_PA00035_02,1775443858.0564194,2026-04-06T02:47:08.246142+00:00,2,2,3,6.1,0.7313025549296793,8,0,1,train
RD_AB_00035_07,CUST_PA00035_07,1775448568.5526905,2026-04-06T03:15:03.428902+00:00,7,7,8,160.2,0.8477499360108472,8,0,1,train
RD_004657,CUST_001772,1775450916.153983,2026-04-06T04:48:36.153983+00:00,0,0,1,253.0,0.3552955848673398,1,0,0,train
RD_AB_00035_05,CUST_PA00035_05,1775455894.3994324,2026-04-06T06:05:12.127822+00:00,5,5,6,25.9,0.6861036728535901,8,0,1,train
RD_AB_00035_06,CUST_PA00035_06,1775459954.658229,2026-04-06T01:01:50.231473+00:00,0,6,7,83.2,0.5028357222162132,8,0,1,train
RD_003381,CUST_001173,1775463545.620736,2026-04-06T08:19:05.620736+00:00,0,0,1,2914.8,0.05383054127847013,1,0,0,train
RD_000248,CUST_001781,1775472422.9107864,2026-04-06T10:47:02.910786+00:00,0,0,1,936.0,0.08546267567734518,1,0,0,train
RD_003474,CUST_004533,1775473262.7484856,2026-04-06T11:01:02.748486+00:00,0,0,1,323.5,0.3018881925421863,1,0,0,train
RD_000679,CUST_004013,1775476096.2797656,2026-04-06T11:48:16.279766+00:00,0,1,1,9717.8,0.20395391464094456,33,0,0,train
RD_000058,CUST_000879,1775484064.6226244,2026-04-06T14:01:04.622624+00:00,0,0,1,47.9,0.05474525212960535,1,0,0,train
RD_003368,CUST_003541,1775489904.7806566,2026-04-06T15:38:24.780657+00:00,0,0,1,20655.0,0.5183888546657216,1,0,0,train
RD_004399,CUST_000607,1775490386.4150906,2026-04-06T15:46:26.415091+00:00,0,0,1,285.7,0.32886447087055803,1,0,0,train
RD_002422,CUST_002839,1775494483.7485905,2026-04-06T16:54:43.748590+00:00,0,0,1,518.6,0.09265640482346406,1,0,0,train
RD_001036,CUST_003541,1775497237.344744,2026-04-06T17:40:37.344744+00:00,0,0,1,3583.4,0.122683985399247,1,0,0,train
RD_000298,CUST_001243,1775503675.2877176,2026-04-06T19:27:55.287718+00:00,0,2,1,6949.7,0.17651171793536016,24,0,0,train
RD_004010,CUST_001440,1775503913.1010387,2026-04-06T19:31:53.101039+00:00,0,0,1,1438.1,0.23951421858038646,1,0,0,train
RD_AB_00021_00,CUST_PA00021_00,1775504308.4499166,2026-04-06T19:38:28.449917+00:00,0,0,1,45.0,0.5375092519612601,4,0,1,train
RD_AB_00021_01,CUST_PA00021_01,1775504931.2138472,2026-04-06T20:34:18.040879+00:00,1,1,2,238.5,0.8478211286290921,4,1,1,train
RD_002850,CUST_003782,1775509303.9945889,2026-04-06T21:01:43.994589+00:00,0,0,1,882.4,0.6680404848109908,1,0,0,train
RD_004845,CUST_000448,1775509514.6595457,2026-04-06T21:05:14.659546+00:00,0,0,1,670.9,0.31905493765876347,1,0,0,train
RD_AB_00021_02,CUST_PA00021_02,1775509896.8865213,2026-04-06T21:01:22.964800+00:00,2,2,1,12.6,0.38880521756510805,4,1,1,train
RD_001337,CUST_001845,1775513566.5468605,2026-04-06T22:12:46.546860+00:00,0,1,1,402.5,0.020606281645376024,28,0,0,train
RD_003079,CUST_001439,1775514886.5302548,2026-04-06T22:34:46.530255+00:00,0,0,1,393.9,0.18916847712879206,1,0,0,train
RD_AB_00021_03,CUST_PA00021_03,1775519865.3896666,2026-04-06T22:50:26.055461+00:00,3,3,4,13.2,0.6442304690082605,4,1,1,train
RD_003204,CUST_000300,1775519984.5283873,2026-04-06T23:59:44.528387+00:00,0,0,1,5463.2,0.10050653013051666,1,0,0,train
RD_000743,CUST_003318,1775520674.4495893,2026-04-07T00:11:14.449589+00:00,0,0,1,558.2,0.30388020027733187,1,0,0,train
RD_001988,CUST_000616,1775522067.1742659,2026-04-07T00:34:27.174266+00:00,0,1,1,67.4,0.021729083329567637,29,0,0,train
RD_004954,CUST_003769,1775523236.4601288,2026-04-07T00:53:56.460129+00:00,0,0,1,514.3,0.22459571768281592,1,0,0,train
RD_000699,CUST_003880,1775525389.1661234,2026-04-07T01:29:49.166123+00:00,0,0,1,3631.3,0.164574581254604,1,0,0,train
RD_004466,CUST_001496,1775531671.0971162,2026-04-07T03:14:31.097116+00:00,1,0,2,113.8,0.07772522344438905,3,0,0,train
RD_002347,CUST_001255,1775542818.6624498,2026-04-07T06:20:18.662450+00:00,0,0,1,1230.7,0.03470022114859233,1,0,0,train
RD_002145,CUST_000527,1775543254.381378,2026-04-07T06:27:34.381378+00:00,0,0,1,444.9,0.28957649768744076,1,0,0,train
RD_001813,CUST_000250,1775545713.5809405,2026-04-07T07:08:33.580940+00:00,0,2,1,1961.9,0.10752106985845133,8,0,0,train
RD_004587,CUST_000435,1775549573.4475996,2026-04-07T08:12:53.447600+00:00,0,0,1,5583.7,0.2992959485569829,1,0,0,train
RD_000412,CUST_002698,1775551484.9573503,2026-04-07T08:44:44.957350+00:00,0,0,1,1961.4,0.08452174102703142,1,0,0,train
RD_002249,CUST_003587,1775556515.824973,2026-04-07T10:08:35.824973+00:00,0,0,1,630.0,0.22444710626277062,1,0,0,train
RD_005342,CUST_002939,1775557290.5946991,2026-04-07T10:21:30.594699+00:00,1,0,2,883.3,0.3559265753461389,2,0,0,train
RD_001787,CUST_003015,1775559013.1049771,2026-04-07T10:50:13.104977+00:00,0,0,1,818.3,0.25974342737172035,1,0,0,train
RD_004868,CUST_000217,1775559233.106442,2026-04-07T10:53:53.106442+00:00,0,0,1,480.8,0.4861944171491698,1,0,0,train
RD_000532,CUST_003661,1775562254.2755885,2026-04-07T11:44:14.275589+00:00,0,0,1,32781.8,0.035220974456069525,1,0,0,train
RD_003071,CUST_001718,1775571700.1012752,2026-04-07T14:21:40.101275+00:00,0,0,1,2880.0,0.40782525045958007,1,0,0,train
RD_003425,CUST_003880,1775575931.4669676,2026-04-07T15:32:11.466968+00:00,0,0,1,50760.2,0.2177413386894354,1,0,0,train
RD_000053,CUST_003057,1775576472.2285466,2026-04-07T15:41:12.228547+00:00,0,0,1,1774.0,0.563809989495323,1,0,0,train
RD_003268,CUST_001821,1775581620.879402,2026-04-07T17:07:00.879402+00:00,0,0,1,182.0,0.10535263196934648,1,0,0,train
RD_000329,CUST_002421,1775584021.094828,2026-04-07T17:47:01.094828+00:00,0,0,1,14836.4,0.2510170282817235,1,0,0,train
RD_000915,CUST_003707,1775584718.280773,2026-04-07T17:58:38.280773+00:00,0,0,1,13578.5,0.06725083858166149,1,0,0,train
RD_004668,CUST_003775,1775597368.2065344,2026-04-07T21:29:28.206534+00:00,0,0,1,35587.9,0.1583509839588146,1,0,0,train
RD_005419,CUST_003535,1775598902.4708674,2026-04-07T21:55:02.470867+00:00,0,0,2,534.0,0.2409118212839962,3,0,0,train
RD_004002,CUST_002414,1775605701.5898411,2026-04-07T23:48:21.589841+00:00,1,0,1,337.7,0.13194619441556998,2,0,0,train
RD_002876,CUST_003139,1775607842.8735402,2026-04-08T00:24:02.873540+00:00,0,0,1,391.9,0.004051435161756863,1,0,0,train
RD_004440,CUST_001789,1775608263.0722609,2026-04-08T00:31:03.072261+00:00,0,0,1,8054.6,0.06604406697192736,1,0,0,train
RD_001566,CUST_002069,1775619507.8761613,2026-04-08T03:38:27.876161+00:00,0,0,1,637.1,0.3493075774977814,1,0,0,train
RD_004189,CUST_004483,1775620827.4646795,2026-04-08T04:00:27.464679+00:00,0,0,1,1053.6,0.16664876497334896,1,0,0,train
RD_002133,CUST_000095,1775623229.3847687,2026-04-08T04:40:29.384769+00:00,0,0,1,3796.2,0.5163363333748222,1,0,0,train
RD_002497,CUST_004477,1775625065.9104443,2026-04-08T05:11:05.910444+00:00,0,0,1,56534.2,0.23472128139494772,13,0,0,train
RD_004179,CUST_000797,1775626522.7155037,2026-04-08T05:35:22.715504+00:00,0,0,1,1032.5,0.32280127893411686,1,0,0,train
RD_000189,CUST_002910,1775629209.8451612,2026-04-08T06:20:09.845161+00:00,0,0,1,533.9,0.4995005186288857,24,0,0,train
RD_002588,CUST_002529,1775629838.8462703,2026-04-08T06:30:38.846270+00:00,0,0,1,1543.4,0.37362155189137236,1,0,0,train
RD_002276,CUST_001772,1775636445.7606459,2026-04-08T08:20:45.760646+00:00,0,0,1,4066.5,0.08467355819842946,1,0,0,train
RD_002906,CUST_003596,1775636825.99121,2026-04-08T08:27:05.991210+00:00,0,1,1,656.8,0.13312434222291714,22,0,0,train
RD_001771,CUST_000569,1775637146.8294878,2026-04-08T08:32:26.829488+00:00,0,0,1,1742.2,0.19634910062953037,1,0,0,train
RD_004501,CUST_001173,1775637153.5311313,2026-04-08T08:32:33.531131+00:00,0,0,1,5009.8,0.1553028613515568,1,0,0,train
RD_004816,CUST_003661,1775638929.2066472,2026-04-08T09:02:09.206647+00:00,0,0,1,2604.7,0.10343399124861777,1,0,0,train
RD_000906,CUST_003322,1775645296.2268114,2026-04-08T10:48:16.226811+00:00,0,0,3,3338.2,0.35675124594363045,4,0,0,train
RD_001034,CUST_003407,1775651026.493572,2026-04-08T12:23:46.493572+00:00,0,0,2,4162.2,0.21604299750442169,4,0,0,train
RD_003842,CUST_003308,1775654535.373752,2026-04-08T13:22:15.373752+00:00,0,0,1,4022.0,0.4131574477086102,1,0,0,train
RD_001931,CUST_001094,1775658905.569051,2026-04-08T14:35:05.569051+00:00,0,0,1,13258.6,0.03490671427642255,1,0,0,train
RD_001019,CUST_001734,1775660039.4272804,2026-04-08T14:53:59.427280+00:00,0,0,1,2611.4,0.0030720042109693636,1,0,0,train
RD_002269,CUST_001173,1775661300.5762074,2026-04-08T15:15:00.576207+00:00,0,0,1,1633.1,0.19641665529234548,1,0,0,train
RD_003848,CUST_003679,1775667638.4509015,2026-04-08T17:00:38.450902+00:00,0,0,1,434.8,0.09066541369959857,16,0,0,train
RD_005402,CUST_004122,1775669425.663746,2026-04-08T17:30:25.663746+00:00,0,0,1,1444.6,0.03842042978919698,1,0,0,train
RD_003041,CUST_001471,1775672068.0920153,2026-04-08T18:14:28.092015+00:00,0,0,1,5525.8,0.013953695947048206,15,0,0,train
RD_005171,CUST_002553,1775673950.1321163,2026-04-08T18:45:50.132116+00:00,0,0,1,63062.3,0.13242874422229564,1,0,0,train
RD_002499,CUST_003365,1775675340.660883,2026-04-08T19:09:00.660883+00:00,0,0,1,4427.8,0.5220949537329277,1,0,0,train
RD_000531,CUST_000125,1775675355.2174385,2026-04-08T19:09:15.217438+00:00,0,0,1,2709.1,0.14759879818382318,1,0,0,train
RD_003671,CUST_000353,1775680074.577115,2026-04-08T20:27:54.577115+00:00,0,0,1,969.6,0.14301110302539027,1,0,0,train
RD_002120,CUST_000740,1775685078.5413573,2026-04-08T21:51:18.541357+00:00,0,0,1,352.7,0.16694679171413052,1,0,0,train
RD_001262,CUST_001212,1775685733.5694046,2026-04-08T22:02:13.569405+00:00,0,0,1,3735.4,0.06987512077247271,1,0,0,train
RD_005148,CUST_003134,1775686742.2784286,2026-04-08T22:19:02.278429+00:00,1,0,2,626.0,0.06449348015283199,3,0,0,train
RD_002794,CUST_003311,1775687500.6725192,2026-04-08T22:31:40.672519+00:00,0,0,1,6559.1,0.04148370364589438,1,0,0,train
RD_005436,CUST_003634,1775688628.16706,2026-04-08T22:50:28.167060+00:00,0,0,1,61.8,0.058812222336752346,1,0,0,train
RD_004262,CUST_001688,1775699291.1118932,2026-04-09T01:48:11.111893+00:00,0,0,1,20826.8,0.38138905570188686,1,0,0,train
RD_002007,CUST_003183,1775702776.687298,2026-04-09T02:46:16.687298+00:00,0,0,1,4196.4,0.25045558973115223,1,0,0,train
RD_004088,CUST_002997,1775704048.2989829,2026-04-09T03:07:28.298983+00:00,0,0,1,7017.7,0.1895183188058393,1,0,0,train
RD_001366,CUST_000617,1775707202.3723168,2026-04-09T04:00:02.372317+00:00,0,0,1,56263.6,0.10711242911245199,1,0,0,train
RD_001346,CUST_002247,1775707659.6349099,2026-04-09T04:07:39.634910+00:00,0,0,1,42871.8,0.05842787130996467,1,0,0,train
RD_000749,CUST_001693,1775715746.9931438,2026-04-09T06:22:26.993144+00:00,0,0,1,2505.8,0.3120610769808678,1,0,0,train
RD_004526,CUST_002668,1775718310.0987704,2026-04-09T07:05:10.098770+00:00,0,0,1,1273.7,0.2659522230659642,1,0,0,train
RD_004431,CUST_004386,1775722703.0393095,2026-04-09T08:18:23.039310+00:00,0,0,1,1689.2,0.04439972912354303,1,0,0,train
RD_000810,CUST_003632,1775729033.1453655,2026-04-09T10:03:53.145365+00:00,0,0,1,763.2,0.28750193598150814,1,0,0,train
RD_004779,CUST_003531,1775733143.503796,2026-04-09T11:12:23.503796+00:00,0,0,1,332.6,0.10566025893810814,1,0,0,train
RD_001438,CUST_000788,1775734537.5477402,2026-04-09T11:35:37.547740+00:00,0,0,1,2916.8,0.14252042685848537,1,0,0,train
RD_004027,CUST_001435,1775734648.1216047,2026-04-09T11:37:28.121605+00:00,0,0,1,7014.1,0.03373262104759924,1,0,0,train
RD_001795,CUST_003632,1775737595.2756958,2026-04-09T12:26:35.275696+00:00,0,0,1,4451.7,0.16700932832138463,1,0,0,train
RD_002845,CUST_003134,1775740757.2970963,2026-04-09T13:19:17.297096+00:00,1,0,2,19441.9,0.1807222637567538,4,0,0,train
RD_002005,CUST_003084,1775748402.5021355,2026-04-09T15:26:42.502136+00:00,0,0,1,1249.8,0.5610966864656294,1,0,0,train
RD_004290,CUST_002932,1775749145.2760875,2026-04-09T15:39:05.276088+00:00,0,0,1,1843.8,0.04421016941709348,1,0,0,train
RD_004900,CUST_000999,1775752514.5400245,2026-04-09T16:35:14.540025+00:00,0,0,1,49136.0,0.04122742947358846,1,0,0,train
RD_002365,CUST_004467,1775755817.8947384,2026-04-09T17:30:17.894738+00:00,0,0,1,172.0,0.07521778028689063,1,0,0,train
RD_001167,CUST_003715,1775768582.1386578,2026-04-09T21:03:02.138658+00:00,0,0,1,8235.2,0.30730958688368576,1,0,0,train
RD_004838,CUST_003233,1775771096.674172,2026-04-09T21:44:56.674172+00:00,0,0,1,616.4,0.40705917539030395,1,0,0,train
RD_003819,CUST_001356,1775780221.5978374,2026-04-10T00:17:01.597837+00:00,1,0,1,300.2,0.41770836886260265,3,0,0,train
RD_004221,CUST_000720,1775782236.13936,2026-04-10T00:50:36.139360+00:00,0,0,1,1957.1,0.11809909584237797,1,0,0,train
RD_000003,CUST_004170,1775785780.5957487,2026-04-10T01:49:40.595749+00:00,0,0,1,3313.4,0.08577328546871255,1,0,0,train
RD_003533,CUST_001120,1775788165.2470226,2026-04-10T02:29:25.247023+00:00,0,0,3,1251.9,0.041490301291903654,3,0,0,train
RD_003345,CUST_000393,1775791822.5992165,2026-04-10T03:30:22.599216+00:00,1,0,1,323.8,0.2599827860112838,2,0,0,train
RD_004872,CUST_003183,1775796805.3433638,2026-04-10T04:53:25.343364+00:00,0,0,1,807.7,0.19041136325183688,1,0,0,train
RD_000184,CUST_004084,1775799488.2360685,2026-04-10T05:38:08.236068+00:00,0,0,1,4453.4,0.19719717749645818,1,0,0,train
RD_000163,CUST_001866,1775800477.8840897,2026-04-10T05:54:37.884090+00:00,0,0,1,892.8,0.2502601304547511,1,0,0,train
RD_004137,CUST_003398,1775808270.7789552,2026-04-10T08:04:30.778955+00:00,0,0,1,2264.1,0.12393382153451073,1,0,0,train
RD_000343,CUST_002100,1775815081.0293803,2026-04-10T09:58:01.029380+00:00,0,0,1,2226.7,0.40615078749544736,26,0,0,train
RD_000755,CUST_003525,1775818515.4806728,2026-04-10T10:55:15.480673+00:00,0,0,1,1861.1,0.08134507870939689,1,0,0,train
RD_005178,CUST_003775,1775818545.1354032,2026-04-10T10:55:45.135403+00:00,0,0,1,28926.1,0.05881201536249661,1,0,0,train
RD_000726,CUST_001770,1775821895.8853967,2026-04-10T11:51:35.885397+00:00,0,0,1,11423.4,0.08950945030574925,17,0,0,train
RD_005000,CUST_000865,1775827863.8427296,2026-04-10T13:31:03.842730+00:00,0,0,1,7562.7,0.17601292202094942,1,0,0,train
RD_005195,CUST_002862,1775837115.9142525,2026-04-10T16:05:15.914253+00:00,0,0,1,6171.2,0.16955177042355926,1,0,0,train
RD_004181,CUST_003659,1775846502.842778,2026-04-10T18:41:42.842778+00:00,0,1,1,5065.2,0.1546392567166289,29,0,0,train
RD_003290,CUST_002216,1775847333.8447688,2026-04-10T18:55:33.844769+00:00,0,0,1,6261.0,0.12578901195077968,1,0,0,train
RD_004004,CUST_002107,1775848760.0049825,2026-04-10T19:19:20.004982+00:00,0,0,1,14516.9,0.3156250045486516,1,0,0,train
RD_001059,CUST_000336,1775859628.4067461,2026-04-10T22:20:28.406746+00:00,0,0,1,5955.9,0.11974397082290689,1,0,0,train
RD_003334,CUST_004362,1775860688.1669047,2026-04-10T22:38:08.166905+00:00,0,0,1,2084.9,0.6721522497182967,1,0,0,train
RD_004908,CUST_001169,1775861669.7608705,2026-04-10T22:54:29.760870+00:00,0,0,1,274.5,0.47195026706435456,1,0,0,train
RD_003091,CUST_004089,1775865585.4669075,2026-04-10T23:59:45.466908+00:00,0,1,1,149.7,0.1935355032167008,19,0,0,train
RD_002999,CUST_004325,1775866553.4161532,2026-04-11T00:15:53.416153+00:00,0,0,1,12602.5,0.08839704268840125,1,0,0,train
RD_000857,CUST_000685,1775871333.9366534,2026-04-11T01:35:33.936653+00:00,0,0,1,10843.5,0.07067565374344346,1,0,0,train
RD_005109,CUST_002750,1775873127.751532,2026-04-11T02:05:27.751532+00:00,0,0,1,2395.3,0.12064186375820349,1,0,0,train
RD_003800,CUST_001744,1775873425.3617845,2026-04-11T02:10:25.361784+00:00,0,0,1,12300.9,0.08563637025791654,1,0,0,train
RD_001698,CUST_003364,1775874694.7025557,2026-04-11T02:31:34.702556+00:00,0,0,1,2522.9,0.18764764543275061,1,0,0,train
RD_003585,CUST_001288,1775881816.3496106,2026-04-11T04:30:16.349611+00:00,0,0,1,3174.4,0.18379304578495384,1,0,0,train
RD_002785,CUST_004338,1775898705.1176312,2026-04-11T09:11:45.117631+00:00,0,0,1,351.7,0.12089413191459655,1,0,0,train
RD_003596,CUST_000892,1775899599.8935611,2026-04-11T09:26:39.893561+00:00,0,0,1,1647.2,0.25640087170436376,1,0,0,train
RD_000968,CUST_003296,1775903891.4138362,2026-04-11T10:38:11.413836+00:00,0,2,1,3966.8,0.45580871902862335,14,0,0,train
RD_004168,CUST_001520,1775908222.6719694,2026-04-11T11:50:22.671969+00:00,0,0,1,566.8,0.2717933155968932,1,0,0,train
RD_001762,CUST_003687,1775909902.0285428,2026-04-11T12:18:22.028543+00:00,0,0,1,483.4,0.1154277016966195,1,0,0,train
RD_000228,CUST_001575,1775912621.3484697,2026-04-11T13:03:41.348470+00:00,0,0,1,169.2,0.22091482968249904,1,0,0,train
RD_004236,CUST_002913,1775912900.7933064,2026-04-11T13:08:20.793306+00:00,0,0,1,1880.6,0.08054308814386037,1,0,0,train
RD_002136,CUST_001397,1775913231.2017648,2026-04-11T13:13:51.201765+00:00,1,0,3,5968.8,0.2022811649821931,2,0,0,train
RD_002280,CUST_001488,1775913520.6205661,2026-04-11T13:18:40.620566+00:00,1,0,2,840.8,0.06636194361134047,4,0,0,train
RD_000803,CUST_003480,1775915444.3468246,2026-04-11T13:50:44.346825+00:00,0,0,1,634.9,0.05646191645539566,1,0,0,train
RD_002717,CUST_000866,1775916692.3962193,2026-04-11T14:11:32.396219+00:00,0,0,1,4310.0,0.25773367345985676,1,0,0,train
RD_002637,CUST_003848,1775918715.4149048,2026-04-11T14:45:15.414905+00:00,0,0,1,11040.0,0.4033220878741428,1,0,0,train
RD_003793,CUST_003118,1775927879.7879708,2026-04-11T17:17:59.787971+00:00,0,0,1,5852.2,0.35879795121154373,1,0,0,train
RD_002174,CUST_001807,1775936779.7259014,2026-04-11T19:46:19.725901+00:00,0,0,1,19977.2,0.16983660799019465,1,0,0,train
RD_005033,CUST_002001,1775944122.4295344,2026-04-11T21:48:42.429534+00:00,0,0,1,796.2,0.28274471638885257,1,0,0,train
RD_003631,CUST_000153,1775945167.4206,2026-04-11T22:06:07.420600+00:00,0,0,1,1028.3,0.15651278077573413,1,0,0,train
RD_000005,CUST_004224,1775951422.8795366,2026-04-11T23:50:22.879537+00:00,0,0,1,10315.7,0.3295745867698422,1,0,0,train
RD_000384,CUST_004226,1775958042.019867,2026-04-12T01:40:42.019867+00:00,0,0,1,2612.6,0.12707054029471773,1,0,0,train
RD_000927,CUST_000309,1775971105.1099522,2026-04-12T05:18:25.109952+00:00,0,0,1,5171.7,0.37428954764637234,1,0,0,train
RD_001068,CUST_000392,1775971401.1935945,2026-04-12T05:23:21.193594+00:00,0,0,1,274.0,0.12056787425293093,1,0,0,train
RD_003490,CUST_003045,1775971469.2803636,2026-04-12T05:24:29.280364+00:00,0,0,1,30911.8,0.3146031057614054,1,0,0,train
RD_004084,CUST_003408,1775977606.1673512,2026-04-12T07:06:46.167351+00:00,0,0,1,4087.3,0.021218554969443502,1,0,0,train
RD_000555,CUST_002820,1775978072.143865,2026-04-12T07:14:32.143865+00:00,0,0,1,13669.6,0.23676016655349072,1,0,0,train
RD_003274,CUST_000153,1775978392.0281658,2026-04-12T07:19:52.028166+00:00,0,0,1,303.8,0.24686135205527673,1,0,0,train
RD_000960,CUST_000720,1775980241.367107,2026-04-12T07:50:41.367107+00:00,0,0,1,4340.0,0.057091738068658617,1,0,0,train
RD_001090,CUST_001392,1775982315.0986962,2026-04-12T08:25:15.098696+00:00,0,0,2,8894.0,0.1560105165223434,2,0,0,train
RD_004674,CUST_004386,1775983306.8741806,2026-04-12T08:41:46.874181+00:00,0,0,1,7342.7,0.3079969729682706,1,0,0,train
RD_000399,CUST_003837,1775983616.2310407,2026-04-12T08:46:56.231041+00:00,0,0,3,83.5,0.154596008086909,4,0,0,train
RD_001253,CUST_001941,1775988421.678752,2026-04-12T10:07:01.678752+00:00,0,0,1,1306.3,0.1255385776419939,1,0,0,train
RD_000536,CUST_002438,1775996299.4560623,2026-04-12T12:18:19.456062+00:00,0,0,1,387.3,0.07959323871267662,1,0,0,train
RD_004928,CUST_001805,1775997220.0236285,2026-04-12T12:33:40.023628+00:00,0,0,1,3686.8,0.10645783863795295,1,0,0,train
RD_001626,CUST_000492,1776002210.703647,2026-04-12T13:56:50.703647+00:00,0,0,1,359.4,0.28340602761362244,1,0,0,train
RD_005068,CUST_003496,1776002780.3269444,2026-04-12T14:06:20.326944+00:00,0,0,1,762.8,0.05486243202441835,1,0,0,train
RD_002630,CUST_001407,1776002850.8023782,2026-04-12T14:07:30.802378+00:00,0,0,1,7468.1,0.11633023453392315,1,0,0,train
RD_001246,CUST_001667,1776003915.0012543,2026-04-12T14:25:15.001254+00:00,0,0,1,7478.2,0.5242700633358472,1,0,0,train
RD_004325,CUST_000347,1776005626.057671,2026-04-12T14:53:46.057671+00:00,0,0,1,5379.1,0.22067928234202824,1,0,0,train
RD_002055,CUST_003301,1776005834.9680598,2026-04-12T14:57:14.968060+00:00,0,0,1,403.7,0.10196260325077564,1,0,0,train
RD_001853,CUST_003457,1776008374.3625221,2026-04-12T15:39:34.362522+00:00,0,0,1,9482.0,0.2829707217406642,1,0,0,train
RD_004864,CUST_001407,1776013501.7119675,2026-04-12T17:05:01.711967+00:00,0,0,1,1689.6,0.044867886043436306,1,0,0,train
RD_002966,CUST_003233,1776015249.0535777,2026-04-12T17:34:09.053578+00:00,0,0,1,6942.0,0.22129074099211676,1,0,0,train
RD_005270,CUST_001886,1776019815.4491289,2026-04-12T18:50:15.449129+00:00,0,0,1,7378.5,0.1391919256278324,1,0,0,train
RD_005240,CUST_003266,1776020351.4016168,2026-04-12T18:59:11.401617+00:00,0,0,1,8522.4,0.33993465931101174,1,0,0,train
RD_001753,CUST_000016,1776023808.2082584,2026-04-12T19:56:48.208258+00:00,0,0,1,2381.5,0.14150655250299451,1,0,0,train
RD_000162,CUST_000954,1776028283.9311614,2026-04-12T21:11:23.931161+00:00,0,0,1,1956.0,0.15947471757492027,1,0,0,train
RD_004969,CUST_002120,1776034083.2211287,2026-04-12T22:48:03.221129+00:00,0,0,1,3340.6,0.06682862558634367,1,0,0,train
RD_005482,CUST_003984,1776035588.724532,2026-04-12T23:13:08.724532+00:00,0,0,1,1618.0,0.15742877546995512,1,0,0,train
RD_002916,CUST_003891,1776036882.1709898,2026-04-12T23:34:42.170990+00:00,0,0,1,258.6,0.16421524421171835,1,0,0,train
RD_000315,CUST_004055,1776037419.1811388,2026-04-12T23:43:39.181139+00:00,0,0,2,9787.1,0.3112171194387734,2,0,0,train
RD_000026,CUST_003769,1776039186.502199,2026-04-13T00:13:06.502199+00:00,0,0,1,3427.7,0.19319098570720702,1,0,0,train
RD_000135,CUST_003205,1776040613.3170605,2026-04-13T00:36:53.317060+00:00,0,0,1,428.0,0.048048952611098324,1,0,0,train
RD_000586,CUST_003920,1776045163.5236616,2026-04-13T01:52:43.523662+00:00,0,0,1,5567.4,0.14225923291288903,1,0,0,train
RD_000620,CUST_001358,1776046289.9531226,2026-04-13T02:11:29.953123+00:00,0,0,1,3305.6,0.22263444943574667,1,0,0,train
RD_003439,CUST_003025,1776050336.306351,2026-04-13T03:18:56.306351+00:00,0,0,1,5891.9,0.1062120502216748,3,0,0,train
RD_002931,CUST_000726,1776051420.8838742,2026-04-13T03:37:00.883874+00:00,0,0,1,286.5,0.1301218277357611,1,0,0,train
RD_000405,CUST_001248,1776052184.258325,2026-04-13T03:49:44.258325+00:00,0,0,3,1542.1,0.031513512079551005,2,0,0,train
RD_004555,CUST_003016,1776052346.6442387,2026-04-13T03:52:26.644239+00:00,0,0,1,1912.4,0.3886477241232519,1,0,0,train
RD_003122,CUST_002359,1776063024.4592464,2026-04-13T06:50:24.459246+00:00,0,0,1,870.5,0.43192249346506306,1,0,0,train
RD_003112,CUST_001199,1776063366.3284674,2026-04-13T06:56:06.328467+00:00,0,0,1,819.5,0.1849852654193435,1,0,0,train
RD_000958,CUST_002950,1776063635.429086,2026-04-13T07:00:35.429086+00:00,0,0,1,4472.3,0.06246780527783938,1,0,0,train
RD_003253,CUST_003687,1776064577.7455292,2026-04-13T07:16:17.745529+00:00,0,0,1,779.7,0.2762137596590085,1,0,0,train
RD_002262,CUST_004224,1776069960.1455657,2026-04-13T08:46:00.145566+00:00,0,0,1,3277.4,0.45043415999391856,1,0,0,train
RD_004459,CUST_004092,1776070138.1205509,2026-04-13T08:48:58.120551+00:00,0,0,1,2217.1,0.10717153274594106,1,0,0,train
RD_001619,CUST_003569,1776074472.3391588,2026-04-13T10:01:12.339159+00:00,0,0,1,2633.3,0.21067347558189364,1,0,0,train
RD_002981,CUST_002061,1776082978.3719037,2026-04-13T12:22:58.371904+00:00,0,0,1,782.3,0.07923871895354274,1,0,0,train
RD_005156,CUST_000076,1776083225.297205,2026-04-13T12:27:05.297205+00:00,0,0,1,2198.6,0.35140657954956583,1,0,0,train
RD_004260,CUST_002374,1776091450.487248,2026-04-13T14:44:10.487248+00:00,0,0,1,157.6,0.2358480863154186,1,0,0,train
RD_003086,CUST_001199,1776097020.3893912,2026-04-13T16:17:00.389391+00:00,0,0,1,13157.3,0.20548093361547975,1,0,0,train
RD_003101,CUST_003383,1776097508.274582,2026-04-13T16:25:08.274582+00:00,0,0,1,53656.3,0.027524295936111998,1,0,0,train
RD_003830,CUST_000418,1776100411.35516,2026-04-13T17:13:31.355160+00:00,0,0,1,1921.9,0.13507531912919432,1,0,0,train
RD_000617,CUST_003659,1776105759.4438684,2026-04-13T18:42:39.443868+00:00,0,1,1,25097.7,0.3731733104321142,12,0,0,train
RD_002103,CUST_000846,1776108038.1778529,2026-04-13T19:20:38.177853+00:00,0,0,1,13233.1,0.057651188505836434,1,0,0,train
RD_000487,CUST_002939,1776108735.1381226,2026-04-13T19:32:15.138123+00:00,1,0,2,2227.6,0.3864364248839483,3,0,0,train
RD_001609,CUST_001142,1776109784.1483922,2026-04-13T19:49:44.148392+00:00,0,0,1,14490.9,0.20156706678236186,1,0,0,train
RD_002393,CUST_001200,1776110431.373376,2026-04-13T20:00:31.373376+00:00,0,0,1,3579.0,0.3079659067777872,1,0,0,train
RD_004026,CUST_002080,1776111391.2812636,2026-04-13T20:16:31.281264+00:00,0,0,1,985.5,0.038275028896729485,1,0,0,train
RD_003146,CUST_003285,1776113447.9520109,2026-04-13T20:50:47.952011+00:00,0,0,1,2965.9,0.2330237407748545,1,0,0,train
RD_001388,CUST_001168,1776114052.1146564,2026-04-13T21:00:52.114656+00:00,0,0,1,8798.9,0.2966327445360152,1,0,0,train
RD_004063,CUST_001905,1776114838.2901402,2026-04-13T21:13:58.290140+00:00,0,0,1,10014.5,0.35953335228700045,1,0,0,train
RD_002580,CUST_004490,1776115923.5855608,2026-04-13T21:32:03.585561+00:00,0,0,1,2043.1,0.15730411465366184,1,0,0,train
RD_000284,CUST_003695,1776116248.1333392,2026-04-13T21:37:28.133339+00:00,0,0,1,531.5,0.1759816914355723,1,0,0,train
RD_000808,CUST_004088,1776117349.9439745,2026-04-13T21:55:49.943974+00:00,0,0,1,249.9,0.30359006262979354,1,0,0,train
RD_004728,CUST_001365,1776123698.964078,2026-04-13T23:41:38.964078+00:00,0,0,1,9965.6,0.11539665076338938,1,0,0,train
RD_003520,CUST_001545,1776124600.8467443,2026-04-13T23:56:40.846744+00:00,0,0,1,26794.2,0.5165368460383293,1,0,0,train
RD_002352,CUST_003449,1776125723.8503706,2026-04-14T00:15:23.850371+00:00,0,0,1,335.6,0.08767032119170833,1,0,0,train
RD_003186,CUST_004396,1776126915.958926,2026-04-14T00:35:15.958926+00:00,0,0,1,3182.8,0.07991524843444116,1,0,0,train
RD_000246,CUST_000408,1776127713.5986867,2026-04-14T00:48:33.598687+00:00,1,0,3,5653.5,0.09094773358500151,4,0,0,train
RD_002676,CUST_003943,1776131379.616154,2026-04-14T01:49:39.616154+00:00,0,0,1,1341.2,0.1581614692346594,1,0,0,train
RD_003729,CUST_003587,1776140689.964718,2026-04-14T04:24:49.964718+00:00,0,0,1,4042.5,0.13638840755326573,1,0,0,train
RD_003594,CUST_004493,1776149979.1802769,2026-04-14T06:59:39.180277+00:00,0,0,1,4472.7,0.24153442523393237,1,0,0,train
RD_000518,CUST_001512,1776157987.7362592,2026-04-14T09:13:07.736259+00:00,0,0,1,6961.1,0.16328998775223674,1,0,0,train
RD_000242,CUST_001115,1776163438.0223565,2026-04-14T10:43:58.022357+00:00,0,0,1,15584.2,0.478858124673616,1,0,0,train
RD_004147,CUST_003715,1776168317.5532038,2026-04-14T12:05:17.553204+00:00,0,0,1,3342.5,0.18244313185417263,1,0,0,train
RD_000602,CUST_000519,1776169279.7071834,2026-04-14T12:21:19.707183+00:00,0,0,1,2227.8,0.20246001632401303,1,0,0,train
RD_002490,CUST_003311,1776174803.0681,2026-04-14T13:53:23.068100+00:00,0,0,1,7683.8,0.4661572167460275,1,0,0,train
RD_003405,CUST_001094,1776181675.2316923,2026-04-14T15:47:55.231692+00:00,0,0,1,11701.0,0.15554715054667645,1,0,0,train
RD_000226,CUST_001082,1776183175.1170561,2026-04-14T16:12:55.117056+00:00,0,0,1,22245.1,0.04351933432523077,1,0,0,train
RD_003587,CUST_002531,1776191636.7993119,2026-04-14T18:33:56.799312+00:00,0,0,1,10510.0,0.20456583863408437,1,0,0,train
RD_004427,CUST_004442,1776192074.1509418,2026-04-14T18:41:14.150942+00:00,0,0,1,2104.4,0.03665923686063791,1,0,0,train
RD_001033,CUST_002374,1776192338.4935865,2026-04-14T18:45:38.493587+00:00,0,0,1,524.0,0.367973954182196,1,0,0,train
RD_004967,CUST_002293,1776192958.439563,2026-04-14T18:55:58.439563+00:00,0,0,1,116.1,0.10261068957387845,1,0,0,train
RD_003599,CUST_000775,1776194649.5144756,2026-04-14T19:24:09.514476+00:00,0,0,1,5075.7,0.22935912991040316,1,0,0,train
RD_003798,CUST_000344,1776197518.3936791,2026-04-14T20:11:58.393679+00:00,0,0,1,785.9,0.15461392537429974,1,0,0,train
RD_001737,CUST_001034,1776197941.3851783,2026-04-14T20:19:01.385178+00:00,0,0,1,1206.7,0.5443446852489434,1,0,0,train
RD_001400,CUST_003955,1776198269.187055,2026-04-14T20:24:29.187055+00:00,0,0,1,1056.2,0.1363791165748272,1,0,0,train
RD_002663,CUST_000305,1776201718.621395,2026-04-14T21:21:58.621395+00:00,0,0,3,3680.3,0.09170707066025485,4,0,0,train
RD_004720,CUST_001173,1776204806.877545,2026-04-14T22:13:26.877545+00:00,0,0,1,8192.0,0.21550625148187727,1,0,0,train
RD_001058,CUST_002043,1776206339.566859,2026-04-14T22:38:59.566859+00:00,0,0,1,8408.8,0.10536929272573597,1,0,0,train
RD_000590,CUST_003220,1776207199.6704705,2026-04-14T22:53:19.670470+00:00,0,0,1,446.7,0.32378259414834276,1,0,0,train
RD_003115,CUST_004401,1776207663.7409976,2026-04-14T23:01:03.740998+00:00,0,0,1,1329.2,0.12236645427610103,1,0,0,train
RD_000665,CUST_002206,1776210258.1879969,2026-04-14T23:44:18.187997+00:00,0,0,1,33065.2,0.27936493006170227,1,0,0,train
RD_000273,CUST_004454,1776216682.3488805,2026-04-15T01:31:22.348881+00:00,0,0,1,1016.2,0.07682881253887747,1,0,0,train
RD_001670,CUST_000343,1776219542.2741888,2026-04-15T02:19:02.274189+00:00,0,0,1,376.7,0.1334171050819845,1,0,0,train
RD_001072,CUST_003102,1776221555.8181772,2026-04-15T02:52:35.818177+00:00,0,0,1,600.8,0.3491038393288387,1,0,0,train
RD_000037,CUST_004038,1776223362.4598854,2026-04-15T03:22:42.459885+00:00,0,0,1,55.2,0.2996824436641303,1,0,0,train
RD_002172,CUST_001191,1776226919.7640111,2026-04-15T04:21:59.764011+00:00,0,0,1,3479.3,0.11749330274119331,1,0,0,train
RD_005437,CUST_000421,1776229864.6337106,2026-04-15T05:11:04.633711+00:00,0,0,1,107.7,0.31551670440173396,1,0,0,train
RD_000885,CUST_001408,1776231245.2013545,2026-04-15T05:34:05.201355+00:00,0,0,1,200.5,0.24974971352911043,1,0,0,train
RD_002384,CUST_002531,1776233401.5371637,2026-04-15T06:10:01.537164+00:00,0,0,1,173.8,0.1444378659478973,1,0,0,train
RD_002423,CUST_001512,1776237514.305431,2026-04-15T07:18:34.305431+00:00,0,0,1,196.0,0.35521453143223103,1,0,0,train
RD_004959,CUST_003836,1776237605.5827303,2026-04-15T07:20:05.582730+00:00,0,2,1,295.3,0.23074594209618354,10,0,0,train
RD_001212,CUST_002069,1776238646.91721,2026-04-15T07:37:26.917210+00:00,0,0,1,195.9,0.28520316690898023,1,0,0,train
RD_004303,CUST_001365,1776242708.1647348,2026-04-15T08:45:08.164735+00:00,0,0,1,1384.5,0.08525797527668375,1,0,0,train
RD_002556,CUST_001347,1776243563.250145,2026-04-15T08:59:23.250145+00:00,0,0,1,202.2,0.23287765935434343,1,0,0,train
RD_000486,CUST_001392,1776248563.6097386,2026-04-15T10:22:43.609739+00:00,0,0,2,2414.9,0.27923425805698493,2,0,0,train
RD_004117,CUST_004016,1776260395.5107734,2026-04-15T13:39:55.510773+00:00,0,0,1,154.8,0.1355336192897829,1,0,0,train
RD_003721,CUST_001082,1776261280.785927,2026-04-15T13:54:40.785927+00:00,0,0,1,648.9,0.11034477358063054,1,0,0,train
RD_003034,CUST_003120,1776265603.718536,2026-04-15T15:06:43.718536+00:00,0,0,1,1486.9,0.03836906864464575,1,0,0,train
RD_004665,CUST_000607,1776267928.523906,2026-04-15T15:45:28.523906+00:00,0,0,1,38983.3,0.11834044348361976,1,0,0,train
RD_002879,CUST_002016,1776268227.967284,2026-04-15T15:50:27.967284+00:00,0,0,1,2026.8,0.2092602294654787,1,0,0,train
RD_004067,CUST_003309,1776279434.1636817,2026-04-15T18:57:14.163682+00:00,0,0,1,3224.0,0.08741043706697002,1,0,0,train
RD_002739,CUST_002361,1776287860.5914445,2026-04-15T21:17:40.591444+00:00,0,2,1,997.3,0.412479272055592,39,0,0,train
RD_001935,CUST_004514,1776289693.882597,2026-04-15T21:48:13.882597+00:00,0,0,1,1148.3,0.2610281019359857,1,0,0,train
RD_005010,CUST_000506,1776291157.0652022,2026-04-15T22:12:37.065202+00:00,0,0,3,12192.6,0.35512877575448,3,0,0,train
RD_001046,CUST_000290,1776292108.4708774,2026-04-15T22:28:28.470877+00:00,0,0,1,5944.3,0.10938875588514588,1,0,0,train
RD_005348,CUST_001515,1776293697.6141148,2026-04-15T22:54:57.614115+00:00,1,0,2,4247.0,0.031190129873121714,4,0,0,train
RD_000279,CUST_003524,1776295498.9528618,2026-04-15T23:24:58.952862+00:00,0,0,1,2923.5,0.16059492064504144,1,0,0,train
RD_004331,CUST_001789,1776298928.3461657,2026-04-16T00:22:08.346166+00:00,0,0,1,2773.4,0.08009473253682926,1,0,0,train
RD_002219,CUST_004441,1776304014.1223838,2026-04-16T01:46:54.122384+00:00,0,0,1,242.8,0.08447184633998717,1,0,0,train
RD_001517,CUST_003322,1776305644.2267218,2026-04-16T02:14:04.226722+00:00,0,0,3,1573.1,0.27080167231303004,3,0,0,train
RD_004453,CUST_003679,1776310950.1136966,2026-04-16T03:42:30.113697+00:00,0,1,1,2382.0,0.22767164791606376,32,0,0,train
RD_003255,CUST_003641,1776316304.4509616,2026-04-16T05:11:44.450962+00:00,0,0,1,49125.4,0.4647853302371902,1,0,0,train
RD_001838,CUST_003061,1776318623.552252,2026-04-16T05:50:23.552252+00:00,0,0,1,47533.9,0.07592310453226543,16,0,0,train
RD_003555,CUST_002016,1776328876.5746577,2026-04-16T08:41:16.574658+00:00,0,0,1,1858.9,0.06360093575885514,1,0,0,train
RD_001360,CUST_003086,1776329889.4407966,2026-04-16T08:58:09.440797+00:00,0,0,1,5418.5,0.13988910289305426,36,0,0,train
RD_001344,CUST_001688,1776333832.1693113,2026-04-16T10:03:52.169311+00:00,0,0,1,3615.4,0.015136023332047319,1,0,0,train
RD_004598,CUST_004121,1776343079.9156992,2026-04-16T12:37:59.915699+00:00,0,0,1,2528.3,0.13797156286603732,1,0,0,train
RD_000175,CUST_003537,1776343677.1531465,2026-04-16T12:47:57.153147+00:00,0,0,1,2467.4,0.33337497216654394,1,0,0,train
RD_002350,CUST_003707,1776343910.374039,2026-04-16T12:51:50.374039+00:00,0,0,1,2516.4,0.08404748205144287,1,0,0,train
RD_001867,CUST_002247,1776346141.6062362,2026-04-16T13:29:01.606236+00:00,0,0,1,2142.7,0.6064425614643679,1,0,0,train
RD_005311,CUST_001858,1776347745.3891258,2026-04-16T13:55:45.389126+00:00,0,0,1,2032.4,0.1421877888629397,1,0,0,train
RD_000401,CUST_002343,1776354521.9126973,2026-04-16T15:48:41.912697+00:00,0,0,2,7817.5,0.1762679058503067,2,0,0,train
RD_000519,CUST_001945,1776359009.593225,2026-04-16T17:03:29.593225+00:00,0,0,1,242.3,0.1202320384492048,1,0,0,train
RD_004658,CUST_003901,1776359965.3381407,2026-04-16T17:19:25.338141+00:00,0,0,1,9581.6,0.17022504018839205,1,0,0,train
RD_004014,CUST_001985,1776361629.7838538,2026-04-16T17:47:09.783854+00:00,0,0,1,4013.9,0.0880534416832568,1,0,0,train
RD_005428,CUST_001884,1776362126.01992,2026-04-16T17:55:26.019920+00:00,0,0,1,3628.1,0.1366235548241608,1,0,0,train
RD_000178,CUST_001271,1776369090.8942647,2026-04-16T19:51:30.894265+00:00,0,0,1,3156.7,0.07549784406601526,1,0,0,train
RD_005243,CUST_002557,1776376897.1892533,2026-04-16T22:01:37.189253+00:00,0,0,1,166.3,0.14922654669069071,1,0,0,train
RD_002316,CUST_001135,1776391671.160473,2026-04-17T02:07:51.160473+00:00,0,0,1,21769.5,0.3406971312698761,1,0,0,train
RD_004977,CUST_000128,1776401661.7450216,2026-04-17T04:54:21.745022+00:00,0,0,1,8811.9,0.47509243833884485,1,0,0,train
RD_000444,CUST_003075,1776404854.2063885,2026-04-17T05:47:34.206388+00:00,0,0,1,257.5,0.17246538564505529,1,0,0,train
RD_000038,CUST_003135,1776405289.5309412,2026-04-17T05:54:49.530941+00:00,0,0,1,908.8,0.08471017998737473,1,0,0,train
RD_000632,CUST_001852,1776407885.8711083,2026-04-17T06:38:05.871108+00:00,0,0,1,1300.7,0.23921726525283474,1,0,0,train
RD_000922,CUST_000616,1776419226.9676201,2026-04-17T09:47:06.967620+00:00,0,2,1,4538.6,0.15150667687482003,40,0,0,train
RD_002102,CUST_002249,1776419847.4420133,2026-04-17T09:57:27.442013+00:00,0,0,1,3415.7,0.3944326539279227,3,0,0,train
RD_000182,CUST_003432,1776420818.4709148,2026-04-17T10:13:38.470915+00:00,0,0,1,1394.7,0.07097485892023368,4,0,0,train
RD_003871,CUST_004453,1776423932.115455,2026-04-17T11:05:32.115455+00:00,0,0,1,749.3,0.19126681216054225,1,0,0,train
RD_004052,CUST_000340,1776428519.81827,2026-04-17T12:21:59.818270+00:00,0,0,1,261.8,0.38555724627486204,1,0,0,train
RD_004083,CUST_001577,1776428687.3347394,2026-04-17T12:24:47.334739+00:00,0,0,1,2313.3,0.08091827388547865,1,0,0,train
RD_004718,CUST_003814,1776429365.5743022,2026-04-17T12:36:05.574302+00:00,0,0,1,16137.2,0.5896020744403933,1,0,0,train
RD_002139,CUST_001397,1776429541.2076707,2026-04-17T12:39:01.207671+00:00,1,0,1,2148.1,0.2299429629548791,2,0,0,train
RD_001193,CUST_003630,1776445113.533,2026-04-17T16:58:33.533000+00:00,0,0,1,2254.0,0.26571506443518916,1,0,0,train
RD_003609,CUST_002479,1776447802.9833248,2026-04-17T17:43:22.983325+00:00,0,2,1,6189.7,0.2590603919959248,30,0,0,train
RD_000870,CUST_001248,1776451841.1111867,2026-04-17T18:50:41.111187+00:00,1,0,3,1366.1,0.13802229861227422,4,0,0,train
RD_000036,CUST_000735,1776453614.8433962,2026-04-17T19:20:14.843396+00:00,0,0,1,6256.5,0.08026724233884933,1,0,0,train
RD_001396,CUST_000462,1776456849.0721536,2026-04-17T20:14:09.072154+00:00,0,0,1,20225.8,0.18304740965931035,1,0,0,train
RD_000383,CUST_002645,1776457002.1254854,2026-04-17T20:16:42.125485+00:00,1,0,3,26739.9,0.4220113686088024,4,0,0,train
RD_004827,CUST_001575,1776465935.6989396,2026-04-17T22:45:35.698940+00:00,0,0,1,9955.9,0.09104043884572419,1,0,0,train
RD_005027,CUST_000485,1776473906.535167,2026-04-18T00:58:26.535167+00:00,0,0,1,6609.0,0.07246180274907442,1,0,0,train
RD_AB_00072_00,CUST_PA00072_00,1776474914.1443036,2026-04-18T01:15:14.144304+00:00,0,0,1,100.8,0.64257987955005,5,0,1,train
RD_AB_00072_01,CUST_PA00072_01,1776477988.9594212,2026-04-18T02:12:31.090354+00:00,1,1,2,15.2,0.8178248111082251,5,1,1,train
RD_AB_00072_04,CUST_PA00072_04,1776478190.3473344,2026-04-18T06:29:17.953229+00:00,4,4,5,41.6,0.7928753230376556,5,1,1,train
RD_AB_00072_02,CUST_PA00072_02,1776478463.1458595,2026-04-18T03:33:44.410511+00:00,2,2,1,205.2,0.5617156514835122,5,1,1,train
RD_000324,CUST_000421,1776481563.053346,2026-04-18T03:06:03.053346+00:00,0,0,1,330.1,0.12063507371627663,1,0,0,train
RD_005318,CUST_003540,1776484144.2147977,2026-04-18T03:49:04.214798+00:00,0,0,1,244.6,0.12575650885989037,1,0,0,train
RD_004177,CUST_002443,1776484873.6777756,2026-04-18T04:01:13.677776+00:00,0,0,1,5115.1,0.20256464848295772,1,0,0,train
RD_AB_00072_03,CUST_PA00072_03,1776486567.7352862,2026-04-18T04:45:08.342317+00:00,0,3,1,10.8,0.9678822733486211,5,1,1,train
RD_004839,CUST_001512,1776495319.3175309,2026-04-18T06:55:19.317531+00:00,0,0,1,3902.9,0.17512127708720107,1,0,0,train
RD_003011,CUST_000740,1776496778.1777523,2026-04-18T07:19:38.177752+00:00,0,0,1,7932.5,0.24901889501770055,1,0,0,train
RD_003454,CUST_002256,1776497033.1734633,2026-04-18T07:23:53.173463+00:00,1,0,3,586.1,0.43534352660253656,2,0,0,train
RD_001024,CUST_000323,1776500254.7246885,2026-04-18T08:17:34.724689+00:00,0,0,1,570.9,0.06405070087372115,1,0,0,train
RD_001053,CUST_003901,1776500294.054575,2026-04-18T08:18:14.054575+00:00,0,0,1,706.5,0.2817246447497723,1,0,0,train
RD_001412,CUST_000290,1776502792.752309,2026-04-18T08:59:52.752309+00:00,0,0,1,6188.3,0.10509999288308722,1,0,0,train
RD_AB_00012_00,CUST_PA00012_00,1776503133.6802576,2026-04-18T09:05:33.680258+00:00,0,0,1,353.4,0.9180248545491178,4,0,1,train
RD_000668,CUST_001014,1776503308.5183294,2026-04-18T09:08:28.518329+00:00,0,0,1,86.5,0.050267917801642914,1,0,0,train
RD_000729,CUST_004340,1776503845.883022,2026-04-18T09:17:25.883022+00:00,0,0,1,1830.2,0.25986580766448014,1,0,0,train
RD_003067,CUST_004441,1776505031.4511998,2026-04-18T09:37:11.451200+00:00,0,0,1,1082.3,0.23360032641340198,1,0,0,train
RD_AB_00012_01,CUST_PA00012_01,1776506101.1182706,2026-04-18T09:17:57.744949+00:00,1,1,2,72.3,0.7841828640243486,4,1,1,train
RD_001395,CUST_001488,1776507283.4541602,2026-04-18T10:14:43.454160+00:00,0,0,1,362.2,0.15902682377925773,3,0,0,train
RD_000593,CUST_003349,1776507356.9764671,2026-04-18T10:15:56.976467+00:00,0,2,1,1169.5,0.10008070309061738,25,0,0,train
RD_005455,CUST_002090,1776507889.7434733,2026-04-18T10:24:49.743473+00:00,0,0,1,80.1,0.24710545561297592,1,0,0,train
RD_004655,CUST_002414,1776508089.578079,2026-04-18T10:28:09.578079+00:00,1,0,1,2441.6,0.2516325653349793,2,0,0,train
RD_000911,CUST_001169,1776508439.7013493,2026-04-18T10:33:59.701349+00:00,0,0,1,1550.9,0.03710614251142641,1,0,0,train
RD_AB_00012_02,CUST_PA00012_02,1776508995.788955,2026-04-18T10:11:38.351612+00:00,2,2,3,3.2,0.6833712432642821,4,1,1,train
RD_AB_00012_03,CUST_PA00012_03,1776510354.4669323,2026-04-18T09:27:00.278863+00:00,3,3,4,55.8,0.6744156597713741,4,1,1,train
RD_001969,CUST_003955,1776511222.0874062,2026-04-18T11:20:22.087406+00:00,0,0,1,4414.0,0.20433254773953108,1,0,0,train
RD_000603,CUST_000602,1776516710.2041056,2026-04-18T12:51:50.204106+00:00,0,0,1,440.8,0.2594966098783259,1,0,0,train
RD_001192,CUST_004544,1776517899.6386154,2026-04-18T13:11:39.638615+00:00,0,1,1,19944.5,0.04646824270873923,10,0,0,train
RD_000978,CUST_001718,1776520426.4701798,2026-04-18T13:53:46.470180+00:00,0,0,1,971.8,0.22792322000000986,1,0,0,train
RD_001664,CUST_004367,1776533049.033262,2026-04-18T17:24:09.033262+00:00,0,0,1,8706.7,0.03659864675184359,1,0,0,train
RD_000957,CUST_004328,1776535330.8954382,2026-04-18T18:02:10.895438+00:00,0,1,1,3459.6,0.10200084626467051,32,0,0,train
RD_004413,CUST_000849,1776535865.7283607,2026-04-18T18:11:05.728361+00:00,0,0,1,9171.7,0.04211244241451866,1,0,0,train
RD_003787,CUST_001575,1776540138.8197918,2026-04-18T19:22:18.819792+00:00,0,0,1,1083.6,0.3702036088618078,1,0,0,train
RD_003259,CUST_000744,1776542393.5180209,2026-04-18T19:59:53.518021+00:00,0,0,1,2819.2,0.3229999659909734,1,0,0,train
RD_000076,CUST_003741,1776551753.8922834,2026-04-18T22:35:53.892283+00:00,0,0,1,2036.6,0.578146190393174,1,0,0,train
RD_002157,CUST_000788,1776553730.529364,2026-04-18T23:08:50.529364+00:00,0,0,1,608.8,0.48017665622621925,1,0,0,train
RD_000047,CUST_002245,1776557498.336301,2026-04-19T00:11:38.336301+00:00,0,0,1,5198.2,0.18720214803100005,1,0,0,train
RD_003106,CUST_000207,1776561649.0476618,2026-04-19T01:20:49.047662+00:00,0,0,1,1738.6,0.15623850039951817,1,0,0,train
RD_004401,CUST_000082,1776562130.7552629,2026-04-19T01:28:50.755263+00:00,0,0,1,1575.2,0.06963097019972664,1,0,0,train
RD_005309,CUST_001496,1776562917.3114152,2026-04-19T01:41:57.311415+00:00,1,0,2,5092.9,0.1726023301121478,3,0,0,train
RD_002828,CUST_000750,1776564151.8036258,2026-04-19T02:02:31.803626+00:00,0,0,1,3196.7,0.08161015320929563,1,0,0,train
RD_000169,CUST_003524,1776570857.4233594,2026-04-19T03:54:17.423359+00:00,0,0,1,99.2,0.2850770661104998,1,0,0,train
RD_001271,CUST_001789,1776571240.7514622,2026-04-19T04:00:40.751462+00:00,0,0,1,10798.0,0.21770895887854025,1,0,0,train
RD_000410,CUST_002414,1776573218.8622355,2026-04-19T04:33:38.862236+00:00,0,0,1,12824.1,0.3432986405881973,4,0,0,train
RD_004865,CUST_002247,1776573416.8271577,2026-04-19T04:36:56.827158+00:00,0,0,1,1326.9,0.28674263388209575,1,0,0,train
RD_001083,CUST_000519,1776574395.6766024,2026-04-19T04:53:15.676602+00:00,0,0,1,2917.6,0.6200846639260982,1,0,0,train
RD_001473,CUST_000507,1776577855.8046348,2026-04-19T05:50:55.804635+00:00,0,0,1,16924.4,0.26614398610591855,1,0,0,train
RD_004966,CUST_004493,1776579906.523602,2026-04-19T06:25:06.523602+00:00,0,0,1,6347.0,0.049790495484599955,1,0,0,train
RD_002738,CUST_003172,1776580297.6220355,2026-04-19T06:31:37.622036+00:00,0,0,1,2887.1,0.09055767773845141,1,0,0,train
RD_000489,CUST_003557,1776585173.947341,2026-04-19T07:52:53.947341+00:00,0,0,1,851.5,0.36955876634071877,1,0,0,train
RD_005360,CUST_003153,1776585693.7501972,2026-04-19T08:01:33.750197+00:00,0,0,1,618.5,0.2414801176130842,1,0,0,train
RD_002685,CUST_002361,1776588871.7931406,2026-04-19T08:54:31.793141+00:00,0,2,1,8649.4,0.20316189174938554,11,0,0,train
RD_005110,CUST_004271,1776589309.071523,2026-04-19T09:01:49.071523+00:00,0,0,1,3644.3,0.09287800838421059,1,0,0,train
RD_000387,CUST_002017,1776590773.5442479,2026-04-19T09:26:13.544248+00:00,0,0,1,2699.9,0.0557800656719158,1,0,0,train
RD_000839,CUST_002429,1776592422.0286567,2026-04-19T09:53:42.028657+00:00,0,0,1,10212.6,0.5382614110224628,1,0,0,train
RD_004548,CUST_004363,1776593439.8853235,2026-04-19T10:10:39.885324+00:00,0,0,1,588.8,0.21867401328096658,1,0,0,train
RD_004421,CUST_000756,1776593935.5250587,2026-04-19T10:18:55.525059+00:00,1,0,1,20160.2,0.1789834433269173,2,0,0,train
RD_003719,CUST_003077,1776596599.0755427,2026-04-19T11:03:19.075543+00:00,0,0,1,69.5,0.10567303842448958,1,0,0,train
RD_001598,CUST_002286,1776597528.3623042,2026-04-19T11:18:48.362304+00:00,0,0,1,168.4,0.09155857512784225,1,0,0,train
RD_001713,CUST_002527,1776599328.0247545,2026-04-19T11:48:48.024755+00:00,0,0,1,2316.7,0.14446071404513058,1,0,0,train
RD_000366,CUST_002634,1776603349.0722928,2026-04-19T12:55:49.072293+00:00,0,0,1,376.8,0.16338837052285685,1,0,0,train
RD_001605,CUST_004121,1776610762.052963,2026-04-19T14:59:22.052963+00:00,0,0,1,7317.1,0.41440273758177015,1,0,0,train
RD_001142,CUST_001288,1776614185.0862389,2026-04-19T15:56:25.086239+00:00,0,0,1,4465.2,0.24879471680239915,1,0,0,train
RD_003477,CUST_003398,1776622300.2663498,2026-04-19T18:11:40.266350+00:00,0,0,1,6690.4,0.30626641098156343,1,0,0,train
RD_003879,CUST_002081,1776628141.315961,2026-04-19T19:49:01.315961+00:00,0,0,1,4887.7,0.08524566362780256,1,0,0,train
RD_005280,CUST_004013,1776636171.9701278,2026-04-19T22:02:51.970128+00:00,0,0,1,1859.7,0.13785165463554225,24,0,0,train
RD_000442,CUST_002223,1776637960.3641849,2026-04-19T22:32:40.364185+00:00,0,0,1,3310.9,0.5277376490373263,1,0,0,train
RD_000259,CUST_004343,1776642188.3310642,2026-04-19T23:43:08.331064+00:00,0,0,1,5805.3,0.3137668220461602,1,0,0,train
RD_003554,CUST_004122,1776649940.9644032,2026-04-20T01:52:20.964403+00:00,0,0,1,402.0,0.16452225382109167,1,0,0,train
RD_002438,CUST_001057,1776650102.9272628,2026-04-20T01:55:02.927263+00:00,0,0,3,3599.3,0.08692715943030922,3,0,0,train
RD_003657,CUST_003642,1776652093.0825512,2026-04-20T02:28:13.082551+00:00,1,0,3,333.6,0.06449040721589311,2,0,0,train
RD_004758,CUST_003495,1776653725.45109,2026-04-20T02:55:25.451090+00:00,0,0,1,1947.2,0.4215371746909607,1,0,0,train
RD_002122,CUST_000476,1776655027.9943538,2026-04-20T03:17:07.994354+00:00,0,0,1,438.3,0.16076773236226236,1,0,0,train
RD_000424,CUST_000128,1776657199.00661,2026-04-20T03:53:19.006610+00:00,0,0,1,12106.6,0.17830438880057875,1,0,0,train
RD_005126,CUST_002109,1776657856.6036148,2026-04-20T04:04:16.603615+00:00,0,2,1,11825.0,0.007781834628018335,8,0,0,train
RD_002183,CUST_002514,1776659779.370535,2026-04-20T04:36:19.370535+00:00,0,0,1,551.7,0.11062891644907578,1,0,0,train
RD_004902,CUST_004092,1776664069.670151,2026-04-20T05:47:49.670151+00:00,0,0,1,2117.9,0.4436182450151835,1,0,0,train
RD_003157,CUST_000460,1776665527.6821382,2026-04-20T06:12:07.682138+00:00,0,0,1,273.8,0.3794613390335026,27,0,0,train
RD_001695,CUST_004473,1776666141.4232683,2026-04-20T06:22:21.423268+00:00,0,0,1,11238.8,0.19024840518119251,1,0,0,train
RD_002258,CUST_003205,1776666305.504597,2026-04-20T06:25:05.504597+00:00,0,0,1,6888.4,0.21937342947845173,1,0,0,train
RD_002412,CUST_001821,1776668515.5603507,2026-04-20T07:01:55.560351+00:00,0,0,1,7649.8,0.05584397328228675,1,0,0,train
RD_002577,CUST_000851,1776681644.1775641,2026-04-20T10:40:44.177564+00:00,0,0,1,541.5,0.2733786705578268,1,0,0,train
RD_004224,CUST_002876,1776684254.7665849,2026-04-20T11:24:14.766585+00:00,0,0,1,2801.7,0.04240347699113521,1,0,0,train
RD_000576,CUST_000519,1776685094.1378665,2026-04-20T11:38:14.137866+00:00,0,0,1,12889.4,0.21760601372706312,1,0,0,train
RD_005393,CUST_003172,1776688609.733336,2026-04-20T12:36:49.733336+00:00,0,0,1,5317.3,0.1915616776011767,1,0,0,train
RD_002781,CUST_003118,1776689199.7492175,2026-04-20T12:46:39.749218+00:00,0,0,1,46.6,0.2440406627238874,1,0,0,train
RD_002532,CUST_001725,1776689362.8634987,2026-04-20T12:49:22.863499+00:00,0,0,1,4867.1,0.16259156192889265,1,0,0,train
RD_001636,CUST_001551,1776690556.2467492,2026-04-20T13:09:16.246749+00:00,0,0,1,4210.3,0.07233010749331349,1,0,0,train
RD_004857,CUST_002812,1776691349.0609574,2026-04-20T13:22:29.060957+00:00,0,0,1,9404.4,0.4485626819678802,1,0,0,train
RD_004484,CUST_003308,1776693628.5496283,2026-04-20T14:00:28.549628+00:00,0,0,1,534.4,0.10106880315625227,1,0,0,train
RD_002312,CUST_003679,1776694477.1519423,2026-04-20T14:14:37.151942+00:00,0,2,1,1102.3,0.062079807441334046,9,0,0,train
RD_002581,CUST_002061,1776696428.9655864,2026-04-20T14:47:08.965586+00:00,0,0,1,327.8,0.3159142218875155,1,0,0,train
RD_004520,CUST_003139,1776696555.2478352,2026-04-20T14:49:15.247835+00:00,0,0,1,14023.6,0.07630738675139422,1,0,0,train
RD_005397,CUST_001577,1776699656.530306,2026-04-20T15:40:56.530306+00:00,0,0,1,12926.0,0.041043409372960506,1,0,0,train
RD_005155,CUST_000340,1776708499.9258804,2026-04-20T18:08:19.925880+00:00,0,0,1,3109.4,0.043472550947242526,1,0,0,train
RD_000893,CUST_004514,1776710653.16349,2026-04-20T18:44:13.163490+00:00,0,0,1,13488.3,0.2701409352687908,1,0,0,train
RD_002808,CUST_001169,1776711315.9575748,2026-04-20T18:55:15.957575+00:00,0,0,1,696.6,0.07117476788646339,1,0,0,train
RD_004184,CUST_001566,1776711758.0351384,2026-04-20T19:02:38.035138+00:00,0,2,1,1996.0,0.32702361278016173,12,0,0,train
RD_002251,CUST_003950,1776712811.2220175,2026-04-20T19:20:11.222018+00:00,0,0,1,198.1,0.04113459927168986,1,0,0,train
RD_000280,CUST_001145,1776714214.7137294,2026-04-20T19:43:34.713729+00:00,0,1,1,1758.8,0.1991395025570791,30,0,0,train
RD_002076,CUST_000128,1776718861.5646174,2026-04-20T21:01:01.564617+00:00,0,0,1,36799.1,0.344902741217438,1,0,0,train
RD_002443,CUST_000278,1776722667.5688066,2026-04-20T22:04:27.568807+00:00,0,2,1,695.8,0.006542030704653564,12,0,0,train
RD_005241,CUST_004502,1776725073.2832456,2026-04-20T22:44:33.283246+00:00,0,0,1,310.4,0.10473928117708972,1,0,0,train
RD_001431,CUST_002172,1776727860.3629825,2026-04-20T23:31:00.362983+00:00,0,0,1,2453.2,0.20542902234311786,1,0,0,train
RD_003022,CUST_004367,1776728930.9178712,2026-04-20T23:48:50.917871+00:00,0,0,1,1373.0,0.37528972415590844,1,0,0,train
RD_AB_00050_00,CUST_PA00050_00,1776729526.249718,2026-04-20T23:58:46.249718+00:00,0,0,1,28.1,0.9301245163391443,4,0,1,train
RD_AB_00050_01,CUST_PA00050_01,1776733299.6962795,2026-04-21T00:47:43.626059+00:00,1,1,2,54.0,0.6537242417803755,4,1,1,train
RD_000711,CUST_000863,1776734092.0430417,2026-04-21T01:14:52.043042+00:00,0,0,1,2243.0,0.21226573483594452,1,0,0,train
RD_AB_00050_02,CUST_PA00050_02,1776735762.417905,2026-04-21T02:13:04.038043+00:00,2,2,3,33.3,0.6488456360214262,4,1,1,train
RD_AB_00050_03,CUST_PA00050_03,1776740602.3799593,2026-04-21T02:53:54.805665+00:00,3,3,4,24.4,0.983421662757063,4,1,1,train
RD_001523,CUST_000763,1776742558.1265066,2026-04-21T03:35:58.126507+00:00,0,0,1,200.2,0.16415169036064503,1,0,0,train
RD_000297,CUST_000788,1776742888.5635946,2026-04-21T03:41:28.563595+00:00,0,0,1,281.2,0.27157397644932424,1,0,0,train
RD_000048,CUST_002414,1776743011.1151788,2026-04-21T03:43:31.115179+00:00,0,0,2,662.9,0.13987947656174635,3,0,0,train
RD_001031,CUST_003449,1776745040.1545844,2026-04-21T04:17:20.154584+00:00,0,0,1,1548.2,0.4354296967334215,1,0,0,train
RD_005362,CUST_003358,1776745446.707404,2026-04-21T04:24:06.707404+00:00,0,0,1,5151.1,0.16585048324648805,1,0,0,train
RD_001543,CUST_000480,1776746034.2951188,2026-04-21T04:33:54.295119+00:00,0,0,1,6387.2,0.09072076339215748,1,0,0,train
RD_001772,CUST_002356,1776748883.6437309,2026-04-21T05:21:23.643731+00:00,0,0,1,11953.6,0.1327349469458616,1,0,0,train
RD_003672,CUST_004405,1776749252.9611146,2026-04-21T05:27:32.961115+00:00,0,0,1,284.0,0.2556983118347222,1,0,0,train
RD_001682,CUST_003050,1776751582.4582741,2026-04-21T06:06:22.458274+00:00,0,0,1,889.2,0.17975581575695543,1,0,0,train
RD_002479,CUST_003165,1776753433.6987066,2026-04-21T06:37:13.698707+00:00,0,0,1,1420.8,0.2593027993425614,1,0,0,train
RD_002095,CUST_004448,1776761606.8479004,2026-04-21T08:53:26.847900+00:00,0,0,1,2364.0,0.12643022739730866,1,0,0,train
RD_000456,CUST_004509,1776763767.4138317,2026-04-21T09:29:27.413832+00:00,0,0,1,7995.1,0.22163299599838635,1,0,0,train
RD_003726,CUST_003152,1776764437.7289958,2026-04-21T09:40:37.728996+00:00,1,0,2,29133.1,0.05517664283750927,3,0,0,train
RD_003419,CUST_000085,1776766486.18779,2026-04-21T10:14:46.187790+00:00,0,2,1,419.1,0.014558020172596463,40,0,0,train
RD_004294,CUST_003244,1776770852.199155,2026-04-21T11:27:32.199155+00:00,0,0,1,10777.7,0.28288643995623114,1,0,0,train
RD_005095,CUST_003895,1776771156.4991121,2026-04-21T11:32:36.499112+00:00,0,0,1,467.5,0.0005185276073062623,1,0,0,train
RD_000823,CUST_004490,1776774880.2184963,2026-04-21T12:34:40.218496+00:00,0,0,1,30051.6,0.08799607454877577,1,0,0,train
RD_002654,CUST_002293,1776781148.0832243,2026-04-21T14:19:08.083224+00:00,0,0,1,1379.6,0.04542609304460218,1,0,0,train
RD_000951,CUST_000742,1776782888.9938366,2026-04-21T14:48:08.993837+00:00,0,0,1,23689.4,0.23863424002175002,1,0,0,train
RD_001812,CUST_002553,1776785211.404511,2026-04-21T15:26:51.404511+00:00,0,0,1,1535.6,0.2978717604480055,1,0,0,train
RD_000365,CUST_002184,1776788787.8424544,2026-04-21T16:26:27.842454+00:00,0,0,1,4417.9,0.12283718618110798,1,0,0,train
RD_004056,CUST_002050,1776790911.177745,2026-04-21T17:01:51.177745+00:00,1,0,3,52094.2,0.04386359276196101,2,0,0,train
RD_005055,CUST_000376,1776796072.1587703,2026-04-21T18:27:52.158770+00:00,0,0,1,6410.8,0.10019613625710172,1,0,0,train
RD_003869,CUST_004297,1776800715.7045794,2026-04-21T19:45:15.704579+00:00,0,0,2,3673.7,0.1523633474814282,3,0,0,train
RD_004456,CUST_000626,1776801127.9097996,2026-04-21T19:52:07.909800+00:00,0,0,1,420.3,0.07165530724374912,1,0,0,train
RD_005357,CUST_001786,1776801837.7929926,2026-04-21T20:03:57.792993+00:00,0,0,1,3504.6,0.28174505877528816,1,0,0,train
RD_001665,CUST_002848,1776803118.7017176,2026-04-21T20:25:18.701718+00:00,0,0,1,26094.6,0.10069873214715763,1,0,0,train
RD_001905,CUST_002848,1776809998.5393176,2026-04-21T22:19:58.539318+00:00,0,0,1,151.1,0.3235043565564811,1,0,0,train
RD_004680,CUST_003266,1776812118.8158274,2026-04-21T22:55:18.815827+00:00,0,0,1,516.3,0.3938210346442478,1,0,0,train
RD_002795,CUST_003358,1776815900.3018608,2026-04-21T23:58:20.301861+00:00,0,0,1,5525.6,0.31064305862004177,1,0,0,train
RD_001756,CUST_002038,1776816133.9183304,2026-04-22T00:02:13.918330+00:00,0,0,1,2609.7,0.2817373230200733,1,0,0,train
RD_002935,CUST_001173,1776828783.5451167,2026-04-22T03:33:03.545117+00:00,0,0,1,176.8,0.1727475365308625,1,0,0,train
RD_001298,CUST_000255,1776829453.3066876,2026-04-22T03:44:13.306688+00:00,0,0,1,5470.6,0.1384070921981552,1,0,0,train
RD_002665,CUST_002480,1776831025.4527044,2026-04-22T04:10:25.452704+00:00,0,0,1,8641.4,0.26345044555347824,17,0,0,train
RD_003650,CUST_003165,1776831179.3219142,2026-04-22T04:12:59.321914+00:00,0,0,1,1850.2,0.04886983430656361,1,0,0,train
RD_002728,CUST_000994,1776831486.7666519,2026-04-22T04:18:06.766652+00:00,0,0,1,554.8,0.19506556406363726,1,0,0,train
RD_002020,CUST_000618,1776835389.3540869,2026-04-22T05:23:09.354087+00:00,1,0,3,2192.6,0.1709224215108364,2,0,0,train
RD_004811,CUST_003760,1776838633.8949902,2026-04-22T06:17:13.894990+00:00,0,0,1,40960.3,0.08661076115721497,1,0,0,train
RD_003156,CUST_001219,1776850555.7320416,2026-04-22T09:35:55.732042+00:00,0,0,1,1456.7,0.2206937237367838,2,0,0,train
RD_000740,CUST_003195,1776854152.2931278,2026-04-22T10:35:52.293128+00:00,0,0,1,17373.6,0.11777204600599854,1,0,0,train
RD_001347,CUST_001846,1776856325.3842807,2026-04-22T11:12:05.384281+00:00,0,0,1,3244.1,0.41235150555502975,1,0,0,train
RD_001355,CUST_000340,1776858061.4052856,2026-04-22T11:41:01.405286+00:00,0,0,1,19843.6,0.1251718061296856,1,0,0,train
RD_001315,CUST_000228,1776859571.1339726,2026-04-22T12:06:11.133973+00:00,0,1,1,577.2,0.01648010197711811,20,0,0,train
RD_004087,CUST_000954,1776864328.9395206,2026-04-22T13:25:28.939521+00:00,0,0,1,123.1,0.23901805720225064,1,0,0,train
RD_005443,CUST_003766,1776864901.1321828,2026-04-22T13:35:01.132183+00:00,0,0,1,2045.3,0.26238447004557797,1,0,0,train
RD_003324,CUST_002662,1776866799.7101316,2026-04-22T14:06:39.710132+00:00,0,0,1,1020.4,0.30508174654510534,16,0,0,train
RD_000461,CUST_003405,1776869104.2025256,2026-04-22T14:45:04.202526+00:00,0,1,1,19948.3,0.07045986816754587,35,0,0,train
RD_004891,CUST_004367,1776872695.9341996,2026-04-22T15:44:55.934200+00:00,0,0,1,26322.2,0.010124959769626709,1,0,0,train
RD_001408,CUST_003301,1776875379.543261,2026-04-22T16:29:39.543261+00:00,0,0,1,952.1,0.24156221804861835,1,0,0,train
RD_002925,CUST_003365,1776875989.9991865,2026-04-22T16:39:49.999187+00:00,0,0,1,387.1,0.23992772438879686,1,0,0,train
RD_000061,CUST_003260,1776879002.78974,2026-04-22T17:30:02.789740+00:00,1,0,1,499.1,0.17367968435716621,3,0,0,train
RD_005363,CUST_000081,1776879691.1038015,2026-04-22T17:41:31.103801+00:00,0,0,1,8760.7,0.4002583527905422,1,0,0,train
RD_005040,CUST_000735,1776882564.3898945,2026-04-22T18:29:24.389894+00:00,0,0,1,21690.5,0.16250432743266477,1,0,0,train
RD_002299,CUST_002150,1776888053.0506797,2026-04-22T20:00:53.050680+00:00,0,0,1,959.5,0.24404808903648326,1,0,0,train
RD_000268,CUST_002698,1776888507.137472,2026-04-22T20:08:27.137472+00:00,0,0,1,24881.9,0.23953569647654832,1,0,0,train
RD_000861,CUST_003611,1776890444.548411,2026-04-22T20:40:44.548411+00:00,0,0,1,652.1,0.2146835754703867,1,0,0,train
RD_000480,CUST_002492,1776890657.2560995,2026-04-22T20:44:17.256099+00:00,0,0,1,11.2,0.03277867497278285,1,0,0,train
RD_001684,CUST_003301,1776890956.509808,2026-04-22T20:49:16.509808+00:00,0,0,1,2397.3,0.178403151948562,1,0,0,train
RD_000102,CUST_003742,1776892281.9924717,2026-04-22T21:11:21.992472+00:00,0,0,1,129.0,0.3901593938771631,1,0,0,train
RD_004132,CUST_001667,1776894044.3866737,2026-04-22T21:40:44.386674+00:00,0,0,1,6917.7,0.32284407261608866,1,0,0,train
RD_000551,CUST_003740,1776894145.9318624,2026-04-22T21:42:25.931862+00:00,0,0,1,368.1,0.47135690841078354,1,0,0,train
RD_001202,CUST_003057,1776894519.2096374,2026-04-22T21:48:39.209637+00:00,0,0,1,5546.1,0.223832296612439,1,0,0,train
RD_003990,CUST_002001,1776896361.6751728,2026-04-22T22:19:21.675173+00:00,0,0,1,8700.5,0.07010637539158292,1,0,0,train
RD_002265,CUST_002545,1776898366.9614263,2026-04-22T22:52:46.961426+00:00,0,0,1,23343.3,0.20315085246661482,1,0,0,train
RD_003403,CUST_000127,1776902307.1992176,2026-04-22T23:58:27.199218+00:00,0,2,1,2233.7,0.06976497845813062,11,0,0,train
RD_003048,CUST_000648,1776903327.1465251,2026-04-23T00:15:27.146525+00:00,0,0,1,1410.0,0.033192132902511606,1,0,0,train
RD_005459,CUST_003611,1776905847.6345844,2026-04-23T00:57:27.634584+00:00,0,0,1,235.4,0.11006487740227529,1,0,0,train
RD_002970,CUST_002812,1776907480.91835,2026-04-23T01:24:40.918350+00:00,0,0,1,2244.1,0.1343710784668817,1,0,0,train
RD_001907,CUST_000666,1776907802.0933702,2026-04-23T01:30:02.093370+00:00,0,0,2,1127.0,0.272315515149579,3,0,0,train
RD_004556,CUST_003630,1776909458.8173642,2026-04-23T01:57:38.817364+00:00,0,0,1,1542.7,0.13503189822731415,1,0,0,train
RD_002260,CUST_003220,1776913705.7753923,2026-04-23T03:08:25.775392+00:00,0,0,1,334.1,0.10970286292315518,1,0,0,train
RD_003992,CUST_000994,1776915831.8367693,2026-04-23T03:43:51.836769+00:00,0,0,1,3515.7,0.1246390708503142,1,0,0,train
RD_000459,CUST_004251,1776919455.7225826,2026-04-23T04:44:15.722583+00:00,0,0,1,2202.0,0.11309446336466578,1,0,0,train
RD_000662,CUST_001880,1776920261.2848232,2026-04-23T04:57:41.284823+00:00,0,0,1,4397.8,0.10578752761120018,1,0,0,train
RD_000639,CUST_003680,1776923343.5027132,2026-04-23T05:49:03.502713+00:00,0,0,1,10895.0,0.1516443436983938,1,0,0,train
RD_005244,CUST_000064,1776924313.9182544,2026-04-23T06:05:13.918254+00:00,1,0,1,8746.1,0.28240776386946226,2,0,0,train
RD_002854,CUST_001407,1776932072.6931486,2026-04-23T08:14:32.693149+00:00,0,0,1,12382.9,0.23001860354009335,1,0,0,train
RD_000466,CUST_003715,1776932446.2434344,2026-04-23T08:20:46.243434+00:00,0,0,1,826.6,0.24650711855699933,1,0,0,train
RD_000355,CUST_003422,1776933268.6002274,2026-04-23T08:34:28.600227+00:00,0,0,1,918.1,0.0847612527747579,1,0,0,train
RD_004913,CUST_003416,1776933856.6429882,2026-04-23T08:44:16.642988+00:00,0,0,1,2232.8,0.11773451183561935,1,0,0,train
RD_004024,CUST_002997,1776935967.290284,2026-04-23T09:19:27.290284+00:00,0,0,1,12159.7,0.30584181651190623,1,0,0,train
RD_003246,CUST_001226,1776945578.3583357,2026-04-23T11:59:38.358336+00:00,0,0,1,7259.7,0.19755624790086093,1,0,0,train
RD_000303,CUST_002557,1776948202.3136866,2026-04-23T12:43:22.313687+00:00,0,0,1,22696.2,0.1470450957085978,1,0,0,train
RD_001065,CUST_002273,1776948711.8006737,2026-04-23T12:51:51.800674+00:00,0,1,1,2688.6,0.13200812083002306,40,0,0,train
RD_001299,CUST_001173,1776953943.924512,2026-04-23T14:19:03.924512+00:00,0,0,1,1155.4,0.09731034463701027,1,0,0,train
RD_000633,CUST_000689,1776964293.713988,2026-04-23T17:11:33.713988+00:00,0,0,1,4548.9,0.38832758997561906,1,0,0,train
RD_AB_00039_00,CUST_PA00039_00,1776965135.589452,2026-04-23T17:25:35.589452+00:00,0,0,1,20.6,0.9632276979320797,7,0,1,train
RD_AB_00039_02,CUST_PA00039_02,1776966512.6853983,2026-04-23T19:36:07.803023+00:00,0,2,3,420.1,0.9384751819229256,7,0,1,train
RD_003161,CUST_003553,1776967880.7640421,2026-04-23T18:11:20.764042+00:00,0,0,1,358.2,0.5054721391377192,1,0,0,train
RD_AB_00039_01,CUST_PA00039_01,1776969257.5938537,2026-04-23T17:58:29.642104+00:00,1,1,2,12.5,0.8408992899696103,7,0,1,train
RD_001651,CUST_004252,1776969752.6294422,2026-04-23T18:42:32.629442+00:00,0,0,1,83713.2,0.11223700369722604,1,0,0,train
RD_AB_00039_03,CUST_PA00039_03,1776970539.0450613,2026-04-23T21:44:28.944035+00:00,3,3,4,22.1,0.8205403205526041,7,0,1,train
RD_AB_00039_05,CUST_PA00039_05,1776970920.0435555,2026-04-23T18:52:48.172464+00:00,5,5,6,32.8,0.86868061225932,7,0,1,train
RD_AB_00039_06,CUST_PA00039_06,1776970969.9821491,2026-04-23T17:37:31.468109+00:00,6,6,7,50.6,0.4884401033510274,7,0,1,train
RD_000746,CUST_000738,1776971315.4563465,2026-04-23T19:08:35.456347+00:00,0,0,1,118.7,0.07519357122240158,1,0,0,train
RD_002488,CUST_002045,1776974655.3086233,2026-04-23T20:04:15.308623+00:00,0,0,1,785.1,0.17049182041866023,1,0,0,train
RD_005373,CUST_003077,1776977716.7081563,2026-04-23T20:55:16.708156+00:00,0,0,1,569.9,0.11453633716241034,1,0,0,train
RD_AB_00039_04,CUST_PA00039_04,1776985633.543978,2026-04-23T23:02:52.616049+00:00,0,4,5,56.8,0.9625840542475362,7,0,1,train
RD_002884,CUST_004424,1776985667.3769124,2026-04-23T23:07:47.376912+00:00,0,0,1,2635.4,0.33720891229589844,1,0,0,train
RD_003571,CUST_002545,1776986695.2644045,2026-04-23T23:24:55.264405+00:00,0,0,1,14953.5,0.11728876304713301,1,0,0,train
RD_002463,CUST_004396,1776988698.1164231,2026-04-23T23:58:18.116423+00:00,0,0,1,1752.0,0.09453965897325638,1,0,0,train
RD_005242,CUST_003118,1776988853.7191863,2026-04-24T00:00:53.719186+00:00,0,0,1,8414.1,0.2521823737633396,1,0,0,train
RD_002254,CUST_000300,1776990052.178358,2026-04-24T00:20:52.178358+00:00,0,0,1,979.8,0.016577592181773196,1,0,0,train
RD_000055,CUST_003640,1776993171.7512276,2026-04-24T01:12:51.751228+00:00,0,0,1,117.1,0.27299050491924637,1,0,0,train
RD_003408,CUST_000614,1776994561.424313,2026-04-24T01:36:01.424313+00:00,0,0,1,22506.9,0.282138635237344,1,0,0,train
RD_002329,CUST_004533,1776996205.8161104,2026-04-24T02:03:25.816110+00:00,0,0,1,5622.0,0.21794159444878985,1,0,0,train
RD_001220,CUST_002356,1776996402.697342,2026-04-24T02:06:42.697342+00:00,0,0,1,7670.5,0.11477472092967574,1,0,0,train
RD_004149,CUST_002868,1776996531.8786309,2026-04-24T02:08:51.878631+00:00,0,0,1,2911.8,0.10515607377738413,1,0,0,train
RD_001527,CUST_003358,1776998308.469474,2026-04-24T02:38:28.469474+00:00,0,0,1,27429.5,0.49655045324965386,1,0,0,train
RD_003730,CUST_000480,1777003842.1787124,2026-04-24T04:10:42.178712+00:00,0,0,1,2337.4,0.23271319789670555,1,0,0,train
RD_003441,CUST_002040,1777007945.3367784,2026-04-24T05:19:05.336778+00:00,0,0,1,992.4,0.30060560960073623,1,0,0,train
RD_003025,CUST_000513,1777008991.9355016,2026-04-24T05:36:31.935502+00:00,0,0,1,4689.4,0.14781402495655085,3,0,0,train
RD_000281,CUST_000513,1777012040.8865778,2026-04-24T06:27:20.886578+00:00,0,0,2,3075.7,0.3002548801781071,4,0,0,train
RD_004276,CUST_001200,1777013676.5463865,2026-04-24T06:54:36.546386+00:00,0,0,1,5866.3,0.23997028486176802,1,0,0,train
RD_002028,CUST_003181,1777014543.855731,2026-04-24T07:09:03.855731+00:00,0,0,1,378.5,0.22222073110490487,1,0,0,train
RD_004585,CUST_003301,1777016380.094686,2026-04-24T07:39:40.094686+00:00,0,0,1,4510.9,0.12745709229703475,1,0,0,train
RD_002701,CUST_004442,1777020312.036477,2026-04-24T08:45:12.036477+00:00,0,0,1,666.0,0.15582771085092456,1,0,0,train
RD_002128,CUST_003077,1777020519.6548545,2026-04-24T08:48:39.654855+00:00,0,0,1,244.9,0.28822391090062854,1,0,0,train
RD_001114,CUST_002092,1777024203.7569041,2026-04-24T09:50:03.756904+00:00,0,0,1,841.6,0.11054026562741122,1,0,0,train
RD_004375,CUST_002997,1777028255.29536,2026-04-24T10:57:35.295360+00:00,0,0,1,227.1,0.1374306397090932,1,0,0,train
RD_000500,CUST_003929,1777030903.0992558,2026-04-24T11:41:43.099256+00:00,0,0,1,2871.7,0.2893107987383345,1,0,0,train
RD_001595,CUST_003498,1777031245.3250034,2026-04-24T11:47:25.325003+00:00,1,0,2,6025.0,0.032788110559323624,3,0,0,train
RD_003499,CUST_003205,1777032045.1114218,2026-04-24T12:00:45.111422+00:00,0,0,1,9546.9,0.4754580947182384,1,0,0,train
RD_002016,CUST_000564,1777035846.4260705,2026-04-24T13:04:06.426070+00:00,0,0,1,905.1,0.11430640624096323,1,0,0,train
RD_003309,CUST_001448,1777037349.4919217,2026-04-24T13:29:09.491922+00:00,0,0,1,2246.3,0.16663270141717176,1,0,0,train
RD_002537,CUST_003321,1777037436.5028365,2026-04-24T13:30:36.502836+00:00,0,0,1,2397.6,0.07149605965572327,1,0,0,train
RD_004963,CUST_003611,1777039718.9688187,2026-04-24T14:08:38.968819+00:00,0,0,1,45909.3,0.30674627255728965,1,0,0,train
RD_003731,CUST_001168,1777041248.636403,2026-04-24T14:34:08.636403+00:00,0,0,1,2083.0,0.17096660064681812,1,0,0,train
RD_004275,CUST_002091,1777042213.038161,2026-04-24T14:50:13.038161+00:00,0,0,1,132.9,0.47719735030471544,4,0,0,train
RD_002874,CUST_001356,1777045937.735318,2026-04-24T15:52:17.735318+00:00,0,0,3,1152.5,0.2189728546171539,4,0,0,train
RD_000062,CUST_000422,1777047421.6206105,2026-04-24T16:17:01.620610+00:00,0,0,1,86.8,0.1871948087465026,12,0,0,train
RD_003859,CUST_003535,1777047855.7972345,2026-04-24T16:24:15.797235+00:00,1,0,3,2096.7,0.07435411914210222,3,0,0,train
RD_000367,CUST_003898,1777048100.1577978,2026-04-24T16:28:20.157798+00:00,0,0,1,2153.2,0.14380776908786355,1,0,0,train
RD_003476,CUST_000685,1777048155.9813087,2026-04-24T16:29:15.981309+00:00,0,0,1,99.8,0.44202561037842225,1,0,0,train
RD_002792,CUST_001880,1777049151.6670334,2026-04-24T16:45:51.667033+00:00,0,0,1,245.2,0.2381416915484161,1,0,0,train
RD_002626,CUST_000954,1777054962.645431,2026-04-24T18:22:42.645431+00:00,0,0,1,4521.1,0.14363505632290893,1,0,0,train
RD_003307,CUST_002698,1777055294.9960127,2026-04-24T18:28:14.996013+00:00,0,0,1,11347.5,0.2996752462247735,1,0,0,train
RD_005157,CUST_002126,1777056492.9352877,2026-04-24T18:48:12.935288+00:00,0,0,1,1963.7,0.09793474829810836,30,0,0,train
RD_002049,CUST_000172,1777069711.501457,2026-04-24T22:28:31.501457+00:00,0,1,1,39503.4,0.31132521949687914,14,0,0,train
RD_003921,CUST_002940,1777074370.199447,2026-04-24T23:46:10.199447+00:00,0,0,1,1149.1,0.4981370299884446,1,0,0,train
RD_004333,CUST_000659,1777078147.9882097,2026-04-25T00:49:07.988210+00:00,0,0,1,297.3,0.30691654131164653,1,0,0,train
RD_004047,CUST_003524,1777085245.2878087,2026-04-25T02:47:25.287809+00:00,0,0,1,605.6,0.13067739682295795,1,0,0,train
RD_002037,CUST_001568,1777087083.465121,2026-04-25T03:18:03.465121+00:00,0,0,1,7771.4,0.11917496771083559,1,0,0,train
RD_001511,CUST_001303,1777091775.218825,2026-04-25T04:36:15.218825+00:00,0,0,1,4301.9,0.06944432946835517,1,0,0,train
RD_001157,CUST_002527,1777094477.2385793,2026-04-25T05:21:17.238579+00:00,0,0,1,10038.2,0.21558625580113858,1,0,0,train
RD_004463,CUST_002935,1777098550.4523351,2026-04-25T06:29:10.452335+00:00,0,0,1,991.5,0.4978965984030909,1,0,0,train
RD_004831,CUST_001858,1777102313.590676,2026-04-25T07:31:53.590676+00:00,0,0,1,1274.2,0.3661643188111633,1,0,0,train
RD_005353,CUST_004380,1777102768.4430013,2026-04-25T07:39:28.443001+00:00,0,0,1,12373.5,0.07721581477514762,1,0,0,train
RD_001924,CUST_002601,1777103766.7076712,2026-04-25T07:56:06.707671+00:00,0,0,1,62852.3,0.1995638189009218,1,0,0,train
RD_004023,CUST_002754,1777105100.053572,2026-04-25T08:18:20.053572+00:00,0,0,1,565.7,0.21360723778901017,1,0,0,train
RD_000007,CUST_002343,1777107566.135558,2026-04-25T08:59:26.135558+00:00,1,0,1,1489.8,0.21708052438009195,3,0,0,train
RD_000742,CUST_000209,1777110311.8234344,2026-04-25T09:45:11.823434+00:00,0,0,1,3392.9,0.13977846539507388,1,0,0,train
RD_004540,CUST_001440,1777110491.064567,2026-04-25T09:48:11.064567+00:00,0,0,1,88.0,0.3485693024894302,1,0,0,train
RD_001322,CUST_001554,1777113335.921882,2026-04-25T10:35:35.921882+00:00,0,0,3,283.3,0.19156438265279332,4,0,0,train
RD_004830,CUST_001174,1777116030.538367,2026-04-25T11:20:30.538367+00:00,0,0,1,8812.6,0.1876531552399979,1,0,0,train
RD_004829,CUST_001068,1777117199.6462383,2026-04-25T11:39:59.646238+00:00,0,2,1,5210.5,0.13072026169750403,19,0,0,train
RD_001427,CUST_002784,1777121154.2707696,2026-04-25T12:45:54.270770+00:00,0,2,1,646.0,0.582725793101741,32,0,0,train
RD_004148,CUST_002312,1777121457.1788597,2026-04-25T12:50:57.178860+00:00,0,0,1,4490.3,0.1227777823040585,1,0,0,train
RD_004909,CUST_001014,1777122897.2367253,2026-04-25T13:14:57.236725+00:00,0,0,1,20782.0,0.12077743907615085,1,0,0,train
RD_003626,CUST_000082,1777126859.4164262,2026-04-25T14:20:59.416426+00:00,0,0,1,44349.6,0.19339295633064293,1,0,0,train
RD_001525,CUST_001941,1777139593.1504982,2026-04-25T17:53:13.150498+00:00,0,0,1,3908.7,0.013500015705320086,1,0,0,train
RD_002848,CUST_002439,1777142496.4195914,2026-04-25T18:41:36.419591+00:00,0,0,1,15994.3,0.2846492710135467,19,0,0,train
RD_002519,CUST_000720,1777146248.0372894,2026-04-25T19:44:08.037289+00:00,0,0,1,847.8,0.021123390918113282,1,0,0,train
RD_002050,CUST_002150,1777146300.6777973,2026-04-25T19:45:00.677797+00:00,0,0,1,1208.2,0.18876070369591713,1,0,0,train
RD_002902,CUST_002113,1777147858.2641177,2026-04-25T20:10:58.264118+00:00,0,0,1,7854.8,0.06749744952557186,1,0,0,train
RD_000528,CUST_002930,1777155245.9742892,2026-04-25T22:14:05.974289+00:00,0,0,1,36047.8,0.12112970782488391,1,0,0,train
RD_004419,CUST_003596,1777155349.1725197,2026-04-25T22:15:49.172520+00:00,0,2,1,20716.4,0.49893812328018894,35,0,0,train
RD_001562,CUST_001408,1777156095.9437141,2026-04-25T22:28:15.943714+00:00,0,0,1,347.5,0.37539064846102765,1,0,0,train
RD_000357,CUST_003205,1777161367.7106638,2026-04-25T23:56:07.710664+00:00,0,0,1,3613.6,0.3208703261980346,1,0,0,train
RD_005485,CUST_002389,1777161434.9452302,2026-04-25T23:57:14.945230+00:00,0,0,1,3536.2,0.08984657115547558,1,0,0,train
RD_004761,CUST_002934,1777161828.074421,2026-04-26T00:03:48.074421+00:00,0,0,1,3896.9,0.2533306163870342,1,0,0,train
RD_003658,CUST_002839,1777162205.3094292,2026-04-26T00:10:05.309429+00:00,0,0,1,2099.5,0.3381438361685126,1,0,0,train
RD_004860,CUST_004340,1777163606.61518,2026-04-26T00:33:26.615180+00:00,0,0,1,15335.8,0.1223762837973055,1,0,0,train
RD_003097,CUST_002838,1777164523.823975,2026-04-26T00:48:43.823975+00:00,0,0,1,7739.1,0.22141863424788108,1,0,0,train
RD_000491,CUST_004477,1777166261.2261567,2026-04-26T01:17:41.226157+00:00,0,2,1,961.5,0.2968366432441407,22,0,0,train
RD_003366,CUST_001191,1777166707.3974023,2026-04-26T01:25:07.397402+00:00,0,0,1,91.4,0.12620541881652694,1,0,0,train
RD_001741,CUST_004297,1777173868.117771,2026-04-26T03:24:28.117771+00:00,1,0,1,5473.1,0.1921888514399588,2,0,0,train
RD_002991,CUST_002811,1777177411.9296458,2026-04-26T04:23:31.929646+00:00,0,0,1,1780.9,0.1600024362626537,1,0,0,train
RD_004348,CUST_004442,1777178040.3698635,2026-04-26T04:34:00.369864+00:00,0,0,1,328.7,0.402269437223185,1,0,0,train
RD_004347,CUST_000336,1777179080.2521029,2026-04-26T04:51:20.252103+00:00,0,0,1,940.7,0.05404695631809706,1,0,0,train
RD_005056,CUST_001168,1777187088.707434,2026-04-26T07:04:48.707434+00:00,0,0,1,715.0,0.2903151602895354,1,0,0,train
RD_002019,CUST_000127,1777195403.2738528,2026-04-26T09:23:23.273853+00:00,0,0,1,3587.2,0.20261180539732815,17,0,0,train
RD_001411,CUST_004454,1777199953.8329585,2026-04-26T10:39:13.832958+00:00,0,0,1,209.0,0.1904714852711843,1,0,0,train
RD_003739,CUST_001461,1777200105.6932764,2026-04-26T10:41:45.693276+00:00,0,0,1,396.9,0.11398664250619471,10,0,0,train
RD_002465,CUST_001232,1777200184.9833117,2026-04-26T10:43:04.983312+00:00,0,2,1,330.3,0.2540393728097024,39,0,0,train
RD_000093,CUST_002069,1777202271.4719546,2026-04-26T11:17:51.471955+00:00,0,0,1,1953.1,0.18291418311230015,1,0,0,train
RD_003677,CUST_001135,1777202797.9755058,2026-04-26T11:26:37.975506+00:00,0,0,1,1128.9,0.07963263443206398,1,0,0,train
RD_004449,CUST_003322,1777212223.2642872,2026-04-26T14:03:43.264287+00:00,0,0,2,683.6,0.08511547201792098,4,0,0,train
RD_002534,CUST_002016,1777214953.3071864,2026-04-26T14:49:13.307186+00:00,0,0,1,3732.4,0.08885106427231826,1,0,0,train
RD_000016,CUST_002722,1777216719.6511312,2026-04-26T15:18:39.651131+00:00,0,0,1,11915.2,0.2175167457471311,1,0,0,train
RD_003513,CUST_000618,1777220185.7912238,2026-04-26T16:16:25.791224+00:00,0,0,1,195.5,0.20176707405718555,3,0,0,train
RD_000118,CUST_004089,1777235774.1958542,2026-04-26T20:36:14.195854+00:00,0,2,1,1529.3,0.15628875129782357,27,0,0,train
RD_005474,CUST_003907,1777242387.9353147,2026-04-26T22:26:27.935315+00:00,0,0,1,5654.8,0.17426357972435552,1,0,0,train
RD_000419,CUST_002453,1777250275.7621129,2026-04-27T00:37:55.762113+00:00,0,0,1,3407.3,0.26694903071570275,1,0,0,train
RD_004210,CUST_000037,1777253119.2039094,2026-04-27T01:25:19.203909+00:00,0,0,1,920.6,0.08252296456401688,1,0,0,train
RD_003110,CUST_002950,1777261849.1321573,2026-04-27T03:50:49.132157+00:00,0,0,1,4257.0,0.16606608107567386,1,0,0,train
RD_000589,CUST_001408,1777265974.5205116,2026-04-27T04:59:34.520512+00:00,0,0,1,8042.5,0.06471156151258939,1,0,0,train
RD_004533,CUST_002120,1777267128.2921963,2026-04-27T05:18:48.292196+00:00,0,0,1,1426.6,0.3258602031522109,1,0,0,train
RD_001968,CUST_000954,1777271021.1870883,2026-04-27T06:23:41.187088+00:00,0,0,1,8525.0,0.3042279062623427,1,0,0,train
RD_000133,CUST_003305,1777273536.3902497,2026-04-27T07:05:36.390250+00:00,0,0,1,2939.2,0.18581716489238384,1,0,0,train
RD_001026,CUST_003093,1777278690.8835201,2026-04-27T08:31:30.883520+00:00,0,0,1,5366.7,0.21908751650687922,1,0,0,train
RD_002656,CUST_004016,1777279652.9860957,2026-04-27T08:47:32.986096+00:00,0,0,1,5834.1,0.4451399389416183,1,0,0,train
RD_002968,CUST_004453,1777280638.804606,2026-04-27T09:03:58.804606+00:00,0,0,1,1890.0,0.42266969298128276,1,0,0,train
RD_000619,CUST_002514,1777282564.2900136,2026-04-27T09:36:04.290014+00:00,0,0,1,108126.8,0.12452424124053363,1,0,0,train
RD_003572,CUST_001365,1777286873.0081277,2026-04-27T10:47:53.008128+00:00,0,0,1,1108.1,0.08254244325594974,1,0,0,train
RD_000073,CUST_002545,1777291463.0738256,2026-04-27T12:04:23.073826+00:00,0,0,1,3806.0,0.2120479295042381,1,0,0,train
RD_004199,CUST_002107,1777292027.9941483,2026-04-27T12:13:47.994148+00:00,0,0,1,2007.5,0.13896421895600494,1,0,0,train
RD_003883,CUST_001566,1777292756.937873,2026-04-27T12:25:56.937873+00:00,0,2,1,1822.0,0.033691189146148964,24,0,0,train
RD_005137,CUST_003558,1777300508.3690534,2026-04-27T14:35:08.369053+00:00,0,0,1,657.1,0.2560276371061965,1,0,0,train
RD_005017,CUST_000616,1777300707.5419881,2026-04-27T14:38:27.541988+00:00,0,0,1,1893.1,0.6287974204084901,15,0,0,train
RD_001725,CUST_001545,1777302631.08559,2026-04-27T15:10:31.085590+00:00,0,0,1,10618.2,0.04550340305310626,1,0,0,train
RD_003357,CUST_003057,1777305339.6453443,2026-04-27T15:55:39.645344+00:00,0,0,1,10586.8,0.0780533543751419,1,0,0,train
RD_002543,CUST_003596,1777305521.6007898,2026-04-27T15:58:41.600790+00:00,0,1,1,948.7,0.3994743908501073,8,0,0,train
RD_001042,CUST_000751,1777305855.725625,2026-04-27T16:04:15.725625+00:00,0,0,1,5352.7,0.08494570169873215,1,0,0,train
RD_005337,CUST_001566,1777308554.3089514,2026-04-27T16:49:14.308951+00:00,0,2,1,2223.7,0.14928281037780586,38,0,0,train
RD_002391,CUST_003740,1777312988.6319056,2026-04-27T18:03:08.631906+00:00,0,0,1,395.6,0.22803045093307164,1,0,0,train
RD_003169,CUST_001841,1777316092.7854488,2026-04-27T18:54:52.785449+00:00,0,0,1,4380.9,0.19945356070993223,1,0,0,train
RD_001703,CUST_003953,1777320125.003958,2026-04-27T20:02:05.003958+00:00,0,0,1,8330.3,0.05039485404264885,1,0,0,train
RD_000583,CUST_003084,1777320386.9915688,2026-04-27T20:06:26.991569+00:00,0,0,1,2751.3,0.47458268169996515,1,0,0,train
RD_AB_00083_00,CUST_PA00083_00,1777321410.920477,2026-04-27T20:23:30.920477+00:00,0,0,1,130.4,0.513834499683555,5,0,1,train
RD_005401,CUST_000935,1777322431.0352218,2026-04-27T20:40:31.035222+00:00,0,0,1,452.5,0.2299508322473025,1,0,0,train
RD_AB_00083_04,CUST_PA00083_04,1777322812.0466206,2026-04-28T02:00:35.303218+00:00,4,4,5,19.8,0.7022180610824721,5,0,1,train
RD_002814,CUST_002050,1777323411.1439924,2026-04-27T20:56:51.143992+00:00,0,0,1,2558.2,0.2515119677909043,3,0,0,train
RD_AB_00083_01,CUST_PA00083_01,1777323486.8454287,2026-04-27T21:27:30.861393+00:00,1,1,2,43.3,0.9778450382769888,5,0,1,train
RD_003355,CUST_000564,1777323693.630614,2026-04-27T21:01:33.630614+00:00,0,0,1,32714.0,0.1751716697945907,1,0,0,train
RD_002605,CUST_003358,1777324433.6250641,2026-04-27T21:13:53.625064+00:00,0,0,1,2905.2,0.21999007680737356,1,0,0,train
RD_000398,CUST_001347,1777324661.3387883,2026-04-27T21:17:41.338788+00:00,0,0,1,18964.5,0.04477427940441588,1,0,0,train
RD_005287,CUST_003569,1777328102.5857956,2026-04-27T22:15:02.585796+00:00,0,0,1,68.3,0.16875218090712824,1,0,0,train
RD_AB_00083_02,CUST_PA00083_02,1777328425.6530437,2026-04-27T20:26:35.303848+00:00,2,2,3,163.5,0.7797683725467973,5,0,1,train
RD_AB_00083_03,CUST_PA00083_03,1777328548.5371194,2026-04-27T20:29:43.996968+00:00,0,3,4,6.4,0.7813795366715949,5,0,1,train
RD_002622,CUST_000167,1777330415.2951086,2026-04-27T22:53:35.295109+00:00,0,0,1,2248.1,0.01946820286140817,1,0,0,train
RD_001239,CUST_003308,1777331125.6695232,2026-04-27T23:05:25.669523+00:00,0,0,1,1045.5,0.32885634891873156,1,0,0,train
RD_003700,CUST_001461,1777333556.0385203,2026-04-27T23:45:56.038520+00:00,0,0,1,396.9,0.1798762762090654,22,0,0,train
RD_001863,CUST_003432,1777336150.7165616,2026-04-28T00:29:10.716562+00:00,1,0,3,124.0,0.1785488372221079,2,0,0,train
RD_003583,CUST_002868,1777337288.3005664,2026-04-28T00:48:08.300566+00:00,0,0,1,645.1,0.2997971833823154,1,0,0,train
RD_004098,CUST_000434,1777340520.8804066,2026-04-28T01:42:00.880407+00:00,0,0,1,2509.0,0.20610544352630786,1,0,0,train
RD_004278,CUST_004405,1777341626.7926095,2026-04-28T02:00:26.792609+00:00,0,0,1,3426.1,0.11465153016272855,1,0,0,train
RD_001249,CUST_003058,1777342400.3330395,2026-04-28T02:13:20.333040+00:00,0,0,1,321.4,0.16785691209900305,1,0,0,train
RD_001751,CUST_003075,1777344966.7125573,2026-04-28T02:56:06.712557+00:00,0,0,1,19027.8,0.4195642883241193,1,0,0,train
RD_001574,CUST_004020,1777345219.8234863,2026-04-28T03:00:19.823486+00:00,0,0,1,69.8,0.06900552318002229,1,0,0,train
RD_001226,CUST_000584,1777355856.6489902,2026-04-28T05:57:36.648990+00:00,0,0,1,339.1,0.547200566324173,1,0,0,train
RD_004156,CUST_001587,1777359688.923813,2026-04-28T07:01:28.923813+00:00,0,0,1,367.2,0.6316206830664275,1,0,0,train
RD_005352,CUST_001328,1777364333.5146804,2026-04-28T08:18:53.514680+00:00,0,0,1,8172.6,0.21045352666094175,1,0,0,train
RD_001860,CUST_000960,1777368036.2718372,2026-04-28T09:20:36.271837+00:00,0,0,1,1888.2,0.05978717360386431,1,0,0,train
RD_001687,CUST_001121,1777371541.836201,2026-04-28T10:19:01.836201+00:00,0,0,1,5495.9,0.1569424942242184,1,0,0,train
RD_001647,CUST_000659,1777371874.2628663,2026-04-28T10:24:34.262866+00:00,0,0,1,166.8,0.06307983966935271,1,0,0,train
RD_005478,CUST_003045,1777377475.936114,2026-04-28T11:57:55.936114+00:00,0,0,1,16699.4,0.12899228959276376,1,0,0,train
RD_001634,CUST_002045,1777377896.5261664,2026-04-28T12:04:56.526166+00:00,0,0,1,5511.1,0.23774729411110918,1,0,0,train
RD_004334,CUST_003455,1777383710.3926568,2026-04-28T13:41:50.392657+00:00,0,0,1,15914.7,0.22992409541366743,1,0,0,train
RD_000983,CUST_001823,1777384777.042662,2026-04-28T13:59:37.042662+00:00,0,0,1,288.9,0.20826558661842945,1,0,0,train
RD_004619,CUST_001957,1777385430.1856225,2026-04-28T14:10:30.185622+00:00,0,0,1,3778.2,0.1666560361338869,1,0,0,train
RD_002525,CUST_001094,1777387575.8939357,2026-04-28T14:46:15.893936+00:00,0,0,1,6880.6,0.4373760657836448,1,0,0,train
RD_004754,CUST_000081,1777388275.3876858,2026-04-28T14:57:55.387686+00:00,0,0,1,299.2,0.23200865717340863,1,0,0,train
RD_001258,CUST_000523,1777392021.495944,2026-04-28T16:00:21.495944+00:00,0,0,1,224.9,0.14751312038309955,1,0,0,train
RD_000537,CUST_001725,1777394166.0656106,2026-04-28T16:36:06.065611+00:00,0,0,1,3125.6,0.20648887243220743,1,0,0,train
RD_001610,CUST_003661,1777398298.7177656,2026-04-28T17:44:58.717766+00:00,0,0,1,9334.8,0.050862642871612615,1,0,0,train
RD_004162,CUST_000742,1777399881.7492232,2026-04-28T18:11:21.749223+00:00,0,0,1,1126.8,0.2880732396452389,1,0,0,train
RD_005479,CUST_002249,1777401051.1948788,2026-04-28T18:30:51.194879+00:00,0,0,3,162.7,0.40716955352555906,3,0,0,train
RD_003096,CUST_000278,1777404133.5283792,2026-04-28T19:22:13.528379+00:00,0,1,1,433.6,0.3554834671633352,17,0,0,train
RD_004745,CUST_000340,1777404668.5382125,2026-04-28T19:31:08.538213+00:00,0,0,1,1137.1,0.16384705865926233,1,0,0,train
RD_002041,CUST_000352,1777405443.184382,2026-04-28T19:44:03.184382+00:00,0,0,1,2068.4,0.08245418654251724,1,0,0,train
RD_003142,CUST_003244,1777407302.1960216,2026-04-28T20:15:02.196022+00:00,0,0,1,3757.4,0.25962184650281245,1,0,0,train
RD_000214,CUST_000592,1777407364.361896,2026-04-28T20:16:04.361896+00:00,0,0,1,189.1,0.41420564860347014,1,0,0,train
RD_002790,CUST_000054,1777407427.8448575,2026-04-28T20:17:07.844857+00:00,0,0,1,1765.4,0.1820385493627879,1,0,0,train
RD_AB_00067_00,CUST_PA00067_00,1777410765.7729511,2026-04-28T21:12:45.772951+00:00,0,0,1,132.9,0.8103315721553963,8,0,1,train
RD_AB_00067_01,CUST_PA00067_01,1777413253.120161,2026-04-28T22:23:33.935950+00:00,1,1,2,280.7,0.8303720909927492,8,1,1,train
RD_AB_00067_02,CUST_PA00067_02,1777415053.7916925,2026-04-29T00:10:00.294932+00:00,2,2,1,32.8,0.8438719259900603,8,1,1,train
RD_AB_00067_03,CUST_PA00067_03,1777417142.7938497,2026-04-29T01:30:26.984357+00:00,3,3,4,11.9,0.6475229974063803,8,1,1,train
RD_AB_00067_06,CUST_PA00067_06,1777418934.7901573,2026-04-29T05:47:05.093634+00:00,0,6,7,3.7,0.8122155945386245,8,1,1,train
RD_005448,CUST_000569,1777421165.0596864,2026-04-29T00:06:05.059686+00:00,0,0,1,156481.1,0.1834457101914741,1,0,0,train
RD_AB_00067_04,CUST_PA00067_04,1777422595.8276632,2026-04-29T02:37:29.642064+00:00,4,4,5,35.4,0.6767291640179631,8,1,1,train
RD_AB_00067_05,CUST_PA00067_05,1777431208.6564376,2026-04-28T22:58:20.192770+00:00,0,5,6,81.2,0.8595908517565128,8,1,1,train
RD_003372,CUST_003305,1777431845.0619044,2026-04-29T03:04:05.061904+00:00,0,0,1,2627.3,0.4026184035648148,1,0,0,train
RD_002677,CUST_003740,1777432400.8851068,2026-04-29T03:13:20.885107+00:00,0,0,1,902.6,0.04380672341102778,1,0,0,train
RD_000579,CUST_000304,1777436577.6367304,2026-04-29T04:22:57.636730+00:00,0,0,1,855.3,0.020707261803464317,1,0,0,train
RD_003738,CUST_002339,1777437951.561337,2026-04-29T04:45:51.561337+00:00,0,0,1,2652.5,0.10899470382777075,1,0,0,train
RD_000390,CUST_003077,1777438928.2838671,2026-04-29T05:02:08.283867+00:00,0,0,1,2441.1,0.3497831293237829,1,0,0,train
RD_AB_00066_00,CUST_PA00066_00,1777443331.1757462,2026-04-29T06:15:31.175746+00:00,0,0,1,42.6,0.6958659537217773,8,0,1,train
RD_AB_00067_07,CUST_PA00067_07,1777444551.3943894,2026-04-29T05:17:15.877928+00:00,7,7,8,33.7,0.5399642945016802,8,1,1,train
RD_AB_00066_06,CUST_PA00066_06,1777445153.0935109,2026-04-29T15:14:18.482227+00:00,6,6,7,11.0,0.534161707335609,8,1,1,train
RD_AB_00066_01,CUST_PA00066_01,1777445895.0859153,2026-04-29T07:05:12.166982+00:00,1,1,2,37.7,0.8338413430045104,8,1,1,train
RD_000680,CUST_002634,1777447658.453129,2026-04-29T07:27:38.453129+00:00,0,0,1,636.8,0.031076237843935855,1,0,0,train
RD_003223,CUST_002575,1777447701.0746915,2026-04-29T07:28:21.074692+00:00,0,1,1,310.6,0.15702277405527956,17,0,0,train
RD_AB_00066_02,CUST_PA00066_02,1777447722.0975027,2026-04-29T08:58:30.082871+00:00,2,2,1,17.2,0.915347701106023,8,1,1,train
RD_001061,CUST_002841,1777448993.4473574,2026-04-29T07:49:53.447357+00:00,0,0,1,2268.1,0.17594738314599753,1,0,0,train
RD_000562,CUST_002655,1777449893.5135403,2026-04-29T08:04:53.513540+00:00,0,0,1,2165.7,0.04429818320764147,1,0,0,train
RD_AB_00066_04,CUST_PA00066_04,1777450577.6924565,2026-04-29T11:33:09.931405+00:00,0,4,5,185.6,0.611293773131164,8,1,1,train
RD_004139,CUST_003364,1777451254.3196397,2026-04-29T08:27:34.319640+00:00,0,0,1,1575.9,0.2911983649789819,1,0,0,train
RD_005097,CUST_003648,1777454003.806542,2026-04-29T09:13:23.806542+00:00,0,0,1,1111.9,0.6343096798036069,1,0,0,train
RD_AB_00066_05,CUST_PA00066_05,1777456467.5804024,2026-04-29T13:32:27.804967+00:00,5,5,6,151.4,0.5258399724895139,8,1,1,train
RD_AB_00066_03,CUST_PA00066_03,1777456869.275284,2026-04-29T07:18:00.372583+00:00,0,3,4,51.7,0.9356236618327944,8,1,1,train
RD_002898,CUST_003172,1777460696.5334728,2026-04-29T11:04:56.533473+00:00,0,0,1,4781.6,0.22490628298241272,1,0,0,train
RD_AB_00066_07,CUST_PA00066_07,1777460730.45266,2026-04-29T13:32:40.315718+00:00,0,7,8,18.7,0.6677610447669184,8,1,1,train
RD_004450,CUST_003611,1777470101.1940048,2026-04-29T13:41:41.194005+00:00,0,0,1,3697.3,0.3078616019315743,1,0,0,train
RD_001168,CUST_004367,1777471550.5212052,2026-04-29T14:05:50.521205+00:00,0,0,1,1576.6,0.32284131497475604,1,0,0,train
RD_003404,CUST_000532,1777471744.5934064,2026-04-29T14:09:04.593406+00:00,0,1,1,804.7,0.1143756879499142,34,0,0,train
RD_000302,CUST_002492,1777472845.1077127,2026-04-29T14:27:25.107713+00:00,0,0,1,42140.6,0.18597786612106815,1,0,0,train
RD_003919,CUST_000726,1777482303.5090742,2026-04-29T17:05:03.509074+00:00,0,0,1,8500.6,0.023842666836312816,1,0,0,train
RD_002430,CUST_000309,1777483928.055396,2026-04-29T17:32:08.055396+00:00,0,0,1,45237.0,0.3077600241364729,1,0,0,train
RD_003433,CUST_001856,1777486645.3970962,2026-04-29T18:17:25.397096+00:00,0,0,1,603.9,0.20449851142162395,1,0,0,train
RD_003561,CUST_000294,1777487758.865359,2026-04-29T18:35:58.865359+00:00,0,0,1,336.3,0.2649463679760681,1,0,0,train
RD_000948,CUST_001356,1777493351.836589,2026-04-29T20:09:11.836589+00:00,0,0,3,3531.4,0.07771129656073131,2,0,0,train
RD_001062,CUST_004477,1777496273.2241342,2026-04-29T20:57:53.224134+00:00,0,1,1,3092.1,0.13059637066528135,38,0,0,train
RD_001755,CUST_000556,1777501802.4615223,2026-04-29T22:30:02.461522+00:00,0,0,1,1198.3,0.16304872812523777,1,0,0,train
RD_005227,CUST_003978,1777504645.0412524,2026-04-29T23:17:25.041252+00:00,0,0,1,13829.2,0.21781637595549702,1,0,0,train
RD_000137,CUST_001610,1777505303.9105473,2026-04-29T23:28:23.910547+00:00,0,0,1,1186.3,0.24528312356709822,1,0,0,train
RD_003023,CUST_000775,1777507549.0852103,2026-04-30T00:05:49.085210+00:00,0,0,1,5347.5,0.030545921496585995,1,0,0,train
RD_000167,CUST_002064,1777508158.4970248,2026-04-30T00:15:58.497025+00:00,0,0,1,610.3,0.3638290458921736,1,0,0,train
RD_001003,CUST_000778,1777512157.5676694,2026-04-30T01:22:37.567669+00:00,0,0,1,1929.3,0.4012140750813656,1,0,0,train
RD_000009,CUST_000313,1777514993.623755,2026-04-30T02:09:53.623755+00:00,0,0,1,1217.0,0.2627277656180173,1,0,0,train
RD_001102,CUST_002748,1777519381.980857,2026-04-30T03:23:01.980857+00:00,0,0,1,516.0,0.09803936975214744,1,0,0,train
RD_001499,CUST_001435,1777519621.4905653,2026-04-30T03:27:01.490565+00:00,0,0,1,13020.8,0.2499135511366602,1,0,0,train
RD_002634,CUST_003566,1777519720.8615615,2026-04-30T03:28:40.861562+00:00,0,0,1,1817.7,0.08260181532831193,1,0,0,train
RD_000122,CUST_002064,1777526984.549507,2026-04-30T05:29:44.549507+00:00,0,0,1,1122.2,0.4209326291477952,1,0,0,train
RD_002263,CUST_003641,1777530419.4282303,2026-04-30T06:26:59.428230+00:00,0,0,1,5521.3,0.22639102627247565,1,0,0,train
RD_002633,CUST_000901,1777530761.279421,2026-04-30T06:32:41.279421+00:00,0,0,1,18809.5,0.11362035440468828,1,0,0,train
RD_001375,CUST_001068,1777530874.8879213,2026-04-30T06:34:34.887921+00:00,0,1,1,3497.9,0.09925309207696525,35,0,0,train
RD_002757,CUST_000903,1777532102.291016,2026-04-30T06:55:02.291016+00:00,0,0,1,1238.2,0.2504248627940202,1,0,0,train
RD_002373,CUST_001649,1777533068.1937914,2026-04-30T07:11:08.193791+00:00,0,0,1,19071.1,0.1749602278084268,1,0,0,train
RD_001275,CUST_001728,1777534097.591229,2026-04-30T07:28:17.591229+00:00,0,0,1,3965.8,0.10277833623686805,1,0,0,train
RD_003449,CUST_001512,1777537272.9687667,2026-04-30T08:21:12.968767+00:00,0,0,1,241.3,0.33884456460353524,1,0,0,train
RD_002452,CUST_001522,1777537356.9805415,2026-04-30T08:22:36.980541+00:00,0,0,1,1614.4,0.22614729167669417,1,0,0,train
RD_003118,CUST_003165,1777546671.729217,2026-04-30T10:57:51.729217+00:00,0,0,1,8282.8,0.19690978825448374,1,0,0,train
RD_000321,CUST_004441,1777551968.9910598,2026-04-30T12:26:08.991060+00:00,0,0,1,2946.0,0.14521717591559888,1,0,0,train
RD_005421,CUST_004122,1777554121.237021,2026-04-30T13:02:01.237021+00:00,0,0,1,1110.9,0.11366931366674758,1,0,0,train
RD_005232,CUST_001789,1777556563.35183,2026-04-30T13:42:43.351830+00:00,0,0,1,556.6,0.2392606402168654,1,0,0,train
RD_004372,CUST_000681,1777561936.4089458,2026-04-30T15:12:16.408946+00:00,0,0,1,5960.0,0.2463964571392701,1,0,0,train
RD_002804,CUST_000434,1777564903.7410889,2026-04-30T16:01:43.741089+00:00,0,0,1,3127.1,0.341414138019204,1,0,0,train
RD_003347,CUST_003084,1777569701.7859623,2026-04-30T17:21:41.785962+00:00,0,0,1,13109.3,0.08580609334807149,1,0,0,train
RD_003627,CUST_001383,1777572895.1038337,2026-04-30T18:14:55.103834+00:00,0,0,1,3978.6,0.11503682320606028,1,0,0,train
RD_003529,CUST_000607,1777578275.4654462,2026-04-30T19:44:35.465446+00:00,0,0,1,15359.0,0.022299003490844498,1,0,0,train
RD_002912,CUST_002886,1777581445.5539947,2026-04-30T20:37:25.553995+00:00,0,2,1,3687.7,0.26776948467125444,31,0,0,train
RD_001581,CUST_002293,1777590000.4832454,2026-04-30T23:00:00.483245+00:00,0,0,1,384.3,0.16705891487502458,1,0,0,train
RD_000616,CUST_001799,1777591216.408635,2026-04-30T23:20:16.408635+00:00,0,0,1,593.3,0.15004141476581842,1,0,0,train
RD_004677,CUST_003378,1777592660.707739,2026-04-30T23:44:20.707739+00:00,0,0,1,17805.0,0.2066568460523846,1,0,0,train
RD_003295,CUST_000880,1777593958.4898925,2026-05-01T00:05:58.489892+00:00,0,0,1,143.7,0.32346683387036845,1,0,0,train
RD_004643,CUST_002143,1777602015.6680746,2026-05-01T02:20:15.668075+00:00,0,0,1,740.1,0.12421256600425132,1,0,0,train
RD_004273,CUST_002830,1777602970.2027073,2026-05-01T02:36:10.202707+00:00,0,0,1,201.3,0.060864720349641646,1,0,0,train
RD_005370,CUST_000418,1777603257.4551828,2026-05-01T02:40:57.455183+00:00,0,0,1,719.0,0.08269207719610752,1,0,0,train
RD_001881,CUST_002846,1777604824.1193717,2026-05-01T03:07:04.119372+00:00,0,0,1,1087.8,0.2912409644828071,1,0,0,train
RD_000068,CUST_003468,1777605652.3417094,2026-05-01T03:20:52.341709+00:00,0,0,1,16021.9,0.18707620412379333,1,0,0,train
RD_001087,CUST_001772,1777607148.3960419,2026-05-01T03:45:48.396042+00:00,0,0,1,10255.0,0.1183423198579749,1,0,0,train
RD_005221,CUST_004328,1777608877.037314,2026-05-01T04:14:37.037314+00:00,0,0,1,5004.7,0.36674047550246625,13,0,0,train
RD_002083,CUST_000340,1777613585.2740505,2026-05-01T05:33:05.274050+00:00,0,0,1,61.0,0.13082614685639365,1,0,0,train
RD_003165,CUST_003468,1777617228.4442618,2026-05-01T06:33:48.444262+00:00,0,0,1,961.5,0.0888837561559262,1,0,0,train
RD_005365,CUST_001429,1777618452.0904696,2026-05-01T06:54:12.090470+00:00,0,0,1,4924.0,0.09123715995043714,1,0,0,train
RD_003704,CUST_002387,1777618700.5611165,2026-05-01T06:58:20.561116+00:00,0,0,1,88.9,0.026221757025975824,1,0,0,train
RD_004166,CUST_002671,1777619454.8744464,2026-05-01T07:10:54.874446+00:00,0,0,1,5071.9,0.3739974207178501,1,0,0,train
RD_005197,CUST_003784,1777624437.404894,2026-05-01T08:33:57.404894+00:00,0,0,1,1486.3,0.33482999453272544,1,0,0,train
RD_000786,CUST_000607,1777624999.8416917,2026-05-01T08:43:19.841692+00:00,0,0,1,21788.6,0.31545212727316785,1,0,0,train
RD_003976,CUST_004017,1777628784.4164505,2026-05-01T09:46:24.416451+00:00,0,0,1,7696.4,0.2057188396549054,1,0,0,train
RD_004158,CUST_004252,1777631790.2982466,2026-05-01T10:36:30.298247+00:00,0,0,1,340.9,0.09816163958744989,1,0,0,train
RD_001769,CUST_004343,1777633378.9807384,2026-05-01T11:02:58.980738+00:00,0,0,1,1613.3,0.2520058076428785,1,0,0,train
RD_003820,CUST_002861,1777633707.8650155,2026-05-01T11:08:27.865016+00:00,0,2,1,5359.1,0.06353681493454534,11,0,0,train
RD_000993,CUST_000152,1777635236.3676171,2026-05-01T11:33:56.367617+00:00,0,0,1,8039.8,0.12530567549066635,1,0,0,train
RD_000806,CUST_004073,1777637598.3616862,2026-05-01T12:13:18.361686+00:00,0,0,1,1884.7,0.14968361497851634,1,0,0,train
RD_002492,CUST_001554,1777642327.4960458,2026-05-01T13:32:07.496046+00:00,0,0,3,604100.6,0.17919423261025286,2,0,0,train
RD_003026,CUST_004052,1777644908.1541553,2026-05-01T14:15:08.154155+00:00,0,0,1,352.8,0.2511951194850316,1,0,0,train
RD_001244,CUST_004191,1777646042.136288,2026-05-01T14:34:02.136288+00:00,0,0,1,1286.0,0.14414069746172672,1,0,0,train
RD_004232,CUST_002708,1777647792.928873,2026-05-01T15:03:12.928873+00:00,0,0,2,7856.5,0.2649328020763091,2,0,0,train
RD_000704,CUST_002092,1777650360.55203,2026-05-01T15:46:00.552030+00:00,0,0,1,643.4,0.19783461574731287,1,0,0,train
RD_000229,CUST_002679,1777651352.5226939,2026-05-01T16:02:32.522694+00:00,0,0,1,4308.0,0.06770226536437662,1,0,0,train
RD_001490,CUST_000903,1777651467.1954024,2026-05-01T16:04:27.195402+00:00,0,0,1,12459.9,0.29754764740535855,1,0,0,train
RD_001720,CUST_000851,1777651961.7455401,2026-05-01T16:12:41.745540+00:00,0,0,1,3547.6,0.3905661746914798,1,0,0,train
RD_001285,CUST_003566,1777654386.6574903,2026-05-01T16:53:06.657490+00:00,0,0,1,3361.9,0.29543689387359967,1,0,0,train
RD_002431,CUST_000430,1777654685.1872382,2026-05-01T16:58:05.187238+00:00,0,0,1,2697.7,0.008436238984171993,1,0,0,train
RD_002115,CUST_000399,1777658309.2095165,2026-05-01T17:58:29.209517+00:00,0,0,1,1275.4,0.09665438879643246,1,0,0,train
RD_000785,CUST_004477,1777667230.5559185,2026-05-01T20:27:10.555918+00:00,0,0,1,2292.0,0.17405969773909738,26,0,0,train
RD_004248,CUST_002247,1777668010.6543438,2026-05-01T20:40:10.654344+00:00,0,0,1,2865.2,0.3546517877762781,1,0,0,train
RD_001004,CUST_002061,1777668015.5946329,2026-05-01T20:40:15.594633+00:00,0,0,1,1177.8,0.6608372180345308,1,0,0,train
RD_000797,CUST_000506,1777671486.3756933,2026-05-01T21:38:06.375693+00:00,0,0,2,47.6,0.1821895104419916,4,0,0,train
RD_003489,CUST_003296,1777673165.58151,2026-05-01T22:06:05.581510+00:00,0,1,1,2976.9,0.06464954284387656,29,0,0,train
RD_000664,CUST_002479,1777673168.4748912,2026-05-01T22:06:08.474891+00:00,0,2,1,336.4,0.6481399867764405,9,0,0,train
RD_000262,CUST_002863,1777675147.1712801,2026-05-01T22:39:07.171280+00:00,0,0,1,2351.0,0.33136874598574123,1,0,0,train
RD_002096,CUST_003015,1777680204.1528335,2026-05-02T00:03:24.152833+00:00,0,0,1,1167.9,0.3334136377157599,1,0,0,train
RD_005248,CUST_000711,1777681112.377701,2026-05-02T00:18:32.377701+00:00,0,0,1,209.3,0.28389227007135365,1,0,0,train
RD_002353,CUST_002750,1777681148.2133048,2026-05-02T00:19:08.213305+00:00,0,0,1,3604.9,0.31918277852597987,1,0,0,train
RD_002799,CUST_001408,1777683764.044998,2026-05-02T01:02:44.044998+00:00,0,0,1,11686.6,0.2677703974324088,1,0,0,train
RD_004594,CUST_000176,1777687554.2551124,2026-05-02T02:05:54.255112+00:00,0,0,1,7466.4,0.41397656680319134,1,0,0,train
RD_000697,CUST_001414,1777690821.105068,2026-05-02T03:00:21.105068+00:00,0,0,1,3183.1,0.41848296694546355,1,0,0,train
RD_003088,CUST_002950,1777693459.0200748,2026-05-02T03:44:19.020075+00:00,0,0,1,456.3,0.07411522724391895,1,0,0,train
RD_004608,CUST_000418,1777696351.0269322,2026-05-02T04:32:31.026932+00:00,0,0,1,16716.7,0.1293580244872719,1,0,0,train
RD_002619,CUST_000370,1777697663.1260898,2026-05-02T04:54:23.126090+00:00,0,0,1,1136.9,0.20113058824148264,1,0,0,train
RD_002891,CUST_000227,1777704346.6379304,2026-05-02T06:45:46.637930+00:00,0,0,1,387.9,0.1166702565746198,1,0,0,train
RD_004247,CUST_003353,1777704464.5315602,2026-05-02T06:47:44.531560+00:00,0,0,1,1470.4,0.37830705590923924,1,0,0,train
RD_005202,CUST_000067,1777704635.947375,2026-05-02T06:50:35.947375+00:00,0,0,1,51049.4,0.3717137999323071,1,0,0,train
RD_001028,CUST_000127,1777708331.4343793,2026-05-02T07:52:11.434379+00:00,0,0,1,5662.9,0.2664118488755446,12,0,0,train
RD_002768,CUST_003640,1777710636.0672307,2026-05-02T08:30:36.067231+00:00,0,0,1,31057.1,0.18605061263323863,1,0,0,train
RD_004066,CUST_003950,1777714848.183373,2026-05-02T09:40:48.183373+00:00,0,0,1,686.5,0.10386591460846896,1,0,0,train
RD_004327,CUST_000726,1777720902.1003642,2026-05-02T11:21:42.100364+00:00,0,0,1,5134.9,0.18414218019704406,1,0,0,train
RD_004237,CUST_003061,1777727176.4041421,2026-05-02T13:06:16.404142+00:00,0,0,1,9276.3,0.254819481055285,8,0,0,train
RD_001995,CUST_004390,1777728728.1468632,2026-05-02T13:32:08.146863+00:00,0,0,1,6594.1,0.1727946199761439,1,0,0,train
RD_002678,CUST_000425,1777730210.5224283,2026-05-02T13:56:50.522428+00:00,0,0,1,12047.0,0.4174299363070009,1,0,0,train
RD_001406,CUST_000531,1777731885.575321,2026-05-02T14:24:45.575321+00:00,0,0,1,412.5,0.033819649562463285,1,0,0,train
RD_001110,CUST_003882,1777735180.93361,2026-05-02T15:19:40.933610+00:00,0,0,2,2366.9,0.02658293356901479,2,0,0,train
RD_001255,CUST_003285,1777735210.021175,2026-05-02T15:20:10.021175+00:00,0,0,1,56.0,0.13585677925942496,1,0,0,train
RD_003543,CUST_003039,1777735402.5605526,2026-05-02T15:23:22.560553+00:00,0,0,1,183.4,0.1656702261007316,1,0,0,train
RD_004998,CUST_000532,1777740023.1368194,2026-05-02T16:40:23.136819+00:00,0,2,1,8235.0,0.4206256138385573,22,0,0,train
RD_001200,CUST_001392,1777748746.782637,2026-05-02T19:05:46.782637+00:00,0,0,3,895.0,0.030480337602600154,2,0,0,train
RD_002481,CUST_002938,1777765631.045523,2026-05-02T23:47:11.045523+00:00,0,0,1,3029.7,0.10596176135082486,1,0,0,train
RD_002487,CUST_001392,1777766879.0855935,2026-05-03T00:07:59.085593+00:00,0,0,2,531.2,0.11335234630224213,2,0,0,train
RD_000327,CUST_001169,1777773820.7424648,2026-05-03T02:03:40.742465+00:00,0,0,1,257.2,0.2669789000400343,1,0,0,train
RD_002590,CUST_002913,1777775795.2549613,2026-05-03T02:36:35.254961+00:00,0,0,1,6292.2,0.0027234911520890737,1,0,0,train
RD_003711,CUST_003673,1777777409.0727816,2026-05-03T03:03:29.072782+00:00,0,0,1,1807.2,0.08461160202592508,1,0,0,train
RD_003591,CUST_002502,1777783204.0204883,2026-05-03T04:40:04.020488+00:00,0,0,1,811.3,0.185101841325743,1,0,0,train
RD_002073,CUST_001219,1777783763.0259423,2026-05-03T04:49:23.025942+00:00,1,0,1,5702.4,0.25532202935614945,4,0,0,train
RD_000429,CUST_000129,1777787893.9133058,2026-05-03T05:58:13.913306+00:00,0,0,1,5663.1,0.14076595768971722,1,0,0,train
RD_003364,CUST_003661,1777789866.641147,2026-05-03T06:31:06.641147+00:00,0,0,1,6382.9,0.03221309078371138,1,0,0,train
RD_001627,CUST_001497,1777790086.899496,2026-05-03T06:34:46.899496+00:00,0,0,1,1480.0,0.25090548567988635,1,0,0,train
RD_000984,CUST_003339,1777792041.2632344,2026-05-03T07:07:21.263234+00:00,0,0,1,1190.1,0.22210005020270085,1,0,0,train
RD_002293,CUST_002185,1777796595.2177715,2026-05-03T08:23:15.217772+00:00,0,0,1,332.0,0.13211194340540494,1,0,0,train
RD_003462,CUST_004367,1777799899.7736921,2026-05-03T09:18:19.773692+00:00,0,0,1,13218.0,0.2493880470600388,1,0,0,train
RD_005400,CUST_003555,1777799969.2991009,2026-05-03T09:19:29.299101+00:00,0,0,1,17742.5,0.13961505546687544,1,0,0,train
RD_003540,CUST_003318,1777803367.7291827,2026-05-03T10:16:07.729183+00:00,0,0,1,6312.2,0.24356373055577765,1,0,0,train
RD_002363,CUST_002080,1777807986.8110058,2026-05-03T11:33:06.811006+00:00,0,0,1,22828.9,0.23244926511659197,1,0,0,train
RD_001810,CUST_000569,1777810144.9163392,2026-05-03T12:09:04.916339+00:00,0,0,1,179.5,0.3050266083772757,1,0,0,train
RD_002546,CUST_004354,1777813892.6833146,2026-05-03T13:11:32.683315+00:00,0,0,1,464.4,0.22543959639082745,1,0,0,train
RD_003418,CUST_001845,1777818215.811872,2026-05-03T14:23:35.811872+00:00,0,1,1,1105.1,0.1793828864236667,34,0,0,train
RD_002547,CUST_000376,1777819749.6824355,2026-05-03T14:49:09.682436+00:00,0,0,1,125.9,0.070544646937887,1,0,0,train
RD_005079,CUST_000763,1777820458.657619,2026-05-03T15:00:58.657619+00:00,0,0,1,1505.2,0.12192298438739399,1,0,0,train
RD_002895,CUST_002938,1777821017.5292,2026-05-03T15:10:17.529200+00:00,0,0,1,1058.9,0.030062265094050945,1,0,0,train
RD_002629,CUST_000564,1777821930.522777,2026-05-03T15:25:30.522777+00:00,0,0,1,7487.5,0.1804845215447744,1,0,0,train
RD_004078,CUST_002342,1777827879.50985,2026-05-03T17:04:39.509850+00:00,0,0,1,3489.4,0.3216911781502889,1,0,0,train
RD_001815,CUST_003762,1777828885.639457,2026-05-03T17:21:25.639457+00:00,0,0,1,2627.3,0.3024009411868118,1,0,0,train
RD_002954,CUST_001520,1777831941.0410233,2026-05-03T18:12:21.041023+00:00,0,0,1,118597.8,0.40827916875501646,1,0,0,train
RD_001009,CUST_002098,1777836207.309942,2026-05-03T19:23:27.309942+00:00,1,0,1,2798.0,0.2235684221178926,2,0,0,train
RD_002272,CUST_001717,1777836219.7282205,2026-05-03T19:23:39.728220+00:00,0,0,1,1766.4,0.08621688506330204,1,0,0,train
RD_003942,CUST_001174,1777837615.4349666,2026-05-03T19:46:55.434967+00:00,0,0,1,442.3,0.09788035386154838,1,0,0,train
RD_001606,CUST_003943,1777841951.0978336,2026-05-03T20:59:11.097834+00:00,0,0,1,37314.2,0.15116369946085983,1,0,0,train
RD_000458,CUST_002553,1777844308.837479,2026-05-03T21:38:28.837479+00:00,0,0,1,2451.5,0.2820449576774147,1,0,0,train
RD_001156,CUST_004252,1777845803.1982448,2026-05-03T22:03:23.198245+00:00,0,0,1,582.7,0.15198303107261502,1,0,0,train
RD_003020,CUST_001208,1777847514.8039563,2026-05-03T22:31:54.803956+00:00,0,0,1,572.7,0.12242909585765809,1,0,0,train
RD_001327,CUST_004514,1777848661.9832695,2026-05-03T22:51:01.983269+00:00,0,0,1,1250.0,0.22814613316380594,1,0,0,train
RD_005206,CUST_000483,1777849157.3861723,2026-05-03T22:59:17.386172+00:00,0,0,1,5593.4,0.5803584982057826,1,0,0,train
RD_001008,CUST_004362,1777851573.0320098,2026-05-03T23:39:33.032010+00:00,0,0,1,4474.8,0.0838512464484266,1,0,0,train
RD_004157,CUST_000227,1777852473.3395875,2026-05-03T23:54:33.339587+00:00,0,0,1,3113.4,0.3553980138979013,1,0,0,train
RD_002958,CUST_003799,1777853757.134108,2026-05-04T00:15:57.134108+00:00,0,0,1,1855.5,0.09871500953733528,1,0,0,train
RD_001712,CUST_003992,1777854825.3821502,2026-05-04T00:33:45.382150+00:00,0,0,1,2406.9,0.11881602572739054,1,0,0,train
RD_004821,CUST_002038,1777859149.963522,2026-05-04T01:45:49.963522+00:00,0,0,1,1062.2,0.18431106171559467,1,0,0,train
RD_003736,CUST_002662,1777861272.2911983,2026-05-04T02:21:12.291198+00:00,0,0,1,3333.8,0.2512233788796063,40,0,0,train
RD_002087,CUST_003058,1777864387.6882255,2026-05-04T03:13:07.688226+00:00,0,0,1,2244.6,0.2111891606640397,1,0,0,train
RD_002749,CUST_004506,1777864461.5885413,2026-05-04T03:14:21.588541+00:00,0,2,1,163.9,0.18517328101719216,23,0,0,train
RD_005475,CUST_001649,1777865068.602554,2026-05-04T03:24:28.602554+00:00,0,0,1,3293.8,0.19770614727902536,1,0,0,train
RD_004099,CUST_002989,1777869389.8933945,2026-05-04T04:36:29.893394+00:00,0,0,1,6245.3,0.26562319554328967,1,0,0,train
RD_001138,CUST_002091,1777869483.9868798,2026-05-04T04:38:03.986880+00:00,0,0,1,3553.8,0.3299310329951278,4,0,0,train
RD_003386,CUST_002788,1777870911.118232,2026-05-04T05:01:51.118232+00:00,0,0,1,45349.1,0.38102425441632093,1,0,0,train
RD_004489,CUST_003524,1777873145.287055,2026-05-04T05:39:05.287055+00:00,0,0,1,218.8,0.1787827975328073,1,0,0,train
RD_002305,CUST_000172,1777873737.4141905,2026-05-04T05:48:57.414191+00:00,0,1,1,3395.7,0.4914090771185195,20,0,0,train
RD_004557,CUST_000513,1777874845.9134746,2026-05-04T06:07:25.913475+00:00,0,0,1,359.9,0.09441389515440396,3,0,0,train
RD_002729,CUST_003762,1777878141.364815,2026-05-04T07:02:21.364815+00:00,0,0,1,6328.0,0.14388610882326608,1,0,0,train
RD_003932,CUST_004383,1777881685.3107224,2026-05-04T08:01:25.310722+00:00,0,0,1,343.9,0.19746878899102513,1,0,0,train
RD_004917,CUST_001685,1777884182.8983297,2026-05-04T08:43:02.898330+00:00,0,0,1,221.2,0.04177806744920507,1,0,0,train
RD_001196,CUST_002671,1777885951.8056653,2026-05-04T09:12:31.805665+00:00,0,0,1,1141.6,0.16208734206837574,1,0,0,train
RD_AB_00018_00,CUST_PA00018_00,1777892659.6991386,2026-05-04T11:04:19.699139+00:00,0,0,1,177.4,0.7210741706191136,8,0,1,train
RD_002291,CUST_001667,1777892723.4893215,2026-05-04T11:05:23.489321+00:00,0,0,1,459.4,0.1374873793871679,1,0,0,train
RD_003776,CUST_004052,1777894294.1248677,2026-05-04T11:31:34.124868+00:00,0,0,1,358.7,0.10552178097472703,1,0,0,train
RD_AB_00018_07,CUST_PA00018_07,1777895905.8995748,2026-05-04T15:30:08.672426+00:00,0,7,8,0.7,0.78886147985635,8,1,1,train
RD_AB_00018_01,CUST_PA00018_01,1777896435.2103581,2026-05-04T11:52:26.895602+00:00,1,1,2,21.6,0.7984674884803288,8,1,1,train
RD_AB_00018_04,CUST_PA00018_04,1777896588.3564262,2026-05-04T15:56:14.738632+00:00,4,4,5,44.2,0.6980666896785567,8,1,1,train
RD_AB_00018_03,CUST_PA00018_03,1777898845.1916592,2026-05-04T13:10:45.622811+00:00,0,3,4,12.6,0.8365612681806478,8,1,1,train
RD_AB_00018_02,CUST_PA00018_02,1777899789.732356,2026-05-04T11:55:42.359106+00:00,2,2,3,24.8,0.857309481553676,8,1,1,train
RD_005078,CUST_002315,1777900559.116822,2026-05-04T13:15:59.116822+00:00,0,0,1,555.1,0.3908318782132356,1,0,0,train
RD_AB_00018_06,CUST_PA00018_06,1777901082.3935533,2026-05-04T15:41:49.750511+00:00,6,6,7,36.1,0.8348214239199976,8,1,1,train
RD_005233,CUST_000037,1777901515.4583888,2026-05-04T13:31:55.458389+00:00,0,0,1,13480.1,0.24131854495464214,1,0,0,train
RD_000884,CUST_001522,1777905789.129467,2026-05-04T14:43:09.129467+00:00,0,0,1,7986.5,0.07049872322130855,1,0,0,train
RD_AB_00018_05,CUST_PA00018_05,1777912139.3261867,2026-05-04T15:06:52.537478+00:00,5,5,1,22.7,0.7096447554442756,8,1,1,train
RD_000916,CUST_003136,1777915190.0107303,2026-05-04T17:19:50.010730+00:00,0,0,1,29952.5,0.19040337131674107,1,0,0,train
RD_000907,CUST_004533,1777919658.8761623,2026-05-04T18:34:18.876162+00:00,0,0,1,489.6,0.43701684700920773,1,0,0,train
RD_002454,CUST_003265,1777921941.2527597,2026-05-04T19:12:21.252760+00:00,0,0,1,775.6,0.31824859236923453,1,0,0,train
RD_005351,CUST_003557,1777922543.379466,2026-05-04T19:22:23.379466+00:00,0,0,1,46213.2,0.5553216016926629,1,0,0,train
RD_004142,CUST_001248,1777923729.5459049,2026-05-04T19:42:09.545905+00:00,0,0,1,575.6,0.3268762822426038,2,0,0,train
RD_002127,CUST_003449,1777927975.6721666,2026-05-04T20:52:55.672167+00:00,0,0,1,270.1,0.5458505060236907,1,0,0,train
RD_002878,CUST_003349,1777933174.7067647,2026-05-04T22:19:34.706765+00:00,0,2,1,1554.2,0.048732275274788905,35,0,0,train
RD_002459,CUST_004170,1777933609.7087376,2026-05-04T22:26:49.708738+00:00,0,0,1,177.4,0.28908806642593354,1,0,0,train
RD_001532,CUST_002414,1777936801.1277416,2026-05-04T23:20:01.127742+00:00,1,0,3,71.8,0.2553587114141849,2,0,0,train
RD_003426,CUST_003305,1777937393.3262272,2026-05-04T23:29:53.326227+00:00,0,0,1,896.6,0.10580214585888431,1,0,0,train
RD_002383,CUST_003365,1777937500.7843373,2026-05-04T23:31:40.784337+00:00,0,0,1,2792.2,0.7425172643063472,1,0,0,train
RD_000141,CUST_000129,1777940192.6249647,2026-05-05T00:16:32.624965+00:00,0,0,1,4422.7,0.2511161960305076,1,0,0,train
RD_001270,CUST_002453,1777940712.7680082,2026-05-05T00:25:12.768008+00:00,0,0,1,2820.3,0.34879345651530896,1,0,0,train
RD_002959,CUST_004170,1777941854.9082506,2026-05-05T00:44:14.908251+00:00,0,0,1,411.7,0.05862986853618497,1,0,0,train
RD_003066,CUST_004271,1777949335.043609,2026-05-05T02:48:55.043609+00:00,0,0,1,44820.3,0.1828238080379803,1,0,0,train
RD_003467,CUST_004052,1777960541.7896824,2026-05-05T05:55:41.789682+00:00,0,0,1,174.0,0.3732483170467326,1,0,0,train
RD_002345,CUST_000788,1777961190.2707663,2026-05-05T06:06:30.270766+00:00,0,0,1,4164.7,0.16176394857626122,1,0,0,train
RD_004388,CUST_003086,1777961397.0149462,2026-05-05T06:09:57.014946+00:00,0,2,1,738.2,0.05523312339303908,24,0,0,train
RD_001922,CUST_000418,1777961595.044366,2026-05-05T06:13:15.044366+00:00,0,0,1,2081.6,0.23452891469368148,1,0,0,train
RD_000684,CUST_003955,1777965999.6457973,2026-05-05T07:26:39.645797+00:00,0,0,1,892.1,0.05642288706071618,1,0,0,train
RD_000733,CUST_004020,1777968298.2026932,2026-05-05T08:04:58.202693+00:00,0,0,1,8297.5,0.3167158830102675,1,0,0,train
RD_005406,CUST_000475,1777968669.4725308,2026-05-05T08:11:09.472531+00:00,0,0,1,844.5,0.2768324685839636,1,0,0,train
RD_001894,CUST_000562,1777974319.0712836,2026-05-05T09:45:19.071284+00:00,1,0,1,2901.0,0.34166025444980114,4,0,0,train
RD_002149,CUST_000369,1777975037.2166617,2026-05-05T09:57:17.216662+00:00,0,0,1,4514.8,0.3951004226874853,1,0,0,train
RD_AB_00011_00,CUST_PA00011_00,1777975514.5852354,2026-05-05T10:05:14.585235+00:00,0,0,1,16.4,0.9339383020684267,6,0,1,train
RD_003193,CUST_001358,1777977408.6458557,2026-05-05T10:36:48.645856+00:00,0,0,1,224.9,0.11847349778926998,1,0,0,train
RD_AB_00011_04,CUST_PA00011_04,1777977447.250478,2026-05-05T11:51:57.270628+00:00,4,4,5,8.9,0.8591570825176991,6,0,1,train
RD_002085,CUST_000880,1777979006.566768,2026-05-05T11:03:26.566768+00:00,0,0,1,3004.4,0.18757161806664882,1,0,0,train
RD_AB_00011_01,CUST_PA00011_01,1777979404.8319874,2026-05-05T10:47:19.460815+00:00,1,1,1,120.1,0.5449983320634987,6,0,1,train
RD_AB_00011_02,CUST_PA00011_02,1777979700.6747482,2026-05-05T11:00:35.320967+00:00,0,2,3,16.0,0.5436704348967807,6,0,1,train
RD_002832,CUST_001222,1777980725.2428412,2026-05-05T11:32:05.242841+00:00,0,0,3,1759.7,0.04294413064740644,2,0,0,train
RD_000986,CUST_003704,1777981005.8892245,2026-05-05T11:36:45.889225+00:00,0,0,1,5180.5,0.19417191065977454,1,0,0,train
RD_004715,CUST_000562,1777983505.6347144,2026-05-05T12:18:25.634714+00:00,1,0,3,8735.3,0.44423434365963005,4,0,0,train
RD_004001,CUST_002812,1777983542.5640466,2026-05-05T12:19:02.564047+00:00,0,0,1,4519.1,0.3461691048507671,1,0,0,train
RD_AB_00037_00,CUST_PA00037_00,1777985450.742755,2026-05-05T12:50:50.742755+00:00,0,0,1,55.4,0.7758096622367285,4,0,1,train
RD_AB_00011_03,CUST_PA00011_03,1777987480.0531802,2026-05-05T14:35:12.098869+00:00,3,3,4,450.4,0.47869484198971984,6,0,1,train
RD_003837,CUST_003134,1777988067.270008,2026-05-05T13:34:27.270008+00:00,1,0,2,2546.9,0.22614725419650122,4,0,0,train
RD_AB_00011_05,CUST_PA00011_05,1777988670.1500337,2026-05-05T13:09:45.922639+00:00,0,5,6,22.1,0.7605846237278918,6,0,1,train
RD_AB_00037_01,CUST_PA00037_01,1777989978.6248565,2026-05-05T13:29:36.377696+00:00,0,1,2,114.6,0.7695412176211566,4,1,1,train
RD_003756,CUST_001014,1777990710.9102318,2026-05-05T14:18:30.910232+00:00,0,0,1,4565.8,0.0935881009271525,1,0,0,train
RD_004131,CUST_000227,1777991426.3207154,2026-05-05T14:30:26.320715+00:00,0,0,1,2588.1,0.024045906468554458,1,0,0,train
RD_004412,CUST_002939,1777992435.3675637,2026-05-05T14:47:15.367564+00:00,0,0,3,1804.5,0.1298501102076495,2,0,0,train
RD_AB_00037_02,CUST_PA00037_02,1777995995.6948078,2026-05-05T14:59:37.795023+00:00,2,2,3,41.6,0.8405242773418837,4,1,1,train
RD_AB_00037_03,CUST_PA00037_03,1777998279.2558234,2026-05-05T16:09:11.285288+00:00,3,3,4,32.1,0.8361548260113315,4,1,1,train
RD_002802,CUST_002445,1778000581.8462412,2026-05-05T17:03:01.846241+00:00,0,0,1,1025.6,0.3946556646902898,3,0,0,train
RD_000925,CUST_002085,1778006580.5724611,2026-05-05T18:43:00.572461+00:00,0,1,1,1790.3,0.17261319575577136,12,0,0,train
RD_000270,CUST_003762,1778010378.816754,2026-05-05T19:46:18.816754+00:00,0,0,1,271.5,0.03421462443862386,1,0,0,train
RD_002942,CUST_002062,1778011061.6110148,2026-05-05T19:57:41.611015+00:00,1,0,1,6547.5,0.17809447267002929,2,0,0,train
RD_000072,CUST_000309,1778011185.9648745,2026-05-05T19:59:45.964875+00:00,0,0,1,1046.3,0.2086337109755579,1,0,0,train
RD_001886,CUST_000849,1778013595.3884184,2026-05-05T20:39:55.388418+00:00,0,0,1,2305.6,0.23044628967118325,1,0,0,train
RD_002679,CUST_003468,1778013726.5352857,2026-05-05T20:42:06.535286+00:00,0,0,1,228.2,0.011026732110603493,1,0,0,train
RD_004441,CUST_003062,1778016807.3617702,2026-05-05T21:33:27.361770+00:00,0,0,1,798.4,0.13981630184289512,1,0,0,train
RD_000773,CUST_001554,1778020551.572824,2026-05-05T22:35:51.572824+00:00,0,0,3,1203.1,0.25883593544229005,2,0,0,train
RD_AB_00016_00,CUST_PA00016_00,1778023886.1582534,2026-05-05T23:31:26.158253+00:00,0,0,1,103.8,0.45027129949740086,5,0,1,train
RD_AB_00016_01,CUST_PA00016_01,1778026024.8369339,2026-05-06T00:38:11.454257+00:00,1,1,2,19.7,0.47416540617807995,5,0,1,train
RD_AB_00016_02,CUST_PA00016_02,1778033194.2698627,2026-05-06T00:56:29.801550+00:00,2,2,3,45.1,0.5944034475353962,5,0,1,train
RD_AB_00016_04,CUST_PA00016_04,1778033465.28209,2026-05-06T05:02:52.867533+00:00,0,4,5,67.0,0.6136816531095874,5,0,1,train
RD_AB_00016_03,CUST_PA00016_03,1778037311.3184168,2026-05-06T01:09:44.822707+00:00,0,3,4,12.6,0.5088888288117398,5,0,1,train
RD_001338,CUST_001015,1778038867.0051193,2026-05-06T03:41:07.005119+00:00,0,0,1,2624.5,0.21895722030401102,1,0,0,train
RD_003485,CUST_003258,1778047299.602903,2026-05-06T06:01:39.602903+00:00,0,0,1,353.7,0.0630987673479128,1,0,0,train
RD_001900,CUST_000340,1778048127.8989103,2026-05-06T06:15:27.898910+00:00,0,0,1,2643.2,0.1286687969186373,1,0,0,train
RD_002401,CUST_000523,1778051015.135011,2026-05-06T07:03:35.135011+00:00,0,0,1,8473.1,0.22868535864850617,1,0,0,train
RD_004492,CUST_004073,1778051973.4822743,2026-05-06T07:19:33.482274+00:00,0,0,1,3367.8,0.1875562723517698,1,0,0,train
RD_003247,CUST_004454,1778052444.765191,2026-05-06T07:27:24.765191+00:00,0,0,1,2585.6,0.38803329598703407,1,0,0,train
RD_004118,CUST_004092,1778052755.4815495,2026-05-06T07:32:35.481550+00:00,0,0,1,1607.8,0.31768618104801494,1,0,0,train
RD_005094,CUST_001288,1778056189.4341314,2026-05-06T08:29:49.434131+00:00,0,0,1,15690.2,0.21993417716179575,1,0,0,train
RD_004706,CUST_002886,1778057383.9129782,2026-05-06T08:49:43.912978+00:00,0,1,1,1505.9,0.04201408176148265,27,0,0,train
RD_000931,CUST_003307,1778057977.4248178,2026-05-06T08:59:37.424818+00:00,0,0,1,889.3,0.23338794821246858,1,0,0,train
RD_005447,CUST_001135,1778062802.896287,2026-05-06T10:20:02.896287+00:00,0,0,1,2214.6,0.2953933518024056,1,0,0,train
RD_002099,CUST_000621,1778063120.8095555,2026-05-06T10:25:20.809556+00:00,0,0,1,4217.3,0.10577952549544753,1,0,0,train
RD_004558,CUST_004125,1778063510.6895952,2026-05-06T10:31:50.689595+00:00,1,0,3,7206.1,0.25981457341825265,3,0,0,train
RD_003898,CUST_004180,1778065490.9698682,2026-05-06T11:04:50.969868+00:00,0,0,1,26226.9,0.2916328179258576,1,0,0,train
RD_000334,CUST_000127,1778065731.233955,2026-05-06T11:08:51.233955+00:00,0,2,1,755.0,0.06051075067418484,39,0,0,train
RD_000756,CUST_002848,1778068609.9426813,2026-05-06T11:56:49.942681+00:00,0,0,1,25734.0,0.2933060142398842,1,0,0,train
RD_001219,CUST_002784,1778069595.1908529,2026-05-06T12:13:15.190853+00:00,0,2,1,1458.1,0.029252462656881178,19,0,0,train
RD_001224,CUST_002143,1778074347.9857075,2026-05-06T13:32:27.985708+00:00,0,0,1,4726.2,0.4314845716605994,1,0,0,train
RD_001177,CUST_001520,1778076310.3578467,2026-05-06T14:05:10.357847+00:00,0,0,1,282.7,0.17505216072987728,1,0,0,train
RD_003178,CUST_003336,1778076807.5698829,2026-05-06T14:13:27.569883+00:00,0,0,1,2428.3,0.16125939690758354,1,0,0,train
RD_001491,CUST_003405,1778079862.3624783,2026-05-06T15:04:22.362478+00:00,0,0,1,425.7,0.05226398810787736,31,0,0,train
RD_001508,CUST_003383,1778081164.3586223,2026-05-06T15:26:04.358622+00:00,0,0,1,764.0,0.3224016070132539,1,0,0,train
RD_002395,CUST_003982,1778082040.732831,2026-05-06T15:40:40.732831+00:00,0,0,1,812.7,0.20743510151408448,1,0,0,train
RD_004281,CUST_001575,1778082301.12359,2026-05-06T15:45:01.123590+00:00,0,0,1,2055.7,0.555713619112079,1,0,0,train
RD_AB_00059_00,CUST_PA00059_00,1778083235.851623,2026-05-06T16:00:35.851623+00:00,0,0,1,56.7,0.7393863307443997,3,0,1,train
RD_AB_00059_01,CUST_PA00059_01,1778084343.3873184,2026-05-06T17:15:51.779310+00:00,1,1,2,56.3,0.6936105912334022,3,1,1,train
RD_003488,CUST_001397,1778084478.7005157,2026-05-06T16:21:18.700516+00:00,1,0,3,3746.5,0.17510955922773566,3,0,0,train
RD_AB_00059_02,CUST_PA00059_02,1778088783.0582829,2026-05-06T18:23:47.471204+00:00,0,2,3,56.1,0.6573606181436076,3,1,1,train
RD_005325,CUST_002038,1778088973.296961,2026-05-06T17:36:13.296961+00:00,0,0,1,8273.6,0.547610129065749,1,0,0,train
RD_000538,CUST_000763,1778091550.3986135,2026-05-06T18:19:10.398613+00:00,0,0,1,1788.4,0.013924847739978558,1,0,0,train
RD_004703,CUST_004316,1778092542.0079288,2026-05-06T18:35:42.007929+00:00,0,0,1,870.5,0.1350996059121441,1,0,0,train
RD_001646,CUST_003715,1778093793.4156754,2026-05-06T18:56:33.415675+00:00,0,0,1,3253.1,0.12040519885278528,1,0,0,train
RD_001536,CUST_000797,1778093849.7417898,2026-05-06T18:57:29.741790+00:00,0,0,1,963.3,0.06289796120420739,1,0,0,train
RD_003678,CUST_000681,1778094626.1802242,2026-05-06T19:10:26.180224+00:00,0,0,1,51.6,0.06385429934222761,1,0,0,train
RD_001085,CUST_003172,1778097592.367526,2026-05-06T19:59:52.367526+00:00,0,0,1,995.6,0.2527059905162115,1,0,0,train
RD_004360,CUST_004423,1778098222.551663,2026-05-06T20:10:22.551663+00:00,0,0,1,12099.6,0.13319244794371102,1,0,0,train
RD_004790,CUST_000850,1778100394.8517892,2026-05-06T20:46:34.851789+00:00,0,0,1,10142.4,0.03704035103519693,1,0,0,train
RD_004805,CUST_001376,1778100639.6993914,2026-05-06T20:50:39.699391+00:00,0,0,1,1269.7,0.18064551994761474,1,0,0,train
RD_003512,CUST_003017,1778101401.2316668,2026-05-06T21:03:21.231667+00:00,0,0,1,1520.1,0.21782696037126922,1,0,0,train
RD_000877,CUST_000850,1778104536.4954906,2026-05-06T21:55:36.495491+00:00,0,0,1,1467.6,0.4376247880210421,1,0,0,train
RD_001017,CUST_003358,1778104851.203581,2026-05-06T22:00:51.203581+00:00,0,0,1,16665.7,0.234799453753012,1,0,0,train
RD_003322,CUST_000392,1778108174.7192533,2026-05-06T22:56:14.719253+00:00,0,0,1,1720.3,0.22956434628343256,1,0,0,train
RD_001149,CUST_001057,1778114501.1958752,2026-05-07T00:41:41.195875+00:00,1,0,2,455.1,0.5878335706690677,2,0,0,train
RD_000856,CUST_004500,1778116401.1035838,2026-05-07T01:13:21.103584+00:00,0,0,1,1993.3,0.3288055906822857,1,0,0,train
RD_004855,CUST_003343,1778118990.2501476,2026-05-07T01:56:30.250148+00:00,0,0,1,926.2,0.1698545937252763,1,0,0,train
RD_003857,CUST_001132,1778123436.2201838,2026-05-07T03:10:36.220184+00:00,0,0,1,5317.1,0.30511468001526215,1,0,0,train
RD_000638,CUST_002738,1778123977.7362185,2026-05-07T03:19:37.736218+00:00,0,0,1,9517.4,0.30197229981745316,1,0,0,train
RD_003035,CUST_001208,1778126117.8288152,2026-05-07T03:55:17.828815+00:00,0,0,1,3069.2,0.11781850943542455,1,0,0,train
RD_000392,CUST_000220,1778126773.39331,2026-05-07T04:06:13.393310+00:00,0,0,1,23507.7,0.48964777902820417,1,0,0,train
RD_001750,CUST_003266,1778127584.5946505,2026-05-07T04:19:44.594651+00:00,0,0,1,770.3,0.30440319080985906,1,0,0,train
RD_002928,CUST_001148,1778129204.232345,2026-05-07T04:46:44.232345+00:00,0,0,1,2380.3,0.1971960421092731,1,0,0,train
RD_003361,CUST_001174,1778133524.134809,2026-05-07T05:58:44.134809+00:00,0,0,1,3021.4,0.27137163076675885,1,0,0,train
RD_003604,CUST_004509,1778135487.157496,2026-05-07T06:31:27.157496+00:00,0,0,1,1853.0,0.4267736496623925,1,0,0,train
RD_004073,CUST_003496,1778137663.1411557,2026-05-07T07:07:43.141156+00:00,0,0,1,1761.7,0.22606685185302777,1,0,0,train
RD_001225,CUST_003364,1778138073.5972838,2026-05-07T07:14:33.597284+00:00,0,0,1,16774.0,0.3826701959753791,1,0,0,train
RD_004778,CUST_002788,1778145235.4218345,2026-05-07T09:13:55.421834+00:00,0,0,1,3109.6,0.0887586073285334,1,0,0,train
RD_000418,CUST_000385,1778152767.3060367,2026-05-07T11:19:27.306037+00:00,0,0,1,297.4,0.4598940413986117,1,0,0,train
RD_002427,CUST_002932,1778153380.453305,2026-05-07T11:29:40.453305+00:00,0,0,1,4342.4,0.4809069161985946,1,0,0,train
RD_002932,CUST_003339,1778154481.4627187,2026-05-07T11:48:01.462719+00:00,0,0,1,3043.9,0.0529802863554706,1,0,0,train
RD_002186,CUST_001866,1778154552.1674812,2026-05-07T11:49:12.167481+00:00,0,0,1,173.0,0.024922869576853263,1,0,0,train
RD_003524,CUST_003172,1778155509.446145,2026-05-07T12:05:09.446145+00:00,0,0,1,2453.0,0.19741089928850059,1,0,0,train
RD_004825,CUST_000037,1778155692.5351205,2026-05-07T12:08:12.535120+00:00,0,0,1,1419.6,0.5148647868895256,1,0,0,train
RD_000221,CUST_002016,1778158028.5981407,2026-05-07T12:47:08.598141+00:00,0,0,1,1168.3,0.22924208993153983,1,0,0,train
RD_000757,CUST_000742,1778164982.0475821,2026-05-07T14:43:02.047582+00:00,0,0,1,7838.5,0.4445879008977057,1,0,0,train
RD_002230,CUST_000207,1778165358.8584602,2026-05-07T14:49:18.858460+00:00,0,0,1,1525.8,0.23436562547875842,1,0,0,train
RD_004931,CUST_003744,1778168188.0996783,2026-05-07T15:36:28.099678+00:00,0,0,1,7190.4,0.05480527900978015,1,0,0,train
RD_005011,CUST_002480,1778168665.367943,2026-05-07T15:44:25.367943+00:00,0,2,1,406.7,0.3503801626897783,39,0,0,train
RD_003224,CUST_001739,1778170318.5205503,2026-05-07T16:11:58.520550+00:00,0,0,1,544.5,0.190362983659009,1,0,0,train
RD_001095,CUST_000206,1778170686.1181397,2026-05-07T16:18:06.118140+00:00,0,0,1,27619.8,0.22580114776636886,1,0,0,train
RD_000199,CUST_000125,1778171752.3912032,2026-05-07T16:35:52.391203+00:00,0,0,1,2253.1,0.25634437322637627,1,0,0,train
RD_003752,CUST_000206,1778177573.5310776,2026-05-07T18:12:53.531078+00:00,0,0,1,1076.5,0.0699971600922982,1,0,0,train
RD_005138,CUST_000562,1778179335.822986,2026-05-07T18:42:15.822986+00:00,0,0,3,7401.1,0.04344474830355338,4,0,0,train
RD_001904,CUST_003661,1778180412.902452,2026-05-07T19:00:12.902452+00:00,0,0,1,587.3,0.2976647914853473,1,0,0,train
RD_005022,CUST_002479,1778181774.4542122,2026-05-07T19:22:54.454212+00:00,0,1,1,13416.8,0.3430727450567386,40,0,0,train
RD_000849,CUST_000095,1778195702.0326078,2026-05-07T23:15:02.032608+00:00,0,0,1,1649.6,0.27643151512273373,1,0,0,train
RD_003758,CUST_001798,1778195894.950168,2026-05-07T23:18:14.950168+00:00,0,0,1,99.4,0.055554237510337105,1,0,0,train
RD_005346,CUST_000393,1778198552.87457,2026-05-08T00:02:32.874570+00:00,1,0,3,241.5,0.09656892490939609,4,0,0,train
RD_001135,CUST_001391,1778200026.4086463,2026-05-08T00:27:06.408646+00:00,0,0,1,83.5,0.005412542248895865,1,0,0,train
RD_002021,CUST_002677,1778204649.4460409,2026-05-08T01:44:09.446041+00:00,0,0,1,8559.6,0.14982827537814944,1,0,0,train
RD_000294,CUST_003220,1778209494.8268661,2026-05-08T03:04:54.826866+00:00,0,0,1,10938.7,0.4644281409556207,1,0,0,train
RD_000111,CUST_003561,1778209915.3017008,2026-05-08T03:11:55.301701+00:00,0,0,1,25759.2,0.13469487363872798,1,0,0,train
RD_000320,CUST_001852,1778214460.3472373,2026-05-08T04:27:40.347237+00:00,0,0,1,1595.7,0.08117767397238143,1,0,0,train
RD_002684,CUST_001545,1778215694.5625954,2026-05-08T04:48:14.562595+00:00,0,0,1,1006.3,0.19015483622710067,1,0,0,train
RD_003494,CUST_004442,1778215822.756151,2026-05-08T04:50:22.756151+00:00,0,0,1,6125.4,0.34861536195355114,1,0,0,train
RD_002516,CUST_004084,1778217100.6903539,2026-05-08T05:11:40.690354+00:00,0,0,1,2110.1,0.24686992886626488,1,0,0,train
RD_001613,CUST_000659,1778217724.0460577,2026-05-08T05:22:04.046058+00:00,0,0,1,420.0,0.055254559596661444,1,0,0,train
RD_003451,CUST_002655,1778217791.742071,2026-05-08T05:23:11.742071+00:00,0,0,1,2100.1,0.17448715181090713,1,0,0,train
RD_001602,CUST_002832,1778218115.4076936,2026-05-08T05:28:35.407694+00:00,0,0,1,457.2,0.3016510262232479,1,0,0,train
RD_001765,CUST_000435,1778218356.7933664,2026-05-08T05:32:36.793366+00:00,0,0,1,193.9,0.20826615218671599,1,0,0,train
RD_002070,CUST_001744,1778218725.881297,2026-05-08T05:38:45.881297+00:00,0,0,1,735.2,0.2725393836440178,1,0,0,train
RD_003636,CUST_002531,1778223831.2190766,2026-05-08T07:03:51.219077+00:00,0,0,1,367.5,0.5841256657593544,1,0,0,train
RD_005390,CUST_004423,1778225617.4846027,2026-05-08T07:33:37.484603+00:00,0,0,1,15364.1,0.09354252551046019,1,0,0,train
RD_003358,CUST_002037,1778227234.6094875,2026-05-08T08:00:34.609488+00:00,0,0,1,804.3,0.21982173424696475,1,0,0,train
RD_001696,CUST_004089,1778228014.7533903,2026-05-08T08:13:34.753390+00:00,0,2,1,23452.3,0.2770066494265633,11,0,0,train
RD_000146,CUST_002153,1778229665.321832,2026-05-08T08:41:05.321832+00:00,0,0,1,398.3,0.288312124361077,1,0,0,train
RD_000375,CUST_002750,1778230013.4475064,2026-05-08T08:46:53.447506+00:00,0,0,1,42.6,0.1729961613256676,1,0,0,train
RD_003777,CUST_001852,1778232279.5187998,2026-05-08T09:24:39.518800+00:00,0,0,1,2196.6,0.022761293716472824,1,0,0,train
RD_002468,CUST_001255,1778234872.917373,2026-05-08T10:07:52.917373+00:00,0,0,1,279.6,0.06353118410121525,1,0,0,train
RD_000239,CUST_004084,1778235391.5791686,2026-05-08T10:16:31.579169+00:00,0,0,1,9284.7,0.1772036206858039,1,0,0,train
RD_001269,CUST_000384,1778236581.0894344,2026-05-08T10:36:21.089434+00:00,0,0,1,3391.8,0.1486925931071522,1,0,0,train
RD_001775,CUST_002376,1778238386.0149176,2026-05-08T11:06:26.014918+00:00,0,0,1,2386.4,0.05956483135390908,36,0,0,train
RD_003625,CUST_001174,1778238985.5471253,2026-05-08T11:16:25.547125+00:00,0,0,1,4619.4,0.07308328406317849,1,0,0,train
RD_002714,CUST_003978,1778240993.1511648,2026-05-08T11:49:53.151165+00:00,0,0,1,394.3,0.29099111388414584,1,0,0,train
RD_001294,CUST_000352,1778243199.1545675,2026-05-08T12:26:39.154567+00:00,0,0,1,2353.8,0.11441495234472726,1,0,0,train
RD_000814,CUST_001488,1778243210.1851716,2026-05-08T12:26:50.185172+00:00,0,0,1,861.3,0.04981550487105911,4,0,0,train
RD_004150,CUST_000425,1778244573.0456984,2026-05-08T12:49:33.045698+00:00,0,0,1,1519.7,0.264040637333069,1,0,0,train
RD_001309,CUST_001243,1778245017.3146904,2026-05-08T12:56:57.314690+00:00,0,2,1,47.3,0.02013745210882245,38,0,0,train
RD_001659,CUST_000054,1778245729.6064384,2026-05-08T13:08:49.606438+00:00,0,0,1,2202.3,0.2583406598303494,1,0,0,train
RD_002927,CUST_001883,1778246905.4203873,2026-05-08T13:28:25.420387+00:00,0,0,1,3059.0,0.04616310368064798,1,0,0,train
RD_004783,CUST_002771,1778249589.5150816,2026-05-08T14:13:09.515082+00:00,0,0,1,6148.6,0.11624770778652055,1,0,0,train
RD_000168,CUST_002502,1778254675.6062353,2026-05-08T15:37:55.606235+00:00,0,0,1,1837.8,0.1147644804809641,1,0,0,train
RD_001579,CUST_002396,1778255394.8710063,2026-05-08T15:49:54.871006+00:00,0,0,1,16512.6,0.18468195187813496,1,0,0,train
RD_003515,CUST_003336,1778255845.754352,2026-05-08T15:57:25.754352+00:00,0,0,1,3426.9,0.18330199156249555,1,0,0,train
RD_003917,CUST_003587,1778256082.0828238,2026-05-08T16:01:22.082824+00:00,0,0,1,1450.3,0.15907201321263542,1,0,0,train
RD_001276,CUST_002443,1778258188.6708107,2026-05-08T16:36:28.670811+00:00,0,0,1,6815.0,0.18830607533521568,1,0,0,train
RD_002930,CUST_004537,1778258874.8151596,2026-05-08T16:47:54.815160+00:00,0,0,1,368.7,0.13223249844651597,1,0,0,train
RD_003530,CUST_001777,1778260608.6537778,2026-05-08T17:16:48.653778+00:00,0,0,1,3077.2,0.1107149004043063,1,0,0,train
RD_AB_00025_00,CUST_PA00025_00,1778261781.2200391,2026-05-08T17:36:21.220039+00:00,0,0,1,45.8,0.781628333517551,5,0,1,train
RD_003072,CUST_002314,1778262367.6663773,2026-05-08T17:46:07.666377+00:00,0,0,1,14614.0,0.18651615348279366,1,0,0,train
RD_000784,CUST_003378,1778263048.216562,2026-05-08T17:57:28.216562+00:00,0,0,1,544.4,0.17711787673823476,1,0,0,train
RD_002650,CUST_002022,1778263683.6330261,2026-05-08T18:08:03.633026+00:00,0,0,1,7968.2,0.09046834435037572,1,0,0,train
RD_AB_00025_01,CUST_PA00025_01,1778265344.500513,2026-05-08T17:48:59.673590+00:00,1,1,2,32.4,0.824715916348916,5,1,1,train
RD_AB_00025_02,CUST_PA00025_02,1778267452.8949096,2026-05-08T18:27:09.842464+00:00,2,2,3,16.9,0.800613636264627,5,1,1,train
RD_002783,CUST_003541,1778267848.647708,2026-05-08T19:17:28.647708+00:00,0,0,1,3410.1,0.08166149012720295,1,0,0,train
RD_004170,CUST_001567,1778268080.593027,2026-05-08T19:21:20.593027+00:00,0,0,1,135.5,0.19067595229899534,1,0,0,train
RD_AB_00025_03,CUST_PA00025_03,1778269391.9428635,2026-05-08T18:51:09.846544+00:00,0,3,4,19.4,0.8560898733173927,5,1,1,train
RD_003727,CUST_003062,1778269488.313762,2026-05-08T19:44:48.313762+00:00,0,0,1,470.9,0.35686325366516286,1,0,0,train
RD_000643,CUST_001717,1778270031.9051945,2026-05-08T19:53:51.905195+00:00,0,0,1,227.2,0.1506000313048807,1,0,0,train
RD_001497,CUST_003307,1778271800.4781983,2026-05-08T20:23:20.478198+00:00,0,0,1,2252.7,0.13195502203153917,1,0,0,train
RD_004920,CUST_003170,1778272417.5517077,2026-05-08T20:33:37.551708+00:00,0,0,1,13263.8,0.26823895674055603,1,0,0,train
RD_001377,CUST_003205,1778277850.46701,2026-05-08T22:04:10.467010+00:00,0,0,1,227.3,0.2521994200298002,1,0,0,train
RD_AB_00025_04,CUST_PA00025_04,1778278123.6037135,2026-05-08T20:16:17.824065+00:00,0,4,5,15.3,0.649391380854931,5,1,1,train
RD_001127,CUST_003680,1778279715.4660382,2026-05-08T22:35:15.466038+00:00,0,0,1,641.9,0.586093721637002,1,0,0,train
RD_000100,CUST_002016,1778280449.3671818,2026-05-08T22:47:29.367182+00:00,0,0,1,713.7,0.16844298167686153,1,0,0,train
RD_002358,CUST_002929,1778281282.6094494,2026-05-08T23:01:22.609449+00:00,0,2,1,2960.8,0.12708816316157218,28,0,0,train
RD_004834,CUST_000711,1778284207.8043263,2026-05-08T23:50:07.804326+00:00,0,0,1,8021.5,0.15665442215024072,1,0,0,train
RD_001933,CUST_001789,1778284843.6974993,2026-05-09T00:00:43.697499+00:00,0,0,1,17543.6,0.31814942237437654,1,0,0,train
RD_001818,CUST_003349,1778285074.9907665,2026-05-09T00:04:34.990767+00:00,0,1,1,2088.0,0.03467966697482012,36,0,0,train
RD_001429,CUST_000991,1778287195.611167,2026-05-09T00:39:55.611167+00:00,0,0,1,320.1,0.15782236686115797,1,0,0,train
RD_005124,CUST_000960,1778290269.1608815,2026-05-09T01:31:09.160882+00:00,0,0,1,688.3,0.24199171950738094,1,0,0,train
RD_003354,CUST_001356,1778295051.8809516,2026-05-09T02:50:51.880952+00:00,1,0,3,148.5,0.2549411991796547,4,0,0,train
RD_005115,CUST_003561,1778296900.3286724,2026-05-09T03:21:40.328672+00:00,0,0,1,666.6,0.2076808721883067,1,0,0,train
RD_002248,CUST_004536,1778300429.601667,2026-05-09T04:20:29.601667+00:00,0,0,1,134.8,0.036993933031548555,1,0,0,train
RD_003457,CUST_003880,1778300728.1273417,2026-05-09T04:25:28.127342+00:00,0,0,1,2599.1,0.5870792646630987,1,0,0,train
RD_004561,CUST_002714,1778300974.7137926,2026-05-09T04:29:34.713793+00:00,0,0,1,1071.1,0.20558802274470803,1,0,0,train
RD_005359,CUST_002812,1778301033.7481942,2026-05-09T04:30:33.748194+00:00,0,0,1,1131.4,0.28803915677664466,1,0,0,train
RD_002657,CUST_003291,1778304779.3299057,2026-05-09T05:32:59.329906+00:00,1,0,2,1641.0,0.0497700091705063,2,0,0,train
RD_AB_00080_00,CUST_PA00080_00,1778306019.0223255,2026-05-09T05:53:39.022326+00:00,0,0,1,39.0,0.40330840052221534,7,0,1,train
RD_004081,CUST_002910,1778306497.1820974,2026-05-09T06:01:37.182097+00:00,0,1,1,8985.9,0.3537608835921782,37,0,0,train
RD_003558,CUST_001121,1778307039.5223072,2026-05-09T06:10:39.522307+00:00,0,0,1,893.9,0.008331538047615302,1,0,0,train
RD_001154,CUST_002655,1778307923.7154188,2026-05-09T06:25:23.715419+00:00,0,0,1,5214.5,0.21640756180166612,1,0,0,train
RD_001441,CUST_003080,1778308702.8621454,2026-05-09T06:38:22.862145+00:00,0,0,1,536.2,0.21535737048752449,1,0,0,train
RD_AB_00080_01,CUST_PA00080_01,1778309210.1534708,2026-05-09T06:04:26.407101+00:00,1,1,2,17.1,0.6839062611280242,7,1,1,train
RD_AB_00080_04,CUST_PA00080_04,1778312204.765458,2026-05-09T06:41:36.754345+00:00,4,4,5,66.1,0.8488439333330746,7,1,1,train
RD_000318,CUST_002389,1778313812.1326191,2026-05-09T08:03:32.132619+00:00,0,0,1,1289.0,0.10964249011745356,1,0,0,train
RD_AB_00080_02,CUST_PA00080_02,1778314967.0655303,2026-05-09T07:11:24.537640+00:00,2,2,1,8.7,0.8213756808245343,7,1,1,train
RD_AB_00080_03,CUST_PA00080_03,1778318062.7805288,2026-05-09T07:52:39.405212+00:00,3,3,4,6.7,0.792552047883815,7,1,1,train
RD_001704,CUST_000954,1778318129.0729043,2026-05-09T09:15:29.072904+00:00,0,0,1,2041.0,0.057166816822587854,1,0,0,train
RD_AB_00080_05,CUST_PA00080_05,1778318320.1618218,2026-05-09T11:02:35.484281+00:00,0,5,6,57.3,0.3764053692596786,7,1,1,train
RD_AB_00080_06,CUST_PA00080_06,1778318412.8505108,2026-05-09T06:48:09.158998+00:00,0,6,7,48.9,0.5798800982877125,7,1,1,train
RD_002284,CUST_004362,1778320712.1868405,2026-05-09T09:58:32.186841+00:00,0,0,1,293.5,0.11296919573847518,1,0,0,train
RD_000471,CUST_003707,1778321500.7063844,2026-05-09T10:11:40.706384+00:00,0,0,1,26.3,0.1397222615392281,1,0,0,train
RD_001537,CUST_000217,1778326705.3106983,2026-05-09T11:38:25.310698+00:00,0,0,1,1035.3,0.27490839737040484,1,0,0,train
RD_003234,CUST_001200,1778328284.0925865,2026-05-09T12:04:44.092587+00:00,0,0,1,935.0,0.033967657888389756,1,0,0,train
RD_002982,CUST_001288,1778333413.5951076,2026-05-09T13:30:13.595108+00:00,0,0,1,640.3,0.18826507624207822,1,0,0,train
RD_004254,CUST_000569,1778335928.3913214,2026-05-09T14:12:08.391321+00:00,0,0,1,17382.0,0.10268019933583024,1,0,0,train
RD_004497,CUST_000300,1778337380.9966514,2026-05-09T14:36:20.996651+00:00,0,0,1,358.6,0.1294807204195078,1,0,0,train
RD_001621,CUST_000125,1778339045.2757146,2026-05-09T15:04:05.275715+00:00,0,0,1,2770.1,0.17748405457610783,1,0,0,train
RD_002308,CUST_003907,1778342261.1131802,2026-05-09T15:57:41.113180+00:00,0,0,1,15029.6,0.30569774536180655,1,0,0,train
RD_000546,CUST_000564,1778346830.4529357,2026-05-09T17:13:50.452936+00:00,0,0,1,648.9,0.4502597138275016,1,0,0,train
RD_003184,CUST_001132,1778349594.123428,2026-05-09T17:59:54.123428+00:00,0,0,1,8018.3,0.049496787408790245,1,0,0,train
RD_005317,CUST_002287,1778349845.1611948,2026-05-09T18:04:05.161195+00:00,0,0,1,908.2,0.5388030980390093,1,0,0,train
RD_001368,CUST_004467,1778352239.261795,2026-05-09T18:43:59.261795+00:00,0,0,1,37645.1,0.11156277540989348,1,0,0,train
RD_004436,CUST_003891,1778352369.2629294,2026-05-09T18:46:09.262929+00:00,0,0,1,150.1,0.023268637447419794,1,0,0,train
RD_001264,CUST_000644,1778353942.3185768,2026-05-09T19:12:22.318577+00:00,0,0,1,884.2,0.14617167225607047,1,0,0,train
RD_001248,CUST_003339,1778357703.9607844,2026-05-09T20:15:03.960784+00:00,0,0,1,2730.1,0.16181257480035555,1,0,0,train
RD_002351,CUST_003778,1778358193.9905019,2026-05-09T20:23:13.990502+00:00,0,0,1,5979.5,0.059901415584767394,1,0,0,train
RD_004537,CUST_001226,1778361352.9209836,2026-05-09T21:15:52.920984+00:00,0,0,1,530.2,0.25576812470375065,1,0,0,train
RD_003862,CUST_002062,1778363473.505357,2026-05-09T21:51:13.505357+00:00,0,0,1,8538.0,0.09735775247417636,2,0,0,train
RD_004647,CUST_003432,1778365030.2192616,2026-05-09T22:17:10.219262+00:00,1,0,1,11207.9,0.38596279635453107,4,0,0,train
RD_005491,CUST_003963,1778367288.817224,2026-05-09T22:54:48.817224+00:00,0,0,1,777.1,0.33944892615232364,1,0,0,train
RD_003373,CUST_003498,1778369503.6329737,2026-05-09T23:31:43.632974+00:00,1,0,2,2269.6,0.135454608954333,3,0,0,train
RD_003379,CUST_002439,1778371399.369262,2026-05-10T00:03:19.369262+00:00,0,0,1,861.1,0.38488388432090304,34,0,0,train
RD_001488,CUST_001777,1778371811.7783656,2026-05-10T00:10:11.778366+00:00,0,0,1,1542.5,0.027939960967631843,1,0,0,train
RD_003455,CUST_000882,1778373335.5631092,2026-05-10T00:35:35.563109+00:00,0,0,1,10825.9,0.10695205280906335,1,0,0,train
RD_004173,CUST_002634,1778373881.1258712,2026-05-10T00:44:41.125871+00:00,0,0,1,8350.7,0.06413390243507998,1,0,0,train
RD_000293,CUST_000067,1778377234.8931577,2026-05-10T01:40:34.893158+00:00,0,0,1,15252.9,0.19034116063954845,1,0,0,train
RD_002993,CUST_002396,1778381831.8036337,2026-05-10T02:57:11.803634+00:00,0,0,1,1845.4,0.02417068141464495,1,0,0,train
RD_004009,CUST_003045,1778383157.0593486,2026-05-10T03:19:17.059349+00:00,0,0,1,46556.9,0.24626734828599448,1,0,0,train
RD_001597,CUST_002293,1778385998.728934,2026-05-10T04:06:38.728934+00:00,0,0,1,1758.3,0.2994979554951776,1,0,0,train
RD_004921,CUST_000689,1778388040.7732449,2026-05-10T04:40:40.773245+00:00,0,0,1,1105.0,0.29008761044628556,1,0,0,train
RD_000766,CUST_004506,1778390066.6602588,2026-05-10T05:14:26.660259+00:00,0,1,1,2032.4,0.23153930532633657,35,0,0,train
RD_000904,CUST_003929,1778398614.0577047,2026-05-10T07:36:54.057705+00:00,0,0,1,1591.6,0.2016351326467928,1,0,0,train
RD_003580,CUST_003799,1778401780.7862267,2026-05-10T08:29:40.786227+00:00,0,0,1,9440.6,0.28979103698629916,1,0,0,train
RD_000257,CUST_000507,1778403798.027011,2026-05-10T09:03:18.027011+00:00,0,0,1,61.8,0.4928321360145246,1,0,0,train
RD_002056,CUST_000869,1778405434.8593636,2026-05-10T09:30:34.859364+00:00,0,0,1,123.8,0.4206000939178009,1,0,0,train
RD_003947,CUST_003381,1778406475.317599,2026-05-10T09:47:55.317599+00:00,0,0,1,851.1,0.13005449969767718,1,0,0,train
RD_002952,CUST_003744,1778406798.8190615,2026-05-10T09:53:18.819062+00:00,0,0,1,13086.6,0.2720378688867742,1,0,0,train
RD_000891,CUST_000323,1778411452.4165318,2026-05-10T11:10:52.416532+00:00,0,0,1,126.3,0.2079210291507527,1,0,0,train
RD_001545,CUST_002655,1778412281.263178,2026-05-10T11:24:41.263178+00:00,0,0,1,287.3,0.36337580282071547,1,0,0,train
RD_003288,CUST_000286,1778412723.3767526,2026-05-10T11:32:03.376753+00:00,0,0,1,169.6,0.12109433699364412,1,0,0,train
RD_000624,CUST_000137,1778413272.1887949,2026-05-10T11:41:12.188795+00:00,0,0,1,192.3,0.3451277157915664,1,0,0,train
RD_005077,CUST_002245,1778413382.8269138,2026-05-10T11:43:02.826914+00:00,0,0,1,15.7,0.1270752765609951,1,0,0,train
RD_002144,CUST_004331,1778416186.3422806,2026-05-10T12:29:46.342281+00:00,0,0,1,492.4,0.25008490850503207,1,0,0,train
RD_003552,CUST_000462,1778417612.3775663,2026-05-10T12:53:32.377566+00:00,0,0,1,1507.6,0.08669982547515762,1,0,0,train
RD_005129,CUST_000846,1778417959.7190135,2026-05-10T12:59:19.719013+00:00,0,0,1,488.8,0.10396235624983365,1,0,0,train
RD_003822,CUST_000430,1778418268.3411992,2026-05-10T13:04:28.341199+00:00,0,0,1,2717.0,0.06589409722918302,1,0,0,train
RD_002106,CUST_002184,1778418677.2663083,2026-05-10T13:11:17.266308+00:00,0,0,1,16131.9,0.23706215315619852,1,0,0,train
RD_002372,CUST_003307,1778419124.6528854,2026-05-10T13:18:44.652885+00:00,0,0,1,8294.5,0.14642680933115,1,0,0,train
RD_005081,CUST_002120,1778421829.4257333,2026-05-10T14:03:49.425733+00:00,0,0,1,13472.4,0.2114064016217583,1,0,0,train
RD_001796,CUST_003028,1778422902.4900622,2026-05-10T14:21:42.490062+00:00,1,0,3,2128.0,0.3490697734739161,3,0,0,train
RD_001001,CUST_001429,1778424129.8300304,2026-05-10T14:42:09.830030+00:00,0,0,1,757.8,0.16731861253344144,1,0,0,train
RD_000955,CUST_003455,1778424328.020234,2026-05-10T14:45:28.020234+00:00,0,0,1,775.5,0.299743427829474,1,0,0,train
RD_005200,CUST_002575,1778425194.7639434,2026-05-10T14:59:54.763943+00:00,0,2,1,5905.7,0.0998876963554458,18,0,0,train
RD_003105,CUST_000012,1778425866.2173276,2026-05-10T15:11:06.217328+00:00,0,0,1,1691.7,0.05792925732138947,1,0,0,train
RD_000326,CUST_003468,1778426618.516047,2026-05-10T15:23:38.516047+00:00,0,0,1,480.7,0.513876383595814,1,0,0,train
RD_001481,CUST_004536,1778428403.7673178,2026-05-10T15:53:23.767318+00:00,0,0,1,2246.0,0.03390797528214006,1,0,0,train
RD_004927,CUST_002886,1778434830.7149377,2026-05-10T17:40:30.714938+00:00,0,1,1,7571.2,0.08735064301273891,31,0,0,train
RD_005091,CUST_004148,1778435897.5290008,2026-05-10T17:58:17.529001+00:00,0,0,1,14550.4,0.62406782262601,1,0,0,train
RD_004437,CUST_003062,1778437899.3381464,2026-05-10T18:31:39.338146+00:00,0,0,1,4659.3,0.2336475784495469,1,0,0,train
RD_002279,CUST_000608,1778438010.5191689,2026-05-10T18:33:30.519169+00:00,0,0,1,3330.6,0.2549242938266561,1,0,0,train
RD_003450,CUST_002185,1778441705.4640982,2026-05-10T19:35:05.464098+00:00,0,0,1,3124.1,0.24808975138901912,1,0,0,train
RD_003218,CUST_003136,1778446088.280619,2026-05-10T20:48:08.280619+00:00,0,0,1,15689.5,0.04266832301790916,1,0,0,train
RD_003957,CUST_000268,1778446434.2461727,2026-05-10T20:53:54.246173+00:00,0,0,1,1590.8,0.21734675113808596,1,0,0,train
RD_001311,CUST_003343,1778449455.2358606,2026-05-10T21:44:15.235861+00:00,0,0,1,2550.1,0.23658466321480995,1,0,0,train
RD_004480,CUST_001512,1778449657.7875304,2026-05-10T21:47:37.787530+00:00,0,0,1,3715.5,0.27780468433758104,1,0,0,train
RD_002177,CUST_002855,1778450053.183047,2026-05-10T21:54:13.183047+00:00,0,0,1,7749.9,0.29645113117333,1,0,0,train
RD_000559,CUST_003336,1778451394.4385,2026-05-10T22:16:34.438500+00:00,0,0,1,1206.2,0.145089433198209,1,0,0,train
RD_001783,CUST_003557,1778451592.2425437,2026-05-10T22:19:52.242544+00:00,0,0,1,14945.2,0.022317350332594847,1,0,0,train
RD_002040,CUST_003704,1778452743.5064888,2026-05-10T22:39:03.506489+00:00,0,0,1,910.2,0.4915558862533599,1,0,0,train
RD_003725,CUST_003016,1778453655.9735947,2026-05-10T22:54:15.973595+00:00,0,0,1,3515.0,0.27505011376614075,1,0,0,train
RD_004105,CUST_002634,1778454755.3909717,2026-05-10T23:12:35.390972+00:00,0,0,1,14951.7,0.111207579715733,1,0,0,train
RD_003431,CUST_000738,1778455829.7753508,2026-05-10T23:30:29.775351+00:00,0,0,1,2961.6,0.14960587711074735,1,0,0,train
RD_003353,CUST_000393,1778458515.4096503,2026-05-11T00:15:15.409650+00:00,0,0,3,105.5,0.022725338380291796,4,0,0,train
RD_003402,CUST_002080,1778459870.6075258,2026-05-11T00:37:50.607526+00:00,0,0,1,2831.1,0.12476342270124202,1,0,0,train
RD_003577,CUST_003586,1778459979.5568044,2026-05-11T00:39:39.556804+00:00,1,0,1,455.5,0.21882976206098778,3,0,0,train
RD_003308,CUST_000960,1778460446.6308458,2026-05-11T00:47:26.630846+00:00,0,0,1,1287.2,0.24884974947944494,1,0,0,train
RD_003213,CUST_004376,1778468390.0259333,2026-05-11T02:59:50.025933+00:00,0,0,1,629.1,0.19180228320002127,1,0,0,train
RD_002755,CUST_004180,1778468456.4244406,2026-05-11T03:00:56.424441+00:00,0,0,1,793.8,0.044226245681297606,1,0,0,train
RD_001823,CUST_001945,1778468908.3897147,2026-05-11T03:08:28.389715+00:00,0,0,1,2436.8,0.04439180190991953,1,0,0,train
RD_003420,CUST_003416,1778469014.5278587,2026-05-11T03:10:14.527859+00:00,0,0,1,20131.6,0.2966335423496973,1,0,0,train
RD_003406,CUST_003553,1778470784.6168108,2026-05-11T03:39:44.616811+00:00,0,0,1,7821.5,0.25520762384348733,1,0,0,train
RD_003874,CUST_000025,1778472638.892211,2026-05-11T04:10:38.892211+00:00,0,0,1,1755.1,0.19951910725340066,1,0,0,train
RD_000373,CUST_003782,1778472765.1343071,2026-05-11T04:12:45.134307+00:00,0,0,1,5523.7,0.3555715003037327,1,0,0,train
RD_001483,CUST_000644,1778474800.0130968,2026-05-11T04:46:40.013097+00:00,0,0,1,4191.1,0.17798394756313551,1,0,0,train
RD_004225,CUST_004363,1778477335.0091126,2026-05-11T05:28:55.009113+00:00,0,0,1,926.1,0.07082551489366119,1,0,0,train
RD_001185,CUST_002126,1778477390.1756744,2026-05-11T05:29:50.175674+00:00,0,0,1,61117.8,0.12549325287703397,9,0,0,train
RD_004206,CUST_001327,1778479267.6858137,2026-05-11T06:01:07.685814+00:00,0,0,1,63864.3,0.28991143338128256,1,0,0,train
RD_002323,CUST_003982,1778480882.331009,2026-05-11T06:28:02.331009+00:00,0,0,1,491.4,0.4078257835650738,1,0,0,train
RD_001965,CUST_000935,1778484661.3484318,2026-05-11T07:31:01.348432+00:00,0,0,1,411.7,0.4361259057872047,1,0,0,train
RD_004666,CUST_004049,1778485044.004144,2026-05-11T07:37:24.004144+00:00,0,0,1,2456.1,0.130259929284179,1,0,0,train
RD_001622,CUST_003195,1778486079.6589475,2026-05-11T07:54:39.658947+00:00,0,0,1,112.3,0.19350360315435766,1,0,0,train
RD_001038,CUST_002314,1778487871.8564706,2026-05-11T08:24:31.856471+00:00,0,0,1,14448.4,0.2310580665906491,1,0,0,train
RD_004357,CUST_002835,1778490077.114977,2026-05-11T09:01:17.114977+00:00,0,0,1,345.2,0.04187276204499035,1,0,0,train
RD_000054,CUST_004162,1778490826.8440933,2026-05-11T09:13:46.844093+00:00,0,0,1,14368.1,0.06995876703555952,1,0,0,train
RD_003138,CUST_003982,1778495773.3525145,2026-05-11T10:36:13.352515+00:00,0,0,1,380.1,0.23867481258289389,1,0,0,train
RD_003916,CUST_003659,1778499109.1491518,2026-05-11T11:31:49.149152+00:00,0,2,1,841.2,0.3075052701097032,17,0,0,train
RD_000020,CUST_003680,1778499460.1502397,2026-05-11T11:37:40.150240+00:00,0,0,1,1200.8,0.12912081769181338,1,0,0,train
RD_001903,CUST_001288,1778501557.000615,2026-05-11T12:12:37.000615+00:00,0,0,1,3566.7,0.424304261300568,1,0,0,train
RD_002606,CUST_001226,1778502825.9313898,2026-05-11T12:33:45.931390+00:00,0,0,1,4788.3,0.2271779059705411,1,0,0,train
RD_004336,CUST_003557,1778504962.9959831,2026-05-11T13:09:22.995983+00:00,0,0,1,3416.8,0.17344127799036568,1,0,0,train
RD_002288,CUST_001610,1778514015.7925224,2026-05-11T15:40:15.792522+00:00,0,0,1,2327.5,0.08607633186978511,1,0,0,train
RD_003248,CUST_000456,1778516937.538797,2026-05-11T16:28:57.538797+00:00,0,0,1,244.7,0.2170036492208926,1,0,0,train
RD_002579,CUST_001192,1778518323.1014662,2026-05-11T16:52:03.101466+00:00,0,0,1,1076.7,0.11614276791006121,1,0,0,train
RD_004638,CUST_001789,1778522127.757683,2026-05-11T17:55:27.757683+00:00,0,0,1,494.5,0.32854848676633475,1,0,0,train
RD_002424,CUST_003405,1778527585.12669,2026-05-11T19:26:25.126690+00:00,0,2,1,3972.2,0.2792149600661417,31,0,0,train
RD_001399,CUST_001505,1778530025.400137,2026-05-11T20:07:05.400137+00:00,0,0,1,658.9,0.22561394363108628,1,0,0,train
RD_003838,CUST_000556,1778532504.2851808,2026-05-11T20:48:24.285181+00:00,0,0,1,18730.8,0.38212362329159305,1,0,0,train
RD_000060,CUST_002771,1778534913.0098825,2026-05-11T21:28:33.009882+00:00,0,0,1,747.4,0.027541045355982816,1,0,0,train
RD_005140,CUST_004103,1778536703.6671853,2026-05-11T21:58:23.667185+00:00,0,0,1,298.6,0.08890607364345261,1,0,0,train
RD_004944,CUST_001931,1778537339.0864317,2026-05-11T22:08:59.086432+00:00,0,0,1,338.4,0.31525258963408226,1,0,0,train
RD_002334,CUST_003084,1778542103.5966856,2026-05-11T23:28:23.596686+00:00,0,0,1,410.7,0.3529745031932576,1,0,0,train
RD_001390,CUST_001685,1778543779.4364495,2026-05-11T23:56:19.436450+00:00,0,0,1,6092.6,0.036907726236710126,1,0,0,train
RD_000604,CUST_003152,1778547409.3635802,2026-05-12T00:56:49.363580+00:00,1,0,1,576.2,0.11712539631580957,2,0,0,train
RD_004563,CUST_001880,1778547682.2477639,2026-05-12T01:01:22.247764+00:00,0,0,1,1063.7,0.15107478167328547,1,0,0,train
RD_004887,CUST_002522,1778549646.7837982,2026-05-12T01:34:06.783798+00:00,1,0,1,1154.3,0.10371955018845226,2,0,0,train
RD_004013,CUST_002855,1778551129.0312784,2026-05-12T01:58:49.031278+00:00,0,0,1,1259.5,0.25215117550199256,1,0,0,train
RD_004699,CUST_002742,1778551358.8126683,2026-05-12T02:02:38.812668+00:00,0,0,1,453.9,0.0872566465419052,1,0,0,train
RD_004895,CUST_004484,1778553236.6563258,2026-05-12T02:33:56.656326+00:00,0,0,1,153.8,0.3657357226194961,1,0,0,train
RD_004694,CUST_001845,1778554087.3354785,2026-05-12T02:48:07.335479+00:00,0,1,1,28056.9,0.42402132623981276,16,0,0,train
RD_003340,CUST_000912,1778554308.0281239,2026-05-12T02:51:48.028124+00:00,0,2,1,124.6,0.12854256999867159,11,0,0,train
RD_001323,CUST_000507,1778554548.4168527,2026-05-12T02:55:48.416853+00:00,0,0,1,49.0,0.2732387249287367,1,0,0,train
RD_002493,CUST_003707,1778556620.1685495,2026-05-12T03:30:20.168550+00:00,0,0,1,142.5,0.1195463060781205,1,0,0,train
RD_000778,CUST_002553,1778558977.1058526,2026-05-12T04:09:37.105853+00:00,0,0,1,4386.2,0.2575048555878125,1,0,0,train
RD_004242,CUST_001376,1778559067.4238093,2026-05-12T04:11:07.423809+00:00,0,0,1,6094.7,0.055579437679717895,1,0,0,train
RD_002012,CUST_004452,1778565624.5343447,2026-05-12T06:00:24.534345+00:00,0,0,1,1109.5,0.41762287870093323,1,0,0,train
RD_004479,CUST_000206,1778565756.1054173,2026-05-12T06:02:36.105417+00:00,0,0,1,7263.2,0.3283615294894614,1,0,0,train
RD_003273,CUST_003311,1778565992.4354222,2026-05-12T06:06:32.435422+00:00,0,0,1,12664.0,0.16691630245725525,1,0,0,train
RD_000802,CUST_001310,1778566202.310517,2026-05-12T06:10:02.310517+00:00,1,0,3,2349.0,0.38388711599454733,4,0,0,train
RD_001884,CUST_004330,1778568089.6277606,2026-05-12T06:41:29.627761+00:00,0,0,1,1682.0,0.1969531271202403,1,0,0,train
RD_004832,CUST_003535,1778568371.5771224,2026-05-12T06:46:11.577122+00:00,1,0,1,8192.0,0.20038509779380875,3,0,0,train
RD_000033,CUST_000207,1778568776.611422,2026-05-12T06:52:56.611422+00:00,0,0,1,3780.3,0.22942542592599832,1,0,0,train
RD_005169,CUST_004127,1778568842.5559487,2026-05-12T06:54:02.555949+00:00,0,0,1,1819.5,0.02242050229339045,1,0,0,train
RD_001374,CUST_002748,1778570107.6687717,2026-05-12T07:15:07.668772+00:00,0,0,1,347.2,0.2118751615059783,1,0,0,train
RD_000253,CUST_000726,1778570175.6514468,2026-05-12T07:16:15.651447+00:00,0,0,1,16454.2,0.25335031886110737,1,0,0,train
RD_000982,CUST_000618,1778570419.7090094,2026-05-12T07:20:19.709009+00:00,1,0,1,2815.9,0.2800872911965298,4,0,0,train
RD_001169,CUST_003740,1778570670.3741415,2026-05-12T07:24:30.374141+00:00,0,0,1,514.1,0.07831418566105379,1,0,0,train
RD_002116,CUST_003555,1778576258.1720405,2026-05-12T08:57:38.172040+00:00,0,0,1,1007.3,0.08703281870164659,1,0,0,train
RD_002986,CUST_004493,1778576276.9810889,2026-05-12T08:57:56.981089+00:00,0,0,1,6286.2,0.28121218229081174,1,0,0,train
RD_003808,CUST_004325,1778576755.8127928,2026-05-12T09:05:55.812793+00:00,0,0,1,220.1,0.4461709316436189,1,0,0,train
RD_004896,CUST_000472,1778584149.5560224,2026-05-12T11:09:09.556022+00:00,0,0,1,4405.3,0.3406672102449003,1,0,0,train
RD_005366,CUST_003963,1778589082.938583,2026-05-12T12:31:22.938583+00:00,0,0,1,819.3,0.6355528025494497,1,0,0,train
RD_001308,CUST_001082,1778589604.4206855,2026-05-12T12:40:04.420686+00:00,0,0,1,396.2,0.14908647374551778,1,0,0,train
RD_004880,CUST_000370,1778590927.3947442,2026-05-12T13:02:07.394744+00:00,0,0,1,10853.6,0.2580769575620086,1,0,0,train
RD_004547,CUST_003349,1778593451.5071867,2026-05-12T13:44:11.507187+00:00,0,0,1,718.1,0.38333601673349676,35,0,0,train
RD_004310,CUST_001685,1778596346.2016268,2026-05-12T14:32:26.201627+00:00,0,0,1,321.4,0.1838062764052484,1,0,0,train
RD_000683,CUST_003744,1778600150.4881935,2026-05-12T15:35:50.488194+00:00,0,0,1,6435.7,0.1456806809204174,1,0,0,train
RD_003332,CUST_000735,1778604021.6170042,2026-05-12T16:40:21.617004+00:00,0,0,1,1854.5,0.32767763198675104,1,0,0,train
RD_002176,CUST_001358,1778612273.575926,2026-05-12T18:57:53.575926+00:00,0,0,1,188.0,0.15641176363524634,1,0,0,train
RD_004414,CUST_000662,1778619424.9265845,2026-05-12T20:57:04.926584+00:00,0,1,1,556.6,0.07456511828708638,32,0,0,train
RD_003673,CUST_000012,1778621197.1517677,2026-05-12T21:26:37.151768+00:00,0,0,1,2055.5,0.13526437134705904,1,0,0,train
RD_002159,CUST_004537,1778621717.3359125,2026-05-12T21:35:17.335912+00:00,0,0,1,8869.3,0.20384980677320627,1,0,0,train
RD_000719,CUST_000662,1778621845.9155557,2026-05-12T21:37:25.915556+00:00,0,0,1,722.4,0.12723472706325584,37,0,0,train
RD_000393,CUST_004390,1778622771.3480837,2026-05-12T21:52:51.348084+00:00,0,0,1,1141.7,0.20556333266299043,1,0,0,train
RD_000069,CUST_001515,1778623812.8056943,2026-05-12T22:10:12.805694+00:00,1,0,3,5327.1,0.3109761666181549,3,0,0,train
RD_002142,CUST_000268,1778627113.511932,2026-05-12T23:05:13.511932+00:00,0,0,1,976.8,0.1662631341827481,1,0,0,train
RD_004405,CUST_002374,1778628685.5585642,2026-05-12T23:31:25.558564+00:00,0,0,1,802.9,0.179147232253726,1,0,0,train
RD_000772,CUST_002575,1778636148.179334,2026-05-13T01:35:48.179334+00:00,0,1,1,17230.9,0.20698115898856365,21,0,0,train
RD_003509,CUST_003619,1778637360.9490569,2026-05-13T01:56:00.949057+00:00,0,0,1,5778.1,0.1898480718641551,1,0,0,train
RD_002598,CUST_000720,1778640708.648941,2026-05-13T02:51:48.648941+00:00,0,0,1,3499.5,0.058614470932424084,1,0,0,train
RD_001973,CUST_000659,1778641170.922841,2026-05-13T02:59:30.922841+00:00,0,0,1,1382.2,0.11006879081722995,1,0,0,train
RD_003064,CUST_002784,1778642542.913582,2026-05-13T03:22:22.913582+00:00,0,0,1,3634.5,0.07858283493024411,26,0,0,train
RD_003190,CUST_004367,1778643124.9046009,2026-05-13T03:32:04.904601+00:00,0,0,1,30132.0,0.04751102189482523,1,0,0,train
RD_000570,CUST_000756,1778643788.992234,2026-05-13T03:43:08.992234+00:00,1,0,3,251.4,0.42218907956804613,4,0,0,train
RD_002551,CUST_000532,1778645453.098141,2026-05-13T04:10:53.098141+00:00,0,2,1,1563.3,0.21669859617676496,21,0,0,train
RD_002571,CUST_002529,1778645719.2259552,2026-05-13T04:15:19.225955+00:00,0,0,1,271.4,0.15467530030815674,1,0,0,train
RD_001320,CUST_001057,1778647781.275401,2026-05-13T04:49:41.275401+00:00,1,0,1,7943.1,0.44401662130012803,2,0,0,train
RD_002368,CUST_000519,1778655710.9718654,2026-05-13T07:01:50.971865+00:00,0,0,1,446.9,0.10556086994323981,1,0,0,train
RD_000805,CUST_001015,1778655722.919721,2026-05-13T07:02:02.919721+00:00,0,0,1,4048.7,0.24105679831329932,1,0,0,train
RD_005108,CUST_003457,1778658107.0002103,2026-05-13T07:41:47.000210+00:00,0,0,1,8375.5,0.08694085058216731,1,0,0,train
RD_000308,CUST_001805,1778660561.3342388,2026-05-13T08:22:41.334239+00:00,0,0,1,3864.0,0.08452744555656866,1,0,0,train
RD_001937,CUST_001856,1778664234.560459,2026-05-13T09:23:54.560459+00:00,0,0,1,367.2,0.08680031999758706,1,0,0,train
RD_001856,CUST_003848,1778664889.892682,2026-05-13T09:34:49.892682+00:00,0,0,1,3510.1,0.279013372065711,1,0,0,train
RD_005035,CUST_001208,1778665493.9958615,2026-05-13T09:44:53.995862+00:00,0,0,1,1132.0,0.25653534973275705,1,0,0,train
RD_000425,CUST_000209,1778673072.195984,2026-05-13T11:51:12.195984+00:00,0,0,1,4474.2,0.029879039934999015,1,0,0,train
RD_001166,CUST_003455,1778673494.0985823,2026-05-13T11:58:14.098582+00:00,0,0,1,196.5,0.3718570379242116,1,0,0,train
RD_002615,CUST_004452,1778675896.377152,2026-05-13T12:38:16.377152+00:00,0,0,1,5433.5,0.09379996903610752,1,0,0,train
RD_002066,CUST_001135,1778675927.5977602,2026-05-13T12:38:47.597760+00:00,0,0,1,569.6,0.08003521946763334,1,0,0,train
RD_000952,CUST_003134,1778677634.406343,2026-05-13T13:07:14.406343+00:00,1,0,3,8891.1,0.17824669535175033,2,0,0,train
RD_004274,CUST_001467,1778677830.8677144,2026-05-13T13:10:30.867714+00:00,0,0,1,76.2,0.31004077837335775,1,0,0,train
RD_003521,CUST_002085,1778681039.3119109,2026-05-13T14:03:59.311911+00:00,0,1,1,560.5,0.07219472404535454,27,0,0,train
RD_003135,CUST_002359,1778682958.53508,2026-05-13T14:35:58.535080+00:00,0,0,1,7281.4,0.08749130012629765,1,0,0,train
RD_003396,CUST_001717,1778684548.3847544,2026-05-13T15:02:28.384754+00:00,0,0,1,22090.1,0.10297062771310989,1,0,0,train
RD_005391,CUST_001408,1778684772.2327302,2026-05-13T15:06:12.232730+00:00,0,0,1,4274.3,0.14585289272484273,1,0,0,train
RD_000966,CUST_000994,1778687714.8236902,2026-05-13T15:55:14.823690+00:00,0,0,1,2373.2,0.4801250143237059,1,0,0,train
RD_003769,CUST_003555,1778690544.1411188,2026-05-13T16:42:24.141119+00:00,0,0,1,612.2,0.06460203771730283,1,0,0,train
RD_003568,CUST_002040,1778692502.2218819,2026-05-13T17:15:02.221882+00:00,0,0,1,10552.0,0.07978038611584008,1,0,0,train
RD_005494,CUST_001142,1778692585.7781858,2026-05-13T17:16:25.778186+00:00,0,0,1,22740.3,0.14837444994499047,1,0,0,train
RD_001998,CUST_001328,1778695720.6269019,2026-05-13T18:08:40.626902+00:00,0,0,1,5443.1,0.1372565734201115,1,0,0,train
RD_004077,CUST_000954,1778696500.5729985,2026-05-13T18:21:40.572999+00:00,0,0,1,541.9,0.233129333880093,1,0,0,train
RD_000928,CUST_002861,1778696765.8704443,2026-05-13T18:26:05.870444+00:00,0,0,1,5050.2,0.052956724672953384,18,0,0,train
RD_003855,CUST_002286,1778698109.210383,2026-05-13T18:48:29.210383+00:00,0,0,1,723.3,0.3151341088572125,1,0,0,train
RD_004384,CUST_000903,1778699097.281894,2026-05-13T19:04:57.281894+00:00,0,0,1,10116.5,0.24897294914660575,1,0,0,train
RD_002210,CUST_002841,1778701036.6105528,2026-05-13T19:37:16.610553+00:00,0,0,1,643.8,0.20959085347941311,1,0,0,train
RD_001798,CUST_001259,1778701161.5250022,2026-05-13T19:39:21.525002+00:00,0,0,1,3567.9,0.19569404439078966,1,0,0,train
RD_003821,CUST_002005,1778701164.2584937,2026-05-13T19:39:24.258494+00:00,0,0,1,1347.2,0.3700463858446684,1,0,0,train
RD_000414,CUST_000343,1778705863.5681982,2026-05-13T20:57:43.568198+00:00,0,0,1,16000.4,0.30439701950915815,1,0,0,train
RD_002143,CUST_000991,1778706481.3884788,2026-05-13T21:08:01.388479+00:00,0,0,1,11329.7,0.052591560342551996,1,0,0,train
RD_002889,CUST_002064,1778707678.682699,2026-05-13T21:27:58.682699+00:00,0,0,1,2704.4,0.10587988419036601,1,0,0,train
RD_003054,CUST_002655,1778707970.8103025,2026-05-13T21:32:50.810302+00:00,0,0,1,18551.0,0.13458289612511148,1,0,0,train
RD_000545,CUST_002723,1778710736.048343,2026-05-13T22:18:56.048343+00:00,0,0,1,1025.4,0.10677681230634403,1,0,0,train
RD_005231,CUST_002545,1778713970.875683,2026-05-13T23:12:50.875683+00:00,0,0,1,32497.5,0.21056906488160984,1,0,0,train
RD_004138,CUST_000127,1778720453.8518302,2026-05-14T01:00:53.851830+00:00,0,0,1,3457.9,0.11521172513689121,8,0,0,train
RD_002901,CUST_001575,1778721973.0344567,2026-05-14T01:26:13.034457+00:00,0,0,1,266.5,0.4407943613182037,1,0,0,train
RD_001086,CUST_004442,1778724546.8091946,2026-05-14T02:09:06.809195+00:00,0,0,1,5195.4,0.3336789819211395,1,0,0,train
RD_003212,CUST_004509,1778725803.86531,2026-05-14T02:30:03.865310+00:00,0,0,1,677.8,0.1972168824564374,1,0,0,train
RD_004352,CUST_000269,1778726891.6782556,2026-05-14T02:48:11.678256+00:00,0,0,1,7545.1,0.36556850434170934,1,0,0,train
RD_004110,CUST_000206,1778727563.481386,2026-05-14T02:59:23.481386+00:00,0,0,1,419.9,0.03682108212260781,1,0,0,train
RD_001098,CUST_002929,1778727854.2372627,2026-05-14T03:04:14.237263+00:00,0,2,1,1803.9,0.035913428264081275,15,0,0,train
RD_004753,CUST_003410,1778730400.72155,2026-05-14T03:46:40.721550+00:00,0,1,1,35130.3,0.17438577569135413,33,0,0,train
RD_001656,CUST_003291,1778732756.4077706,2026-05-14T04:25:56.407771+00:00,0,0,2,595.1,0.13544613823684515,3,0,0,train
RD_005146,CUST_003057,1778734496.6500273,2026-05-14T04:54:56.650027+00:00,0,0,1,198176.0,0.17438740407128175,1,0,0,train
RD_005069,CUST_002932,1778738093.72557,2026-05-14T05:54:53.725570+00:00,0,0,1,37248.0,0.10980346390852738,1,0,0,train
RD_003825,CUST_001505,1778739400.2733579,2026-05-14T06:16:40.273358+00:00,0,0,1,8684.0,0.47988029735199,1,0,0,train
RD_000692,CUST_003233,1778742193.9025657,2026-05-14T07:03:13.902566+00:00,0,0,1,474.2,0.22325895157986828,1,0,0,train
RD_004529,CUST_003612,1778745985.4503772,2026-05-14T08:06:25.450377+00:00,0,0,1,3668.4,0.48708375029868123,1,0,0,train
RD_004971,CUST_001488,1778746302.2924013,2026-05-14T08:11:42.292401+00:00,0,0,3,4328.1,0.033425105397144064,2,0,0,train
RD_001546,CUST_002503,1778757141.7264423,2026-05-14T11:12:21.726442+00:00,0,0,1,3016.6,0.16043673129305502,15,0,0,train
RD_002719,CUST_000408,1778757257.9457424,2026-05-14T11:14:17.945742+00:00,1,0,2,2863.6,0.24044839834314566,4,0,0,train
RD_002929,CUST_000081,1778764744.3086932,2026-05-14T13:19:04.308693+00:00,0,0,1,1409.9,0.6518701817687461,1,0,0,train
RD_003484,CUST_003195,1778775470.0576558,2026-05-14T16:17:50.057656+00:00,0,0,1,9459.7,0.29732324454476095,1,0,0,train
RD_002915,CUST_001505,1778775919.9725556,2026-05-14T16:25:19.972556+00:00,0,0,1,5592.7,0.30887174929021727,1,0,0,train
RD_000325,CUST_001808,1778777137.0819557,2026-05-14T16:45:37.081956+00:00,0,0,1,1938.5,0.07256248246808557,1,0,0,train
RD_001445,CUST_003336,1778780918.6363046,2026-05-14T17:48:38.636305+00:00,0,0,1,1515.3,0.1415725498975223,1,0,0,train
RD_002000,CUST_003797,1778782687.792611,2026-05-14T18:18:07.792611+00:00,0,0,2,5121.6,0.011581874685592951,3,0,0,train
RD_000097,CUST_001270,1778784733.1991796,2026-05-14T18:52:13.199180+00:00,0,1,1,6294.3,0.27834659052391236,24,0,0,train
RD_000813,CUST_001747,1778786136.2943773,2026-05-14T19:15:36.294377+00:00,0,0,1,1592.7,0.17354260655730758,1,0,0,train
RD_005422,CUST_003762,1778796632.9085338,2026-05-14T22:10:32.908534+00:00,0,0,1,800.7,0.06920445891570812,1,0,0,train
RD_000289,CUST_001931,1778797929.6373205,2026-05-14T22:32:09.637321+00:00,0,0,1,1249.7,0.14146236110282615,1,0,0,train
RD_003763,CUST_004396,1778801597.8069654,2026-05-14T23:33:17.806965+00:00,0,0,1,604.0,0.20009709216258803,1,0,0,train
RD_003407,CUST_003907,1778806299.120343,2026-05-15T00:51:39.120343+00:00,0,0,1,2594.7,0.18127955920038386,1,0,0,train
RD_000626,CUST_004367,1778806914.5295742,2026-05-15T01:01:54.529574+00:00,0,0,1,1021.3,0.2148667690233496,1,0,0,train
RD_002081,CUST_000300,1778813817.410526,2026-05-15T02:56:57.410526+00:00,0,0,1,71.3,0.31804068139010777,1,0,0,train
RD_001016,CUST_000869,1778814446.6982908,2026-05-15T03:07:26.698291+00:00,0,0,1,4347.1,0.09151822694600532,1,0,0,train
RD_001221,CUST_000376,1778814522.7598848,2026-05-15T03:08:42.759885+00:00,0,0,1,17112.4,0.1563196755439694,1,0,0,train
RD_003461,CUST_004226,1778816322.2948232,2026-05-15T03:38:42.294823+00:00,0,0,1,1270.8,0.2004379806394087,1,0,0,train
RD_003818,CUST_003760,1778823442.2974122,2026-05-15T05:37:22.297412+00:00,0,0,1,200.9,0.29558483313230277,1,0,0,train
RD_004085,CUST_003955,1778827205.8554761,2026-05-15T06:40:05.855476+00:00,0,0,1,264.7,0.0743615144132562,1,0,0,train
RD_000233,CUST_001174,1778827762.1222317,2026-05-15T06:49:22.122232+00:00,0,0,1,6845.6,0.24246447441121174,1,0,0,train
RD_002134,CUST_000392,1778829070.5963311,2026-05-15T07:11:10.596331+00:00,0,0,1,3505.2,0.03270893207227986,1,0,0,train
RD_002847,CUST_001883,1778830083.920451,2026-05-15T07:28:03.920451+00:00,0,0,1,1113.1,0.5045047599965943,1,0,0,train
RD_002843,CUST_004331,1778831148.3099856,2026-05-15T07:45:48.309986+00:00,0,0,1,10145.9,0.11815302823002986,1,0,0,train
RD_002800,CUST_001886,1778833217.0017152,2026-05-15T08:20:17.001715+00:00,0,0,1,4372.3,0.509574854440081,1,0,0,train
RD_001382,CUST_001174,1778834763.88682,2026-05-15T08:46:03.886820+00:00,0,0,1,4213.0,0.24937671999424255,1,0,0,train
RD_001639,CUST_003476,1778837113.2864435,2026-05-15T09:25:13.286443+00:00,0,0,1,261.2,0.28685770615679396,1,0,0,train
RD_002586,CUST_000475,1778839161.9934583,2026-05-15T09:59:21.993458+00:00,0,0,1,281.7,0.2870275440225571,1,0,0,train
RD_001946,CUST_000129,1778841912.330315,2026-05-15T10:45:12.330315+00:00,0,0,1,1380.6,0.009028395023945203,1,0,0,train
RD_003243,CUST_003673,1778843165.197838,2026-05-15T11:06:05.197838+00:00,0,0,1,2826.9,0.2567065332940177,1,0,0,train
RD_002406,CUST_002868,1778845067.859837,2026-05-15T11:37:47.859837+00:00,0,0,1,1700.3,0.11449341839486299,1,0,0,train
RD_001864,CUST_003329,1778845396.7096906,2026-05-15T11:43:16.709691+00:00,0,0,1,1861.5,0.11091189600008394,1,0,0,train
RD_004313,CUST_003325,1778848461.5364814,2026-05-15T12:34:21.536481+00:00,0,0,1,8.1,0.04080490488364023,1,0,0,train
RD_004305,CUST_001288,1778851735.818449,2026-05-15T13:28:55.818449+00:00,0,0,1,4652.9,0.06671941529371651,1,0,0,train
RD_004575,CUST_000250,1778856637.237431,2026-05-15T14:50:37.237431+00:00,0,2,1,535.7,0.12321849123828377,33,0,0,train
RD_003759,CUST_002886,1778859926.5661032,2026-05-15T15:45:26.566103+00:00,0,0,1,1742.6,0.35659454432289306,38,0,0,train
RD_004999,CUST_002529,1778861240.9565625,2026-05-15T16:07:20.956563+00:00,0,0,1,626.7,0.320078887043894,1,0,0,train
RD_000190,CUST_001407,1778862941.715121,2026-05-15T16:35:41.715121+00:00,0,0,1,630.5,0.06797135839284575,1,0,0,train
RD_003694,CUST_003837,1778866294.2190008,2026-05-15T17:31:34.219001+00:00,1,0,3,7358.9,0.3338979542731488,2,0,0,train
RD_004302,CUST_004500,1778866598.2501793,2026-05-15T17:36:38.250179+00:00,0,0,1,1608.5,0.20907465332344324,1,0,0,train
RD_001051,CUST_002022,1778869109.9347036,2026-05-15T18:18:29.934704+00:00,0,0,1,3954.4,0.26741743364911713,1,0,0,train
RD_003581,CUST_001649,1778873590.8881075,2026-05-15T19:33:10.888108+00:00,0,0,1,404.5,0.22805461560929943,1,0,0,train
RD_002375,CUST_003901,1778873726.540348,2026-05-15T19:35:26.540348+00:00,0,0,1,832.6,0.1801042588702158,1,0,0,train
RD_003675,CUST_002553,1778874175.3593655,2026-05-15T19:42:55.359365+00:00,0,0,1,128.1,0.3070043915145334,1,0,0,train
RD_000395,CUST_001798,1778875889.237062,2026-05-15T20:11:29.237062+00:00,0,0,1,152.8,0.05327933135675066,1,0,0,train
RD_000181,CUST_002724,1778876895.2177913,2026-05-15T20:28:15.217791+00:00,0,0,1,3056.9,0.2835695335801926,1,0,0,train
RD_001920,CUST_002133,1778878743.4393325,2026-05-15T20:59:03.439332+00:00,0,0,1,646.0,0.21174433503692477,1,0,0,train
RD_003575,CUST_002223,1778879713.7514372,2026-05-15T21:15:13.751437+00:00,0,0,1,2466.9,0.19332257456110127,1,0,0,train
RD_001999,CUST_003408,1778880800.54808,2026-05-15T21:33:20.548080+00:00,0,0,1,887.3,0.12500082128236223,1,0,0,train
RD_003946,CUST_003265,1778881622.967182,2026-05-15T21:47:02.967182+00:00,0,0,1,380.1,0.07770678015850901,1,0,0,train
RD_002204,CUST_002421,1778884311.2067344,2026-05-15T22:31:51.206734+00:00,0,0,1,5142.6,0.1109491470349863,1,0,0,train
RD_005003,CUST_001767,1778884368.188982,2026-05-15T22:32:48.188982+00:00,0,0,1,490.2,0.17671410926223166,1,0,0,train
RD_000155,CUST_003353,1778887297.5041769,2026-05-15T23:21:37.504177+00:00,0,0,1,3932.0,0.3880162530958169,1,0,0,train
RD_002381,CUST_004316,1778891531.3105938,2026-05-16T00:32:11.310594+00:00,0,0,1,1941.8,0.09474778228835498,1,0,0,train
RD_000001,CUST_001440,1778893142.8716304,2026-05-16T00:59:02.871630+00:00,0,0,1,303.5,0.06883516852239321,1,0,0,train
RD_004257,CUST_003963,1778894425.34955,2026-05-16T01:20:25.349550+00:00,0,0,1,1003.9,0.14948718232492147,1,0,0,train
RD_003348,CUST_003704,1778898796.1064997,2026-05-16T02:33:16.106500+00:00,0,0,1,5786.2,0.1982522724675344,1,0,0,train
RD_005059,CUST_000125,1778899265.6259706,2026-05-16T02:41:05.625971+00:00,0,0,1,708.5,0.18417415145777086,1,0,0,train
RD_000577,CUST_003704,1778901459.8090453,2026-05-16T03:17:39.809045+00:00,0,0,1,6132.0,0.35519369985927834,1,0,0,train
RD_003003,CUST_004362,1778905647.9891398,2026-05-16T04:27:27.989140+00:00,0,0,1,10073.0,0.09142064240188696,1,0,0,train
RD_003299,CUST_000016,1778907657.454666,2026-05-16T05:00:57.454666+00:00,0,0,1,335.5,0.2443565686398632,1,0,0,train
RD_002904,CUST_000621,1778908186.0348916,2026-05-16T05:09:46.034892+00:00,0,0,1,11399.7,0.0735258249911658,1,0,0,train
RD_004271,CUST_001242,1778912042.167002,2026-05-16T06:14:02.167002+00:00,0,0,1,304.2,0.32542733598481066,1,0,0,train
RD_001896,CUST_002232,1778914472.0454245,2026-05-16T06:54:32.045424+00:00,0,0,1,39261.2,0.7366679095061951,1,0,0,train
RD_000247,CUST_001212,1778917696.8310962,2026-05-16T07:48:16.831096+00:00,0,0,1,2136.4,0.35176240296285777,1,0,0,train
RD_005470,CUST_002387,1778922639.5332901,2026-05-16T09:10:39.533290+00:00,0,0,1,432.7,0.3595545826029539,1,0,0,train
RD_003745,CUST_000474,1778923177.563862,2026-05-16T09:19:37.563862+00:00,0,0,1,426.0,0.024869074851442678,1,0,0,train
RD_002129,CUST_003049,1778925741.31342,2026-05-16T10:02:21.313420+00:00,0,0,1,901.9,0.03906333116179077,1,0,0,train
RD_005025,CUST_004418,1778926378.7686992,2026-05-16T10:12:58.768699+00:00,0,0,1,12760.5,0.061001800403382184,1,0,0,train
RD_002294,CUST_001429,1778928840.5085561,2026-05-16T10:54:00.508556+00:00,0,0,1,328.2,0.16075049562594493,1,0,0,train
RD_004644,CUST_002634,1778929327.3308089,2026-05-16T11:02:07.330809+00:00,0,0,1,2283.5,0.1719214838142453,1,0,0,train
RD_005222,CUST_000263,1778930539.3188071,2026-05-16T11:22:19.318807+00:00,0,0,1,8912.8,0.04016930051212868,1,0,0,train
RD_000832,CUST_001208,1778932757.0856733,2026-05-16T11:59:17.085673+00:00,0,0,1,618.0,0.14262819707741697,1,0,0,train
RD_002636,CUST_002824,1778935102.9560852,2026-05-16T12:38:22.956085+00:00,0,0,1,309.9,0.43689435468488663,1,0,0,train
RD_004128,CUST_002807,1778935108.6398997,2026-05-16T12:38:28.639900+00:00,0,0,1,190.5,0.1855544180510899,1,0,0,train
RD_002315,CUST_002043,1778935387.3449104,2026-05-16T12:43:07.344910+00:00,0,0,1,2047.6,0.36536148336321617,1,0,0,train
RD_001229,CUST_001845,1778941541.385143,2026-05-16T14:25:41.385143+00:00,0,2,1,128.8,0.14786872216059377,32,0,0,train
RD_004292,CUST_002318,1778941995.0944169,2026-05-16T14:33:15.094417+00:00,0,0,1,11105.5,0.24860965576782015,1,0,0,train
RD_000614,CUST_000304,1778942110.5467837,2026-05-16T14:35:10.546784+00:00,0,0,1,13094.6,0.5232145154362775,1,0,0,train
RD_000370,CUST_003365,1778944818.5685685,2026-05-16T15:20:18.568568+00:00,0,0,1,551.9,0.06768031287792348,1,0,0,train
RD_003664,CUST_003992,1778946829.1081188,2026-05-16T15:53:49.108119+00:00,0,0,1,7304.4,0.20168873796041575,1,0,0,train
RD_002048,CUST_004418,1778947931.7816443,2026-05-16T16:12:11.781644+00:00,0,0,1,133.9,0.2953958360602351,1,0,0,train
RD_003233,CUST_001226,1778951353.1853213,2026-05-16T17:09:13.185321+00:00,0,0,1,586.6,0.18898838815347266,1,0,0,train
RD_001011,CUST_000194,1778954567.8303301,2026-05-16T18:02:47.830330+00:00,0,0,1,2516.2,0.25340655637757803,1,0,0,train
RD_003006,CUST_003025,1778955585.1326392,2026-05-16T18:19:45.132639+00:00,1,0,1,1218.3,0.2345462121252853,2,0,0,train
RD_002702,CUST_002861,1778956310.6815815,2026-05-16T18:31:50.681581+00:00,0,0,1,15911.4,0.052039004081942564,28,0,0,train
RD_000912,CUST_004073,1778956773.3696702,2026-05-16T18:39:33.369670+00:00,0,0,1,26673.4,0.21608435852428381,1,0,0,train
RD_000010,CUST_001787,1778957451.4220188,2026-05-16T18:50:51.422019+00:00,0,0,1,4213.1,0.11912823142826641,1,0,0,train
RD_003391,CUST_001270,1778958509.8637338,2026-05-16T19:08:29.863734+00:00,0,0,1,4997.8,0.07166305929434096,34,0,0,train
RD_001365,CUST_001717,1778958517.0484974,2026-05-16T19:08:37.048497+00:00,0,0,1,621.5,0.27596884842807995,1,0,0,train
RD_005471,CUST_004052,1778960287.3868642,2026-05-16T19:38:07.386864+00:00,0,0,1,15911.4,0.15828759392781785,1,0,0,train
RD_000447,CUST_001719,1778964895.395637,2026-05-16T20:54:55.395637+00:00,0,0,1,1193.6,0.2776300374307539,1,0,0,train
RD_004452,CUST_001192,1778965237.5615273,2026-05-16T21:00:37.561527+00:00,0,0,1,1898.0,0.22263669523130097,1,0,0,train
RD_004507,CUST_000879,1778969803.8042336,2026-05-16T22:16:43.804234+00:00,0,0,1,1072.8,0.3585850440982348,1,0,0,train
RD_001842,CUST_000617,1778972147.594311,2026-05-16T22:55:47.594311+00:00,0,0,1,3543.3,0.38815971372652835,1,0,0,train
RD_001104,CUST_003520,1778973011.6216936,2026-05-16T23:10:11.621694+00:00,0,0,1,2846.7,0.15926317539910903,1,0,0,train
RD_003728,CUST_000960,1778974192.0771284,2026-05-16T23:29:52.077128+00:00,0,0,1,543.6,0.07782992110258513,1,0,0,train
RD_005453,CUST_003707,1778976120.985957,2026-05-17T00:02:00.985957+00:00,0,0,1,2140.9,0.2675000505864354,1,0,0,train
RD_001614,CUST_000422,1778980470.7681887,2026-05-17T01:14:30.768189+00:00,0,0,1,13015.6,0.09092713825671958,40,0,0,train
RD_000464,CUST_003557,1778981908.3109856,2026-05-17T01:38:28.310986+00:00,0,0,1,158.3,0.43066902793889433,1,0,0,train
RD_000030,CUST_002315,1778982473.348404,2026-05-17T01:47:53.348404+00:00,0,0,1,745.3,0.127107969393981,1,0,0,train
RD_002160,CUST_002043,1778992210.5799816,2026-05-17T04:30:10.579982+00:00,0,0,1,4638.6,0.3634142457614598,1,0,0,train
RD_005261,CUST_003797,1778994147.4536207,2026-05-17T05:02:27.453621+00:00,1,0,1,933.5,0.19357072077148643,4,0,0,train
RD_003260,CUST_001120,1778994946.7607818,2026-05-17T05:15:46.760782+00:00,0,0,1,133348.8,0.07961703816472139,4,0,0,train
RD_004580,CUST_000763,1778996082.1498508,2026-05-17T05:34:42.149851+00:00,0,0,1,546.6,0.15208288621074148,1,0,0,train
RD_004877,CUST_004122,1778997872.1896555,2026-05-17T06:04:32.189656+00:00,0,0,1,1727.5,0.030655298592292858,1,0,0,train
RD_002531,CUST_002414,1778998552.088901,2026-05-17T06:15:52.088901+00:00,0,0,1,223.8,0.12504935779647516,3,0,0,train
RD_005111,CUST_003139,1778999359.348207,2026-05-17T06:29:19.348207+00:00,0,0,1,22224.5,0.36131989170721457,1,0,0,train
RD_004828,CUST_000370,1779001003.5663698,2026-05-17T06:56:43.566370+00:00,0,0,1,913.5,0.27745380008257686,1,0,0,train
RD_000344,CUST_003661,1779001019.4308686,2026-05-17T06:56:59.430869+00:00,0,0,1,419.7,0.1513468005050249,1,0,0,train
RD_005158,CUST_002187,1779003737.8584912,2026-05-17T07:42:17.858491+00:00,0,0,1,3005.1,0.05103937745853799,1,0,0,train
RD_003681,CUST_002187,1779006338.9249532,2026-05-17T08:25:38.924953+00:00,0,0,1,537.5,0.2054952398748469,1,0,0,train
RD_002996,CUST_000594,1779007115.193738,2026-05-17T08:38:35.193738+00:00,0,2,1,5362.3,0.056770965619450484,26,0,0,train
RD_000151,CUST_002722,1779012001.730651,2026-05-17T10:00:01.730651+00:00,0,0,1,1228.0,0.26695217790019227,1,0,0,train
RD_000859,CUST_000790,1779013151.800402,2026-05-17T10:19:11.800402+00:00,0,0,1,1501.9,0.19684168889128142,1,0,0,train
RD_002831,CUST_000421,1779013352.1092966,2026-05-17T10:22:32.109297+00:00,0,0,1,5767.2,0.15494894302323556,1,0,0,train
RD_001018,CUST_000183,1779015218.4587975,2026-05-17T10:53:38.458797+00:00,0,1,1,7922.4,0.07270252729546972,26,0,0,train
RD_000282,CUST_001168,1779019081.0956552,2026-05-17T11:58:01.095655+00:00,0,0,1,245.3,0.2948156510721499,1,0,0,train
RD_001199,CUST_002794,1779023570.7508044,2026-05-17T13:12:50.750804+00:00,0,0,1,1120.7,0.3559376641679856,16,0,0,train
RD_004269,CUST_003929,1779023648.9902332,2026-05-17T13:14:08.990233+00:00,0,0,1,1240.3,0.07193820272120105,1,0,0,train
RD_001282,CUST_003260,1779025859.9808598,2026-05-17T13:50:59.980860+00:00,1,0,1,453.0,0.38067121441715873,2,0,0,train
RD_003595,CUST_001274,1779026636.550708,2026-05-17T14:03:56.550708+00:00,0,0,1,7217.8,0.38113970406926556,1,0,0,train
RD_002826,CUST_000217,1779028053.906985,2026-05-17T14:27:33.906985+00:00,0,0,1,2271.9,0.14851655692197346,1,0,0,train
RD_004940,CUST_000556,1779029963.98487,2026-05-17T14:59:23.984870+00:00,0,0,1,297.2,0.3020195234162609,1,0,0,train
RD_001468,CUST_001278,1779032231.2197697,2026-05-17T15:37:11.219770+00:00,0,0,1,1443.7,0.180533320641526,1,0,0,train
RD_004198,CUST_000475,1779042261.3239734,2026-05-17T18:24:21.323973+00:00,0,0,1,393.6,0.021680267081538772,1,0,0,train
RD_003532,CUST_004483,1779043406.8605433,2026-05-17T18:43:26.860543+00:00,0,0,1,16253.5,0.3398153248367111,1,0,0,train
RD_000751,CUST_003318,1779046825.207106,2026-05-17T19:40:25.207106+00:00,0,0,1,3512.7,0.1275975620244344,1,0,0,train
RD_003939,CUST_002821,1779047271.400599,2026-05-17T19:47:51.400599+00:00,0,0,1,4668.7,0.016000537534097966,1,0,0,train
RD_001480,CUST_003343,1779047406.1256967,2026-05-17T19:50:06.125697+00:00,0,0,1,320.0,0.1623008668113425,1,0,0,train
RD_003114,CUST_001141,1779049464.7837214,2026-05-17T20:24:24.783721+00:00,0,0,1,337.3,0.07357761594488885,1,0,0,train
RD_000085,CUST_001121,1779050254.6280556,2026-05-17T20:37:34.628056+00:00,0,0,1,5322.7,0.14951858015381486,1,0,0,train
RD_001472,CUST_003982,1779051804.5634797,2026-05-17T21:03:24.563480+00:00,0,0,1,696.5,0.027949456898299065,1,0,0,train
RD_004089,CUST_000362,1779054473.349473,2026-05-17T21:47:53.349473+00:00,0,0,1,277.6,0.1739665556116938,1,0,0,train
RD_001800,CUST_002064,1779058479.313327,2026-05-17T22:54:39.313327+00:00,0,0,1,13495.3,0.380705295886066,1,0,0,train
RD_004244,CUST_003307,1779060057.326171,2026-05-17T23:20:57.326171+00:00,0,0,1,9794.1,0.10377209514679918,1,0,0,train
RD_004163,CUST_001770,1779061069.3647857,2026-05-17T23:37:49.364786+00:00,0,0,1,2565.7,0.15932402364015724,24,0,0,train
RD_004564,CUST_002366,1779063268.078682,2026-05-18T00:14:28.078682+00:00,0,0,1,2244.7,0.12573837500963927,1,0,0,train
RD_002660,CUST_003929,1779063642.7753577,2026-05-18T00:20:42.775358+00:00,0,0,1,639.6,0.04302253703671986,1,0,0,train
RD_003116,CUST_002653,1779074992.8788373,2026-05-18T03:29:52.878837+00:00,0,0,1,29146.9,0.22394405706202908,1,0,0,train
RD_004439,CUST_001505,1779088647.645209,2026-05-18T07:17:27.645209+00:00,0,0,1,7091.1,0.15454669010909294,1,0,0,train
RD_002645,CUST_004362,1779088887.799094,2026-05-18T07:21:27.799094+00:00,0,0,1,12605.4,0.12473283654835186,1,0,0,train
RD_000256,CUST_001115,1779090445.0064027,2026-05-18T07:47:25.006403+00:00,0,0,1,11795.1,0.40497835405677174,1,0,0,train
RD_000720,CUST_001739,1779091235.41305,2026-05-18T08:00:35.413050+00:00,0,0,1,16278.7,0.26766533523082364,1,0,0,train
RD_005458,CUST_002938,1779091424.802727,2026-05-18T08:03:44.802727+00:00,0,0,1,2519.2,0.21001399365960702,1,0,0,train
RD_005165,CUST_002868,1779093091.5846677,2026-05-18T08:31:31.584668+00:00,0,0,1,1176.0,0.3522392110712058,1,0,0,train
RD_002607,CUST_002821,1779093404.6046996,2026-05-18T08:36:44.604700+00:00,0,0,1,111.9,0.041835964349563146,1,0,0,train
RD_001184,CUST_002813,1779097096.5470202,2026-05-18T09:38:16.547020+00:00,0,0,1,667.3,0.12523285047879096,1,0,0,train
RD_002570,CUST_003880,1779098635.0427732,2026-05-18T10:03:55.042773+00:00,0,0,1,182.5,0.15599443496584758,1,0,0,train
RD_000049,CUST_000594,1779101865.3017387,2026-05-18T10:57:45.301739+00:00,0,0,1,2128.7,0.36834290669228775,39,0,0,train
RD_004354,CUST_003634,1779101881.0741127,2026-05-18T10:58:01.074113+00:00,0,0,1,2259.4,0.3127550317614895,1,0,0,train
RD_003913,CUST_002830,1779102486.469576,2026-05-18T11:08:06.469576+00:00,0,0,1,10619.2,0.14728676951684105,1,0,0,train
RD_002355,CUST_000753,1779105295.2460456,2026-05-18T11:54:55.246046+00:00,0,0,1,571.2,0.28760411804595,1,0,0,train
RD_002275,CUST_002821,1779106070.4932241,2026-05-18T12:07:50.493224+00:00,0,0,1,2648.6,0.17364608731610212,1,0,0,train
RD_004635,CUST_000661,1779108727.213218,2026-05-18T12:52:07.213218+00:00,0,0,1,492.5,0.5228446773704927,1,0,0,train
RD_001416,CUST_000851,1779108792.555139,2026-05-18T12:53:12.555139+00:00,0,0,1,175.0,0.08473991732542245,1,0,0,train
RD_004510,CUST_001141,1779110961.377362,2026-05-18T13:29:21.377362+00:00,0,0,1,7177.3,0.24999223300109255,1,0,0,train
RD_005160,CUST_002605,1779111922.9343174,2026-05-18T13:45:22.934317+00:00,0,0,1,2390.9,0.057555597197438406,1,0,0,train
RD_005396,CUST_003305,1779113739.4916434,2026-05-18T14:15:39.491643+00:00,0,0,1,1482.3,0.3277780583357915,1,0,0,train
RD_002377,CUST_000685,1779114707.406836,2026-05-18T14:31:47.406836+00:00,0,0,1,6943.0,0.041268121466521965,1,0,0,train
RD_000502,CUST_000172,1779115983.4420195,2026-05-18T14:53:03.442019+00:00,0,1,1,28481.9,0.1485499317035756,39,0,0,train
RD_000661,CUST_002531,1779116041.26978,2026-05-18T14:54:01.269780+00:00,0,0,1,7300.1,0.5967417817938773,1,0,0,train
RD_004264,CUST_002830,1779119217.2661493,2026-05-18T15:46:57.266149+00:00,0,0,1,1451.7,0.20459390456353624,1,0,0,train
RD_002035,CUST_000304,1779121080.946647,2026-05-18T16:18:00.946647+00:00,0,0,1,1269.4,0.12303886318433455,1,0,0,train
RD_000728,CUST_003963,1779122528.8867936,2026-05-18T16:42:08.886794+00:00,0,0,1,735.5,0.3830177029553513,1,0,0,train
RD_002822,CUST_004367,1779127664.3101804,2026-05-18T18:07:44.310180+00:00,0,0,1,5738.8,0.15043702796107722,1,0,0,train
RD_004324,CUST_000000,1779133961.7158823,2026-05-18T19:52:41.715882+00:00,0,0,1,2837.6,0.10329680710987008,1,0,0,train
RD_002404,CUST_004092,1779136205.6914108,2026-05-18T20:30:05.691411+00:00,0,0,1,476.6,0.2998807216840913,1,0,0,train
RD_001030,CUST_004484,1779136582.573402,2026-05-18T20:36:22.573402+00:00,0,0,1,1205.1,0.3117703371825901,1,0,0,train
RD_002411,CUST_001414,1779143714.9051273,2026-05-18T22:35:14.905127+00:00,0,0,1,1993.7,0.18027201302651746,1,0,0,train
RD_005316,CUST_000809,1779144153.1971002,2026-05-18T22:42:33.197100+00:00,0,0,1,4657.0,0.041773761583706805,1,0,0,train
RD_000782,CUST_002784,1779147212.1098695,2026-05-18T23:33:32.109869+00:00,0,1,1,967.2,0.06026079499320036,11,0,0,train
RD_000165,CUST_000513,1779149317.4941156,2026-05-19T00:08:37.494116+00:00,0,0,3,416.5,0.5461439851693642,3,0,0,train
RD_004038,CUST_002813,1779151612.0654008,2026-05-19T00:46:52.065401+00:00,0,0,1,245.6,0.10722236801492577,1,0,0,train
RD_003475,CUST_001513,1779153046.2801042,2026-05-19T01:10:46.280104+00:00,0,0,1,46040.7,0.17682609426722912,1,0,0,train
RD_000878,CUST_003992,1779154187.6534197,2026-05-19T01:29:47.653420+00:00,0,0,1,4291.8,0.22335998941841498,1,0,0,train
RD_001455,CUST_002573,1779154353.2951066,2026-05-19T01:32:33.295107+00:00,0,0,1,2525.5,0.07437354453470915,1,0,0,train
RD_004757,CUST_004013,1779154481.157315,2026-05-19T01:34:41.157315+00:00,0,1,1,145.5,0.3569380670945507,31,0,0,train
RD_005008,CUST_001941,1779164026.3296714,2026-05-19T04:13:46.329671+00:00,0,0,1,11982.3,0.653727750283543,1,0,0,train
RD_000557,CUST_004500,1779165771.1000514,2026-05-19T04:42:51.100051+00:00,0,0,1,2387.0,0.3156283693127286,1,0,0,train
RD_003194,CUST_001846,1779172797.7749648,2026-05-19T06:39:57.774965+00:00,0,0,1,73936.1,0.0742247146147776,1,0,0,train
RD_000255,CUST_001242,1779175253.228329,2026-05-19T07:20:53.228329+00:00,0,0,1,10926.4,0.3667842222016187,1,0,0,train
RD_003766,CUST_002339,1779175319.6348789,2026-05-19T07:21:59.634879+00:00,0,0,1,3199.2,0.11258301615174986,1,0,0,train
RD_002718,CUST_003365,1779177598.1428478,2026-05-19T07:59:58.142848+00:00,0,0,1,6813.7,0.03604076390937731,1,0,0,train
RD_005029,CUST_003978,1779178898.4216821,2026-05-19T08:21:38.421682+00:00,0,0,1,2955.5,0.015903759185859893,1,0,0,train
RD_002989,CUST_003587,1779180428.295542,2026-05-19T08:47:08.295542+00:00,0,0,1,3852.7,0.3161291586412919,1,0,0,train
RD_000306,CUST_003841,1779183700.2684808,2026-05-19T09:41:40.268481+00:00,0,0,1,7838.5,0.02864202995716696,1,0,0,train
RD_001074,CUST_002001,1779186329.6430647,2026-05-19T10:25:29.643065+00:00,0,0,1,570.8,0.2893345725036287,1,0,0,train
RD_002698,CUST_000150,1779186928.139046,2026-05-19T10:35:28.139046+00:00,0,0,1,871.6,0.3678143994655746,1,0,0,train
RD_002823,CUST_001575,1779188427.2668977,2026-05-19T11:00:27.266898+00:00,0,0,1,1127.9,0.2924538640190617,1,0,0,train
RD_005034,CUST_004484,1779188739.5618298,2026-05-19T11:05:39.561830+00:00,0,0,1,1250.5,0.022455071907507066,1,0,0,train
RD_000059,CUST_003540,1779192356.464054,2026-05-19T12:05:56.464054+00:00,0,0,1,631.0,0.07552942405921577,1,0,0,train
RD_005423,CUST_002479,1779193772.7794054,2026-05-19T12:29:32.779405+00:00,0,1,1,5469.8,0.24067465008347277,33,0,0,train
RD_001528,CUST_003244,1779195541.6960003,2026-05-19T12:59:01.696000+00:00,0,0,1,1669.4,0.14214201236974344,1,0,0,train
RD_000979,CUST_004136,1779195703.6165717,2026-05-19T13:01:43.616572+00:00,0,0,1,9863.2,0.3901022424087083,1,0,0,train
RD_003257,CUST_001798,1779201470.954116,2026-05-19T14:37:50.954116+00:00,0,0,1,41309.8,0.2813389892644715,1,0,0,train
RD_004211,CUST_001688,1779204699.5335684,2026-05-19T15:31:39.533568+00:00,0,0,1,1457.0,0.436466097112968,1,0,0,train
RD_002289,CUST_001993,1779206958.249163,2026-05-19T16:09:18.249163+00:00,0,0,1,17061.5,0.1301088858452999,1,0,0,train
RD_003043,CUST_004330,1779207836.6742394,2026-05-19T16:23:56.674239+00:00,0,0,1,1349.1,0.3665104608748484,1,0,0,train
RD_005179,CUST_000775,1779208168.2055447,2026-05-19T16:29:28.205545+00:00,0,0,1,3147.1,0.1452530759996963,1,0,0,train
RD_004090,CUST_004319,1779210854.293051,2026-05-19T17:14:14.293051+00:00,0,0,1,117.3,0.20652561641698078,1,0,0,train
RD_005112,CUST_004506,1779215351.5029714,2026-05-19T18:29:11.502971+00:00,0,2,1,1279.1,0.5390602038438755,33,0,0,train
RD_003970,CUST_002748,1779217522.244196,2026-05-19T19:05:22.244196+00:00,0,0,1,1405.0,0.35021144496890094,1,0,0,train
RD_000292,CUST_000778,1779218587.9561603,2026-05-19T19:23:07.956160+00:00,0,0,1,10876.7,0.14833208957422675,1,0,0,train
RD_003179,CUST_003152,1779222443.8877943,2026-05-19T20:27:23.887794+00:00,1,0,1,1208.9,0.24071348444793175,4,0,0,train
RD_001869,CUST_002950,1779222950.6790473,2026-05-19T20:35:50.679047+00:00,0,0,1,211.8,0.08776605729004033,1,0,0,train
RD_004471,CUST_001408,1779223233.6634448,2026-05-19T20:40:33.663445+00:00,0,0,1,1204.8,0.28605451952805855,1,0,0,train
RD_001569,CUST_001453,1779228358.2911947,2026-05-19T22:05:58.291195+00:00,0,0,1,4799.5,0.22091772273657864,1,0,0,train
RD_001420,CUST_002387,1779228487.0680082,2026-05-19T22:08:07.068008+00:00,0,0,1,145.7,0.1494725632357328,1,0,0,train
RD_000209,CUST_000217,1779229256.684498,2026-05-19T22:20:56.684498+00:00,0,0,1,23499.7,0.14618336188483733,1,0,0,train
RD_003305,CUST_003841,1779233022.843824,2026-05-19T23:23:42.843824+00:00,0,0,1,2421.7,0.11265327208573146,1,0,0,train
RD_003656,CUST_000781,1779236083.8544333,2026-05-20T00:14:43.854433+00:00,0,0,1,347.5,0.4725730896417476,1,0,0,train
RD_002477,CUST_003285,1779239774.5258098,2026-05-20T01:16:14.525810+00:00,0,0,1,485.9,0.05233399885805096,1,0,0,train
RD_004340,CUST_001106,1779239996.0675278,2026-05-20T01:19:56.067528+00:00,0,0,1,736.8,0.05103394709244014,1,0,0,train
RD_003044,CUST_001356,1779242054.1738093,2026-05-20T01:54:14.173809+00:00,0,0,3,515.0,0.13244737808668353,3,0,0,train
RD_003534,CUST_004431,1779243601.8994672,2026-05-20T02:20:01.899467+00:00,0,0,1,1017.4,0.22524923076563333,1,0,0,train
RD_002321,CUST_003217,1779251240.350885,2026-05-20T04:27:20.350885+00:00,0,0,1,1476.7,0.21420081437604555,1,0,0,train
RD_001345,CUST_002428,1779254510.3208656,2026-05-20T05:21:50.320866+00:00,0,0,1,887.0,0.22187682842122042,1,0,0,train
RD_000494,CUST_001270,1779258293.5037081,2026-05-20T06:24:53.503708+00:00,0,0,1,4986.7,0.25221191364654927,8,0,0,train
RD_000346,CUST_003880,1779258486.9509094,2026-05-20T06:28:06.950909+00:00,0,0,1,3855.1,0.0729536408618858,1,0,0,train
RD_001434,CUST_001685,1779259370.8687553,2026-05-20T06:42:50.868755+00:00,0,0,1,2514.9,0.3451839031748618,1,0,0,train
RD_004394,CUST_003797,1779260450.9899068,2026-05-20T07:00:50.989907+00:00,1,0,1,632.2,0.530270057310457,4,0,0,train
RD_002722,CUST_000519,1779260909.812564,2026-05-20T07:08:29.812564+00:00,0,0,1,792.6,0.4507105759047407,1,0,0,train
RD_004015,CUST_002639,1779262465.900326,2026-05-20T07:34:25.900326+00:00,0,0,1,2336.9,0.005804379509709358,1,0,0,train
RD_005135,CUST_004426,1779267002.3052824,2026-05-20T08:50:02.305282+00:00,0,0,1,2970.1,0.3279398152472346,1,0,0,train
RD_001302,CUST_000309,1779268132.3405316,2026-05-20T09:08:52.340532+00:00,0,0,1,3926.8,0.4087214261963986,1,0,0,train
RD_AB_00029_00,CUST_PA00029_00,1779269001.3764787,2026-05-20T09:23:21.376479+00:00,0,0,1,181.1,0.756551742229254,7,0,1,train
RD_004701,CUST_002855,1779270276.7032065,2026-05-20T09:44:36.703207+00:00,0,0,1,573.2,0.4255064343045139,1,0,0,train
RD_AB_00029_02,CUST_PA00029_02,1779270577.0552619,2026-05-20T11:51:41.023706+00:00,2,2,3,16.1,0.678830048571537,7,0,1,train
RD_AB_00029_01,CUST_PA00029_01,1779270986.3801947,2026-05-20T10:48:35.939463+00:00,1,1,2,23.7,0.907804787888556,7,0,1,train
RD_004979,CUST_000986,1779271412.8820436,2026-05-20T10:03:32.882044+00:00,0,0,1,14755.3,0.1721467852932886,1,0,0,train
RD_002566,CUST_002037,1779271588.2025776,2026-05-20T10:06:28.202578+00:00,0,0,1,7135.0,0.21049421486748607,1,0,0,train
RD_002072,CUST_001212,1779273509.9111276,2026-05-20T10:38:29.911128+00:00,0,0,1,1367.9,0.5471936795608825,1,0,0,train
RD_003642,CUST_003953,1779275613.2799618,2026-05-20T11:13:33.279962+00:00,0,0,1,420.8,0.3656283303491764,1,0,0,train
RD_AB_00029_05,CUST_PA00029_05,1779276265.6465995,2026-05-20T14:56:10.897813+00:00,0,5,1,5.5,0.7019687554538584,7,0,1,train
RD_AB_00029_03,CUST_PA00029_03,1779281599.6996176,2026-05-20T11:11:40.864860+00:00,3,3,4,10.5,0.5433632132825411,7,0,1,train
RD_004884,CUST_003569,1779283329.201603,2026-05-20T13:22:09.201603+00:00,0,0,1,9057.0,0.03198574009675269,1,0,0,train
RD_002673,CUST_003961,1779289336.8069422,2026-05-20T15:02:16.806942+00:00,0,0,1,331.0,0.2211057317790771,1,0,0,train
RD_AB_00029_04,CUST_PA00029_04,1779289497.3561604,2026-05-20T11:36:57.029023+00:00,4,4,5,102.6,0.6596616334556011,7,0,1,train
RD_004295,CUST_004330,1779291612.1158798,2026-05-20T15:40:12.115880+00:00,0,0,1,804.5,0.2960918438221143,1,0,0,train
RD_002426,CUST_001985,1779292339.1497085,2026-05-20T15:52:19.149709+00:00,0,0,1,9903.4,0.0795863630193755,1,0,0,train
RD_AB_00029_06,CUST_PA00029_06,1779296570.5469086,2026-05-20T13:20:21.347231+00:00,6,6,7,69.9,0.5915783894802861,7,0,1,train
RD_003154,CUST_001624,1779296952.4898365,2026-05-20T17:09:12.489836+00:00,0,0,2,2902.0,0.21430646603860823,2,0,0,train
RD_003720,CUST_001774,1779300515.5213711,2026-05-20T18:08:35.521371+00:00,0,0,1,612.4,0.10531299241388917,1,0,0,train
RD_004544,CUST_002876,1779300994.893226,2026-05-20T18:16:34.893226+00:00,0,0,1,649.8,0.21100813056368273,1,0,0,train
RD_003872,CUST_002317,1779302868.1600122,2026-05-20T18:47:48.160012+00:00,0,0,1,878.9,0.11008428492525899,1,0,0,train
RD_003765,CUST_004006,1779304618.004209,2026-05-20T19:16:58.004209+00:00,0,0,1,3858.9,0.29622473382771003,1,0,0,train
RD_004786,CUST_000845,1779305104.1269646,2026-05-20T19:25:04.126965+00:00,0,0,1,1413.4,0.15050001970007437,1,0,0,train
RD_001911,CUST_001789,1779305631.928087,2026-05-20T19:33:51.928087+00:00,0,0,1,410.6,0.36880953703557084,1,0,0,train
RD_002513,CUST_000892,1779307268.7203736,2026-05-20T20:01:08.720374+00:00,0,0,1,684.9,0.2540371264210117,1,0,0,train
RD_000882,CUST_000742,1779307658.4717722,2026-05-20T20:07:38.471772+00:00,0,0,1,1603.7,0.4446812699602406,1,0,0,train
RD_000391,CUST_003982,1779308555.6902237,2026-05-20T20:22:35.690224+00:00,0,0,1,657.1,0.17648266874310536,1,0,0,train
RD_005330,CUST_000085,1779309867.925554,2026-05-20T20:44:27.925554+00:00,0,1,1,395.0,0.14003477407332485,31,0,0,train
RD_005019,CUST_003301,1779309943.250691,2026-05-20T20:45:43.250691+00:00,0,0,1,1173.0,0.07861930637426853,1,0,0,train
RD_004622,CUST_004500,1779313201.5800552,2026-05-20T21:40:01.580055+00:00,0,0,1,524.3,0.3977727560435823,1,0,0,train
RD_002113,CUST_002813,1779313722.2396834,2026-05-20T21:48:42.239683+00:00,0,0,1,11737.4,0.3311437859648993,1,0,0,train
RD_003162,CUST_003353,1779314293.0585718,2026-05-20T21:58:13.058572+00:00,0,0,1,1583.3,0.2876061133363334,1,0,0,train
RD_000744,CUST_002095,1779317385.4881878,2026-05-20T22:49:45.488188+00:00,0,0,1,25891.1,0.1503312028115357,39,0,0,train
RD_005201,CUST_001115,1779317542.8934727,2026-05-20T22:52:22.893473+00:00,0,0,1,1058.1,0.08708220300362614,1,0,0,train
RD_002896,CUST_002366,1779318524.741032,2026-05-20T23:08:44.741032+00:00,0,0,1,4639.6,0.40376866772705994,1,0,0,train
RD_003773,CUST_003460,1779319546.6484141,2026-05-20T23:25:46.648414+00:00,0,0,1,1317.5,0.24075055075566007,1,0,0,train
RD_003780,CUST_003920,1779320716.1578965,2026-05-20T23:45:16.157897+00:00,0,0,1,4040.5,0.3562845920406045,1,0,0,train
RD_003201,CUST_001132,1779327974.3053114,2026-05-21T01:46:14.305311+00:00,0,0,1,11818.8,0.16552570595145163,1,0,0,train
RD_000691,CUST_001259,1779328454.886635,2026-05-21T01:54:14.886635+00:00,0,0,1,2533.2,0.06834220719960979,1,0,0,train
RD_004481,CUST_001545,1779329238.2963324,2026-05-21T02:07:18.296332+00:00,0,0,1,8062.0,0.07653970245350204,1,0,0,train
RD_001091,CUST_001248,1779331486.2278981,2026-05-21T02:44:46.227898+00:00,1,0,3,4077.6,0.06429340491730048,3,0,0,train
RD_000776,CUST_002824,1779332025.9220948,2026-05-21T02:53:45.922095+00:00,0,0,1,161.4,0.2590495875852807,1,0,0,train
RD_002765,CUST_002605,1779332742.5403094,2026-05-21T03:05:42.540309+00:00,0,0,1,1148.6,0.20907803172491032,1,0,0,train
RD_002675,CUST_003244,1779332761.708768,2026-05-21T03:06:01.708768+00:00,0,0,1,711.7,0.07178185913395116,1,0,0,train
RD_000497,CUST_001505,1779334519.9870474,2026-05-21T03:35:19.987047+00:00,0,0,1,326.0,0.3012737721373248,1,0,0,train
RD_002707,CUST_001173,1779334855.3425314,2026-05-21T03:40:55.342531+00:00,0,0,1,3670.3,0.15266080264781023,1,0,0,train
RD_001845,CUST_004494,1779334892.5863836,2026-05-21T03:41:32.586384+00:00,0,0,1,1284.9,0.07864059845803878,1,0,0,train
RD_000195,CUST_002064,1779335497.704818,2026-05-21T03:51:37.704818+00:00,0,0,1,6597.4,0.17727406017149858,1,0,0,train
RD_003129,CUST_002788,1779337000.2863395,2026-05-21T04:16:40.286340+00:00,0,0,1,2725.7,0.11027045860071909,1,0,0,train
RD_002936,CUST_000661,1779337151.2513206,2026-05-21T04:19:11.251321+00:00,0,0,1,3091.5,0.32582673925121153,1,0,0,train
RD_000197,CUST_002341,1779337812.1543913,2026-05-21T04:30:12.154391+00:00,0,0,1,951.9,0.15840471994442487,1,0,0,train
RD_005410,CUST_002315,1779339445.0643194,2026-05-21T04:57:25.064319+00:00,0,0,1,57.3,0.20608976267539336,1,0,0,train
RD_001109,CUST_002286,1779341798.7937174,2026-05-21T05:36:38.793717+00:00,0,0,1,1075.6,0.08190486612239764,1,0,0,train
RD_004947,CUST_004052,1779344586.305977,2026-05-21T06:23:06.305977+00:00,0,0,1,691.4,0.07694224765116778,1,0,0,train
RD_005269,CUST_001898,1779345405.5877216,2026-05-21T06:36:45.587722+00:00,0,0,1,24738.0,0.17571746012769385,1,0,0,train
RD_005260,CUST_000547,1779347160.8510711,2026-05-21T07:06:00.851071+00:00,0,0,1,9459.6,0.45652279624079023,1,0,0,train
RD_004411,CUST_002392,1779347826.7251108,2026-05-21T07:17:06.725111+00:00,0,0,1,504.6,0.5736876689530231,1,0,0,train
RD_001683,CUST_000648,1779350400.8537574,2026-05-21T08:00:00.853757+00:00,0,0,1,1483.1,0.21746415099867195,1,0,0,train
RD_001280,CUST_000290,1779350488.0813422,2026-05-21T08:01:28.081342+00:00,0,0,1,11704.2,0.10573550144426745,1,0,0,train
RD_001007,CUST_001014,1779351921.1675963,2026-05-21T08:25:21.167596+00:00,0,0,1,2817.0,0.13182538324959703,1,0,0,train
RD_004599,CUST_002443,1779355603.85186,2026-05-21T09:26:43.851860+00:00,0,0,1,62.2,0.004175480406587382,1,0,0,train
RD_000887,CUST_002153,1779356786.6273766,2026-05-21T09:46:26.627377+00:00,0,0,1,461.6,0.16442048740963167,1,0,0,train
RD_001306,CUST_002754,1779357219.2185652,2026-05-21T09:53:39.218565+00:00,0,0,1,457.6,0.16071224920527724,1,0,0,train
RD_000389,CUST_000592,1779357768.869583,2026-05-21T10:02:48.869583+00:00,0,0,1,3462.4,0.08568836217261533,1,0,0,train
RD_002483,CUST_002185,1779361492.7537706,2026-05-21T11:04:52.753771+00:00,0,0,1,10451.5,0.04489279821046714,1,0,0,train
RD_003039,CUST_001805,1779362244.8422854,2026-05-21T11:17:24.842285+00:00,0,0,1,275.8,0.15124643095795048,1,0,0,train
RD_003380,CUST_003336,1779362757.1442356,2026-05-21T11:25:57.144236+00:00,0,0,1,154.3,0.12937476912860166,1,0,0,train
RD_000448,CUST_002794,1779362774.0106647,2026-05-21T11:26:14.010665+00:00,0,1,1,6141.8,0.14474009726731396,35,0,0,train
RD_005367,CUST_004103,1779362957.726086,2026-05-21T11:29:17.726086+00:00,0,0,1,312.6,0.21273288389118086,1,0,0,train
RD_004988,CUST_003769,1779363862.3132517,2026-05-21T11:44:22.313252+00:00,0,0,1,1873.6,0.3765872149061868,1,0,0,train
RD_004691,CUST_002100,1779365492.542133,2026-05-21T12:11:32.542133+00:00,0,1,1,2529.6,0.44066532186256874,32,0,0,train
RD_005132,CUST_002396,1779370852.7228172,2026-05-21T13:40:52.722817+00:00,0,0,1,1355.5,0.25699181103114443,1,0,0,train
RD_002023,CUST_001274,1779371747.7614205,2026-05-21T13:55:47.761420+00:00,0,0,1,811.2,0.3628121151010199,1,0,0,train
RD_002416,CUST_001567,1779372014.7754204,2026-05-21T14:00:14.775420+00:00,0,0,1,322.0,0.2093976357832443,1,0,0,train
RD_004616,CUST_001226,1779373482.503833,2026-05-21T14:24:42.503833+00:00,0,0,1,3216.0,0.07885420500309223,1,0,0,train
RD_004919,CUST_000362,1779373740.5535583,2026-05-21T14:29:00.553558+00:00,0,0,1,724.3,0.23567412816202013,1,0,0,train
RD_002326,CUST_000113,1779376483.9279587,2026-05-21T15:14:43.927959+00:00,0,0,1,4483.6,0.27121745582883827,1,0,0,train
RD_005096,CUST_001801,1779376529.7353272,2026-05-21T15:15:29.735327+00:00,0,0,1,424.8,0.15369138224224418,1,0,0,train
RD_001776,CUST_000781,1779376817.6756575,2026-05-21T15:20:17.675658+00:00,0,0,1,7701.7,0.07408847781094019,1,0,0,train
RD_004597,CUST_001242,1779380976.4587872,2026-05-21T16:29:36.458787+00:00,0,0,1,163.5,0.18014653198675187,1,0,0,train
RD_003009,CUST_001200,1779381051.586709,2026-05-21T16:30:51.586709+00:00,0,0,1,1983.6,0.28131919598570365,1,0,0,train
RD_003084,CUST_000742,1779386019.6945763,2026-05-21T17:53:39.694576+00:00,0,0,1,4895.6,0.14034923654638096,1,0,0,train
RD_002744,CUST_000975,1779389212.6284356,2026-05-21T18:46:52.628436+00:00,0,0,1,15151.9,0.11887275158910153,1,0,0,train
RD_003846,CUST_002821,1779391733.383138,2026-05-21T19:28:53.383138+00:00,0,0,1,5013.0,0.20238889477856656,1,0,0,train
RD_005440,CUST_000666,1779393887.6280859,2026-05-21T20:04:47.628086+00:00,0,0,1,653.8,0.48818510556942135,3,0,0,train
RD_004326,CUST_002098,1779394898.2427225,2026-05-21T20:21:38.242723+00:00,1,0,3,1058.3,0.14932136026737208,2,0,0,train
RD_002735,CUST_002126,1779397272.6101375,2026-05-21T21:01:12.610137+00:00,0,2,1,4320.7,0.24172930632275694,36,0,0,train
RD_001623,CUST_003561,1779397656.334759,2026-05-21T21:07:36.334759+00:00,0,0,1,440.3,0.23031871300726203,1,0,0,train
RD_000371,CUST_000475,1779397942.729918,2026-05-21T21:12:22.729918+00:00,0,0,1,605.9,0.38975747042753106,1,0,0,train
RD_005224,CUST_000300,1779398440.692624,2026-05-21T21:20:40.692624+00:00,0,0,1,1219.4,0.19299709168009294,1,0,0,train
RD_003950,CUST_000000,1779402050.898793,2026-05-21T22:20:50.898793+00:00,0,0,1,33087.0,0.43444887457299086,1,0,0,train
RD_003849,CUST_001219,1779405139.7861567,2026-05-21T23:12:19.786157+00:00,0,0,2,3417.5,0.44089816462459747,3,0,0,train
RD_001303,CUST_001520,1779408215.7305927,2026-05-22T00:03:35.730593+00:00,0,0,1,2005.3,0.1769781446854274,1,0,0,train
RD_003208,CUST_001941,1779411519.9627733,2026-05-22T00:58:39.962773+00:00,0,0,1,230.3,0.7078722521067006,1,0,0,train
RD_002839,CUST_000309,1779412267.844559,2026-05-22T01:11:07.844559+00:00,0,0,1,694.3,0.2061641969797195,1,0,0,train
RD_004266,CUST_002830,1779414018.757101,2026-05-22T01:40:18.757101+00:00,0,0,1,2289.8,0.038361141700628425,1,0,0,train
RD_003688,CUST_002876,1779414840.0077274,2026-05-22T01:54:00.007727+00:00,0,0,1,143.2,0.041999191935582256,1,0,0,train
RD_002596,CUST_003784,1779416531.6201065,2026-05-22T02:22:11.620106+00:00,0,0,1,554.2,0.10560540592582315,1,0,0,train
RD_004859,CUST_002286,1779417171.0058777,2026-05-22T02:32:51.005878+00:00,0,0,1,293.3,0.3453697401082803,1,0,0,train
RD_005272,CUST_004122,1779418981.0755544,2026-05-22T03:03:01.075554+00:00,0,0,1,36620.6,0.1325157838879595,1,0,0,train
RD_003051,CUST_003555,1779420392.117944,2026-05-22T03:26:32.117944+00:00,0,0,1,226.8,0.2565684097204112,1,0,0,train
RD_002621,CUST_001884,1779423834.7352917,2026-05-22T04:23:54.735292+00:00,0,0,1,307.5,0.06507867704265205,1,0,0,train
RD_003410,CUST_001192,1779424832.2737703,2026-05-22T04:40:32.273770+00:00,0,0,1,207.0,0.1580384910125759,1,0,0,train
RD_002380,CUST_002605,1779427750.2088065,2026-05-22T05:29:10.208807+00:00,0,0,1,2341.3,0.07307485135797412,1,0,0,train
RD_002669,CUST_003403,1779427997.5475059,2026-05-22T05:33:17.547506+00:00,0,0,1,950.8,0.2812350430911432,1,0,0,train
RD_003617,CUST_004040,1779428019.5684078,2026-05-22T05:33:39.568408+00:00,0,0,1,1891.5,0.25224856461984313,1,0,0,train
RD_001589,CUST_003480,1779429717.411149,2026-05-22T06:01:57.411149+00:00,0,0,1,2929.3,0.06631858803920686,1,0,0,train
RD_000575,CUST_000507,1779430401.075198,2026-05-22T06:13:21.075198+00:00,0,0,1,3755.5,0.13294099581655527,1,0,0,train
RD_004702,CUST_002577,1779430601.4097686,2026-05-22T06:16:41.409769+00:00,0,0,1,748.5,0.17877805367008404,1,0,0,train
RD_002866,CUST_003557,1779432630.208626,2026-05-22T06:50:30.208626+00:00,0,0,1,193.9,0.23319990815600283,1,0,0,train
RD_001847,CUST_004334,1779436012.9567885,2026-05-22T07:46:52.956789+00:00,0,0,1,1439.3,0.40391068382406425,1,0,0,train
RD_004517,CUST_004423,1779438860.4104908,2026-05-22T08:34:20.410491+00:00,0,0,1,2718.5,0.03391355391282597,1,0,0,train
RD_005408,CUST_003311,1779438996.4503026,2026-05-22T08:36:36.450303+00:00,0,0,1,7948.2,0.23883833251546005,1,0,0,train
RD_000004,CUST_001883,1779441888.6512046,2026-05-22T09:24:48.651205+00:00,0,0,1,1055.5,0.04407837587599716,1,0,0,train
RD_000667,CUST_002678,1779443816.3676577,2026-05-22T09:56:56.367658+00:00,0,0,1,4265.0,0.30264269322861037,1,0,0,train
RD_003923,CUST_000892,1779444972.1863818,2026-05-22T10:16:12.186382+00:00,0,0,1,2265.2,0.18178073239169762,1,0,0,train
RD_003440,CUST_003233,1779446394.0828834,2026-05-22T10:39:54.082883+00:00,0,0,1,767.6,0.14438098684413575,1,0,0,train
RD_002360,CUST_000738,1779448739.525133,2026-05-22T11:18:59.525133+00:00,0,0,1,200.4,0.09709471946809259,1,0,0,train
RD_004613,CUST_002421,1779450590.6798682,2026-05-22T11:49:50.679868+00:00,0,0,1,1012.4,0.06636325250800083,1,0,0,train
RD_003551,CUST_000790,1779451774.2232428,2026-05-22T12:09:34.223243+00:00,0,0,1,4819.5,0.2966702836724349,1,0,0,train
RD_001515,CUST_001767,1779452200.7668138,2026-05-22T12:16:40.766814+00:00,0,0,1,3913.0,0.3548902663358139,1,0,0,train
RD_005488,CUST_003057,1779453163.7917907,2026-05-22T12:32:43.791791+00:00,0,0,1,188.1,0.07341984030395816,1,0,0,train
RD_001918,CUST_000831,1779454783.557913,2026-05-22T12:59:43.557913+00:00,0,0,1,505.0,0.2953271086160108,1,0,0,train
RD_001873,CUST_003172,1779455898.7546375,2026-05-22T13:18:18.754637+00:00,0,0,1,106501.1,0.07473857308942146,1,0,0,train
RD_001502,CUST_000166,1779456075.4427564,2026-05-22T13:21:15.442756+00:00,0,0,1,1702.4,0.1462007699376793,1,0,0,train
RD_003755,CUST_002268,1779457569.9534965,2026-05-22T13:46:09.953496+00:00,0,0,1,2821.2,0.15897050689653253,1,0,0,train
RD_000235,CUST_001985,1779458402.95504,2026-05-22T14:00:02.955040+00:00,0,0,1,15928.6,0.03007003234396632,1,0,0,train
RD_005002,CUST_002100,1779459584.4612978,2026-05-22T14:19:44.461298+00:00,0,1,1,797.2,0.18689194723389224,37,0,0,train
RD_001640,CUST_003540,1779463072.9390512,2026-05-22T15:17:52.939051+00:00,0,0,1,10115.3,0.1310093498446134,1,0,0,train
RD_001564,CUST_004049,1779466090.5583208,2026-05-22T16:08:10.558321+00:00,0,0,1,11973.3,0.1730161608284951,1,0,0,train
RD_005300,CUST_003028,1779467560.2825706,2026-05-22T16:32:40.282571+00:00,1,0,2,398.2,0.21052432758696274,3,0,0,train
RD_001747,CUST_002771,1779470483.6784174,2026-05-22T17:21:23.678417+00:00,0,0,1,4118.3,0.3018680166482911,1,0,0,train
RD_002668,CUST_001014,1779471433.256564,2026-05-22T17:37:13.256564+00:00,0,0,1,5041.3,0.11571019215342256,1,0,0,train
RD_000501,CUST_000335,1779477170.6998532,2026-05-22T19:12:50.699853+00:00,0,0,1,162.8,0.1545729830011342,1,0,0,train
RD_001361,CUST_004224,1779477822.8224404,2026-05-22T19:23:42.822440+00:00,0,0,1,1303.2,0.05580448788928651,1,0,0,train
RD_003660,CUST_001587,1779480793.995118,2026-05-22T20:13:13.995118+00:00,0,0,1,2429.7,0.3742106728372868,1,0,0,train
RD_AB_00040_00,CUST_PA00040_00,1779483952.4620154,2026-05-22T21:05:52.462015+00:00,0,0,1,103.4,0.912875372745645,8,0,1,train
RD_000074,CUST_002187,1779484698.4425688,2026-05-22T21:18:18.442569+00:00,0,0,1,2111.6,0.16075299092578169,1,0,0,train
RD_AB_00040_02,CUST_PA00040_02,1779485379.8807886,2026-05-22T23:14:47.430891+00:00,2,2,3,5.1,0.584922425783312,8,0,1,train
RD_004007,CUST_002841,1779486670.8952792,2026-05-22T21:51:10.895279+00:00,0,0,1,3894.0,0.3973361889839933,1,0,0,train
RD_AB_00040_04,CUST_PA00040_04,1779487988.1391613,2026-05-22T21:50:45.810456+00:00,4,4,5,36.6,0.6757853571407664,8,0,1,train
RD_AB_00040_01,CUST_PA00040_01,1779488663.8593197,2026-05-22T22:12:43.828815+00:00,1,1,2,198.9,0.6771425921475643,8,0,1,train
RD_AB_00040_03,CUST_PA00040_03,1779489030.4901786,2026-05-22T21:40:03.514247+00:00,3,3,4,335.1,0.6413784748847641,8,0,1,train
RD_003841,CUST_001883,1779489705.0890677,2026-05-22T22:41:45.089068+00:00,0,0,1,1746.3,0.10613721977519354,1,0,0,train
RD_001575,CUST_002392,1779490457.231583,2026-05-22T22:54:17.231583+00:00,0,0,1,2709.2,0.2588328387405649,1,0,0,train
RD_003928,CUST_003762,1779490922.4281688,2026-05-22T23:02:02.428169+00:00,0,0,1,366.9,0.07944123931221649,1,0,0,train
RD_002687,CUST_003058,1779491134.3882768,2026-05-22T23:05:34.388277+00:00,0,0,1,952.6,0.31034677024552254,1,0,0,train
RD_005296,CUST_003086,1779491247.5742533,2026-05-22T23:07:27.574253+00:00,0,2,1,4937.6,0.18795930708560696,25,0,0,train
RD_003128,CUST_001568,1779492839.7047808,2026-05-22T23:33:59.704781+00:00,0,0,1,204.2,0.2195897666035331,1,0,0,train
RD_001777,CUST_001883,1779493412.5744967,2026-05-22T23:43:32.574497+00:00,0,0,1,3276.7,0.2954139483780758,1,0,0,train
RD_004397,CUST_000107,1779493671.3341162,2026-05-22T23:47:51.334116+00:00,0,0,1,314.1,0.035631877713807825,1,0,0,train
RD_002521,CUST_001610,1779494368.2622037,2026-05-22T23:59:28.262204+00:00,0,0,1,256.2,0.31271827069847125,1,0,0,train
RD_002108,CUST_001945,1779498810.155851,2026-05-23T01:13:30.155851+00:00,0,0,1,1048.7,0.22682389582549234,1,0,0,train
RD_AB_00040_07,CUST_PA00040_07,1779503382.0273764,2026-05-22T21:30:27.706112+00:00,0,7,1,8.3,0.9105929995165508,8,0,1,train
RD_AB_00040_05,CUST_PA00040_05,1779505091.1119614,2026-05-23T02:05:59.322057+00:00,5,5,6,68.2,0.9184545378766652,8,0,1,train
RD_001391,CUST_000879,1779506174.2931437,2026-05-23T03:16:14.293144+00:00,0,0,1,5108.3,0.24273717274756634,1,0,0,train
RD_003177,CUST_003349,1779506646.1100078,2026-05-23T03:24:06.110008+00:00,0,2,1,1709.6,0.19330375822923723,28,0,0,train
RD_AB_00040_06,CUST_PA00040_06,1779507175.8777356,2026-05-23T03:35:09.327277+00:00,6,6,1,16.8,0.726098626689065,8,0,1,train
RD_003227,CUST_003563,1779507340.7375221,2026-05-23T03:35:40.737522+00:00,0,0,1,2278.2,0.09914708718558898,1,0,0,train
RD_002587,CUST_000986,1779507999.406718,2026-05-23T03:46:39.406718+00:00,0,0,1,2747.5,0.20200643375761432,1,0,0,train
RD_003057,CUST_001082,1779510485.0920274,2026-05-23T04:28:05.092027+00:00,0,0,1,1072.0,0.14474668456524503,1,0,0,train
RD_002109,CUST_003943,1779510971.4394388,2026-05-23T04:36:11.439439+00:00,0,0,1,24951.0,0.2910200758107114,1,0,0,train
RD_001057,CUST_001770,1779512364.8355477,2026-05-23T04:59:24.835548+00:00,0,2,1,2672.7,0.13797230785318051,18,0,0,train
RD_003788,CUST_001845,1779513341.7893744,2026-05-23T05:15:41.789374+00:00,0,2,1,1640.7,0.155585794324964,17,0,0,train
RD_001125,CUST_001985,1779514996.4290051,2026-05-23T05:43:16.429005+00:00,0,0,1,402.1,0.0961966135482102,1,0,0,train
RD_001927,CUST_002445,1779519222.5352046,2026-05-23T06:53:42.535205+00:00,0,0,1,4489.9,0.16363491822927942,3,0,0,train
RD_003108,CUST_000569,1779520517.7179956,2026-05-23T07:15:17.717996+00:00,0,0,1,467.8,0.19829290691560908,1,0,0,train
RD_004591,CUST_000440,1779524977.1743553,2026-05-23T08:29:37.174355+00:00,0,0,1,3945.5,0.0660956697865628,1,0,0,train
RD_002897,CUST_000615,1779525484.045681,2026-05-23T08:38:04.045681+00:00,0,0,1,2378.4,0.3515006187800381,1,0,0,train
RD_003812,CUST_001770,1779527146.4945905,2026-05-23T09:05:46.494591+00:00,0,0,1,220.1,0.14836928062791907,20,0,0,train
RD_002572,CUST_000516,1779529816.504589,2026-05-23T09:50:16.504589+00:00,0,0,1,5454.2,0.327880020877475,1,0,0,train
RD_000034,CUST_003603,1779530054.751713,2026-05-23T09:54:14.751713+00:00,0,0,1,1108.4,0.3643105271872419,1,0,0,train
RD_002046,CUST_001728,1779533966.1630168,2026-05-23T10:59:26.163017+00:00,0,0,1,416.0,0.33959469152909105,1,0,0,train
RD_003514,CUST_002492,1779538851.8591812,2026-05-23T12:20:51.859181+00:00,0,0,1,7676.1,0.2833163606971901,1,0,0,train
RD_003707,CUST_002679,1779541727.8550978,2026-05-23T13:08:47.855098+00:00,0,0,1,108.1,0.24836706291327004,1,0,0,train
RD_001310,CUST_003520,1779543892.5343106,2026-05-23T13:44:52.534311+00:00,0,0,1,6194.1,0.09465363094981788,1,0,0,train
RD_001544,CUST_001141,1779544094.294301,2026-05-23T13:48:14.294301+00:00,0,0,1,499.1,0.1658608112226343,1,0,0,train
RD_000216,CUST_000153,1779544329.482063,2026-05-23T13:52:09.482063+00:00,0,0,1,464.7,0.21425938131879466,1,0,0,train
RD_003895,CUST_004363,1779546965.702015,2026-05-23T14:36:05.702015+00:00,0,0,1,849.7,0.4568018110354335,1,0,0,train
RD_001150,CUST_003195,1779548466.4481714,2026-05-23T15:01:06.448171+00:00,0,0,1,3115.0,0.04420451304548066,1,0,0,train
RD_000105,CUST_002453,1779549589.5515077,2026-05-23T15:19:49.551508+00:00,0,0,1,11601.6,0.08820945269433951,1,0,0,train
RD_AB_00071_00,CUST_PA00071_00,1779549716.0057971,2026-05-23T15:21:56.005797+00:00,0,0,1,11.5,0.6215836626738237,5,0,1,train
RD_000488,CUST_001082,1779549907.7224236,2026-05-23T15:25:07.722424+00:00,0,0,1,532.4,0.2903457262347424,1,0,0,train
RD_AB_00071_04,CUST_PA00071_04,1779552896.8148022,2026-05-23T20:47:17.615560+00:00,4,4,5,27.0,0.7581589288892912,5,0,1,train
RD_AB_00071_01,CUST_PA00071_01,1779553331.5541909,2026-05-23T16:14:33.416980+00:00,1,1,2,110.7,0.7161404523368923,5,0,1,train
RD_AB_00071_03,CUST_PA00071_03,1779555212.7204447,2026-05-23T16:00:36.737449+00:00,3,3,4,7.7,0.5590090762646146,5,0,1,train
RD_AB_00071_02,CUST_PA00071_02,1779557084.730847,2026-05-23T16:26:04.090480+00:00,2,2,3,147.1,0.6785278537398585,5,0,1,train
RD_001493,CUST_002594,1779557639.3761828,2026-05-23T17:33:59.376183+00:00,1,0,2,12951.1,0.3209867844133174,4,0,0,train
RD_003995,CUST_002929,1779558010.2802956,2026-05-23T17:40:10.280296+00:00,0,2,1,2597.9,0.5534878470581857,14,0,0,train
RD_004253,CUST_002712,1779558560.1156368,2026-05-23T17:49:20.115637+00:00,0,0,1,2020.7,0.06419510963007562,1,0,0,train
RD_003480,CUST_003046,1779561963.712859,2026-05-23T18:46:03.712859+00:00,0,0,1,278.9,0.09585121435960006,1,0,0,train
RD_000618,CUST_003895,1779562451.4455156,2026-05-23T18:54:11.445516+00:00,0,0,1,53.3,0.23601461815800057,1,0,0,train
RD_005023,CUST_001837,1779562602.1530302,2026-05-23T18:56:42.153030+00:00,0,0,1,25331.2,0.019678850843699976,1,0,0,train
RD_001025,CUST_001767,1779563460.203956,2026-05-23T19:11:00.203956+00:00,0,0,1,2592.0,0.35582384641277803,1,0,0,train
RD_000426,CUST_004363,1779563610.6053991,2026-05-23T19:13:30.605399+00:00,0,0,1,6392.4,0.02699722844579933,1,0,0,train
RD_000947,CUST_000194,1779564544.141737,2026-05-23T19:29:04.141737+00:00,0,0,1,3062.3,0.24617087277012425,1,0,0,train
RD_002713,CUST_001577,1779567159.0214076,2026-05-23T20:12:39.021408+00:00,0,0,1,15662.4,0.2900014595164611,1,0,0,train
RD_000608,CUST_000448,1779567306.2264736,2026-05-23T20:15:06.226474+00:00,0,0,1,434.0,0.03200944078473749,1,0,0,train
RD_003012,CUST_002832,1779568140.844598,2026-05-23T20:29:00.844598+00:00,0,0,1,1645.5,0.05864644755801005,1,0,0,train
RD_001385,CUST_000369,1779569623.9900193,2026-05-23T20:53:43.990019+00:00,0,0,1,3902.4,0.417584917788138,1,0,0,train
RD_002261,CUST_001497,1779572844.3305995,2026-05-23T21:47:24.330600+00:00,0,0,1,9313.5,0.1410174999574615,1,0,0,train
RD_000174,CUST_002342,1779573046.7677789,2026-05-23T21:50:46.767779+00:00,0,0,1,5168.1,0.49008488433053643,1,0,0,train
RD_002285,CUST_001121,1779573583.2774065,2026-05-23T21:59:43.277406+00:00,0,0,1,3398.8,0.4664989344579166,1,0,0,train
RD_000710,CUST_004251,1779573685.9075575,2026-05-23T22:01:25.907557+00:00,0,0,1,655.3,0.19320825651856077,1,0,0,train
RD_002264,CUST_000152,1779575346.5606499,2026-05-23T22:29:06.560650+00:00,0,0,1,1084.2,0.03457200743208456,1,0,0,train
RD_003392,CUST_002609,1779576046.2128973,2026-05-23T22:40:46.212897+00:00,0,0,1,1766.2,0.17634585381524573,1,0,0,train
RD_003511,CUST_003067,1779577546.312451,2026-05-23T23:05:46.312451+00:00,0,1,1,31403.6,0.028045358833422466,30,0,0,train
RD_001432,CUST_004537,1779578144.4196212,2026-05-23T23:15:44.419621+00:00,0,0,1,10949.8,0.379819909212013,1,0,0,train
RD_001278,CUST_002187,1779581584.3702872,2026-05-24T00:13:04.370287+00:00,0,0,1,280.2,0.08112459076711678,1,0,0,train
RD_003267,CUST_001155,1779582475.6197872,2026-05-24T00:27:55.619787+00:00,0,1,1,20847.5,0.028743003908593374,10,0,0,train
RD_002559,CUST_002019,1779583411.6362772,2026-05-24T00:43:31.636277+00:00,0,0,1,7315.5,0.07495599101377134,1,0,0,train
RD_003544,CUST_003062,1779584587.68107,2026-05-24T01:03:07.681070+00:00,0,0,1,229.9,0.1507865154882765,1,0,0,train
RD_003882,CUST_002886,1779587230.1662962,2026-05-24T01:47:10.166296+00:00,0,0,1,1490.2,0.46102278691839454,21,0,0,train
RD_002723,CUST_003309,1779587266.7125223,2026-05-24T01:47:46.712522+00:00,0,0,1,1218.1,0.2334786484232492,1,0,0,train
RD_004420,CUST_001846,1779587634.4470043,2026-05-24T01:53:54.447004+00:00,0,0,1,241.9,0.47374985295647504,1,0,0,train
RD_001381,CUST_003586,1779588429.5991366,2026-05-24T02:07:09.599137+00:00,1,0,2,6470.7,0.22284292552401727,3,0,0,train
RD_003613,CUST_004509,1779593787.6363628,2026-05-24T03:36:27.636363+00:00,0,0,1,258.8,0.4816864800466227,1,0,0,train
RD_000854,CUST_002022,1779594145.395903,2026-05-24T03:42:25.395903+00:00,0,0,1,5147.8,0.15999098757441507,1,0,0,train
RD_003845,CUST_000268,1779596619.0327828,2026-05-24T04:23:39.032783+00:00,0,0,1,43.8,0.2597871286527854,1,0,0,train
RD_003815,CUST_002762,1779596937.101899,2026-05-24T04:28:57.101899+00:00,0,0,1,2301.4,0.201742179677453,1,0,0,train
RD_004299,CUST_000384,1779597511.6504204,2026-05-24T04:38:31.650420+00:00,0,0,1,504.5,0.1762027318368032,1,0,0,train
RD_003249,CUST_002438,1779597770.7369308,2026-05-24T04:42:50.736931+00:00,0,0,1,1470.7,0.2549632010133018,1,0,0,train
RD_003352,CUST_001440,1779600592.1571538,2026-05-24T05:29:52.157154+00:00,0,0,1,5887.0,0.14729830078077877,1,0,0,train
RD_001568,CUST_001408,1779601842.9494627,2026-05-24T05:50:42.949463+00:00,0,0,1,7141.8,0.10720391646471772,1,0,0,train
RD_001949,CUST_001509,1779601972.4264426,2026-05-24T05:52:52.426443+00:00,0,0,1,397.6,0.11341565241159024,1,0,0,train
RD_000860,CUST_000681,1779604020.9826376,2026-05-24T06:27:00.982638+00:00,0,0,1,10682.5,0.2463102860133371,1,0,0,train
RD_000690,CUST_001174,1779610602.443861,2026-05-24T08:16:42.443861+00:00,0,0,1,6981.4,0.14316508253244709,1,0,0,train
RD_004937,CUST_002724,1779610672.6690066,2026-05-24T08:17:52.669007+00:00,0,0,1,93.4,0.0930008376795881,1,0,0,train
RD_002359,CUST_000939,1779612944.2497,2026-05-24T08:55:44.249700+00:00,0,0,1,249.4,0.11447878840928292,1,0,0,train
RD_005150,CUST_000399,1779619006.6589022,2026-05-24T10:36:46.658902+00:00,0,0,1,2269.4,0.42743558272011717,1,0,0,train
RD_001362,CUST_003493,1779620457.0639782,2026-05-24T11:00:57.063978+00:00,0,0,1,129.1,0.07569650411990843,1,0,0,train
RD_004230,CUST_001169,1779623411.662553,2026-05-24T11:50:11.662553+00:00,0,0,1,966.3,0.05563818587423035,1,0,0,train
RD_001364,CUST_002085,1779624784.4171708,2026-05-24T12:13:04.417171+00:00,0,0,1,517.7,0.18651375161751438,19,0,0,train
RD_002631,CUST_000882,1779626074.721912,2026-05-24T12:34:34.721912+00:00,0,0,1,3257.6,0.16008866856829151,1,0,0,train
RD_003525,CUST_004453,1779627566.9115248,2026-05-24T12:59:26.911525+00:00,0,0,1,295.0,0.22833467659827172,1,0,0,train
RD_001763,CUST_001943,1779629630.516483,2026-05-24T13:33:50.516483+00:00,0,0,1,5372.5,0.061260892385929314,1,0,0,train
RD_000942,CUST_003632,1779630528.9918675,2026-05-24T13:48:48.991868+00:00,0,0,1,650.7,0.13343747883629997,1,0,0,train
RD_004850,CUST_003907,1779634712.1725779,2026-05-24T14:58:32.172578+00:00,0,0,1,12023.8,0.28895206376147786,1,0,0,train
RD_003487,CUST_001762,1779638996.1374054,2026-05-24T16:09:56.137405+00:00,1,0,1,2023.9,0.3972783521841206,3,0,0,train
RD_000029,CUST_000833,1779644097.7704518,2026-05-24T17:34:57.770452+00:00,0,0,1,1270.5,0.16379850515417593,1,0,0,train
RD_004200,CUST_000661,1779644682.8760276,2026-05-24T17:44:42.876028+00:00,0,0,1,1621.4,0.041618024360698794,1,0,0,train
RD_001617,CUST_002019,1779645518.0444465,2026-05-24T17:58:38.044446+00:00,0,0,1,800.0,0.1390451968259065,1,0,0,train
RD_000666,CUST_002466,1779649148.2576463,2026-05-24T18:59:08.257646+00:00,0,0,1,11988.6,0.39757465916111795,1,0,0,train
RD_002882,CUST_003893,1779653045.5344143,2026-05-24T20:04:05.534414+00:00,0,0,1,4203.3,0.06422647887256544,1,0,0,train
RD_000578,CUST_001567,1779653063.3609242,2026-05-24T20:04:23.360924+00:00,0,0,1,2045.8,0.2823270053958203,1,0,0,train
RD_004567,CUST_004544,1779655282.4210572,2026-05-24T20:41:22.421057+00:00,0,1,1,1404.6,0.280577539448381,19,0,0,train
RD_004100,CUST_004134,1779656025.5062542,2026-05-24T20:53:45.506254+00:00,0,2,1,5444.7,0.04133364288143408,24,0,0,train
RD_003167,CUST_004049,1779657431.8543437,2026-05-24T21:17:11.854344+00:00,0,0,1,235.2,0.20925713588141406,1,0,0,train
RD_002296,CUST_001239,1779660919.780017,2026-05-24T22:15:19.780017+00:00,0,0,1,949.1,0.09772638492176997,1,0,0,train
RD_000917,CUST_000167,1779662663.1999025,2026-05-24T22:44:23.199903+00:00,0,0,1,2308.1,0.22390310835340618,1,0,0,train
RD_002425,CUST_003067,1779664054.5672827,2026-05-24T23:07:34.567283+00:00,0,1,1,2240.0,0.19193138057268488,27,0,0,train
RD_003945,CUST_004008,1779664161.967031,2026-05-24T23:09:21.967031+00:00,0,1,1,803.8,0.0753441125293328,21,0,0,train
RD_001205,CUST_002016,1779664505.6651251,2026-05-24T23:15:05.665125+00:00,0,0,1,11746.6,0.06712453630859029,1,0,0,train
RD_002105,CUST_002601,1779665834.7093687,2026-05-24T23:37:14.709369+00:00,0,0,1,1826.5,0.32256748271653146,1,0,0,train
RD_000926,CUST_002301,1779667896.4583092,2026-05-25T00:11:36.458309+00:00,0,0,1,20991.7,0.26233937842406163,1,0,0,train
RD_000453,CUST_001946,1779668938.3541121,2026-05-25T00:28:58.354112+00:00,0,0,1,3521.4,0.3802929977400357,1,0,0,train
RD_002632,CUST_002514,1779676050.5856028,2026-05-25T02:27:30.585603+00:00,0,0,1,2490.6,0.2125060287299118,1,0,0,train
RD_002434,CUST_001902,1779678728.8860636,2026-05-25T03:12:08.886064+00:00,0,0,1,732.7,0.44994934218068644,1,0,0,train
RD_004938,CUST_000740,1779679613.845579,2026-05-25T03:26:53.845579+00:00,0,0,1,4875.2,0.509092558735141,1,0,0,train
RD_002051,CUST_002017,1779681747.1662514,2026-05-25T04:02:27.166251+00:00,0,0,1,10501.7,0.6358984265008694,1,0,0,train
RD_003816,CUST_002341,1779685550.4407508,2026-05-25T05:05:50.440751+00:00,0,0,1,633.6,0.0954032210814965,1,0,0,train
RD_003949,CUST_001774,1779686748.56001,2026-05-25T05:25:48.560010+00:00,0,0,1,6391.3,0.38693094830248875,1,0,0,train
RD_002392,CUST_001435,1779688642.1153798,2026-05-25T05:57:22.115380+00:00,0,0,1,1386.8,0.026918476142366574,1,0,0,train
RD_002941,CUST_002736,1779696831.940737,2026-05-25T08:13:51.940737+00:00,0,0,1,1734.2,0.039284494302538046,1,0,0,train
RD_000913,CUST_001248,1779696921.8786573,2026-05-25T08:15:21.878657+00:00,0,0,3,3875.4,0.17165811785228546,3,0,0,train
RD_004055,CUST_002232,1779698956.4482465,2026-05-25T08:49:16.448246+00:00,0,0,1,1627.2,0.34041807495662485,1,0,0,train
RD_001849,CUST_003359,1779699102.4372518,2026-05-25T08:51:42.437252+00:00,0,2,1,1171.0,0.4659198042009786,33,0,0,train
RD_001289,CUST_002301,1779699171.617547,2026-05-25T08:52:51.617547+00:00,0,0,1,624.4,0.1720832108188309,1,0,0,train
RD_003785,CUST_002153,1779699254.6011806,2026-05-25T08:54:14.601181+00:00,0,0,1,1027.9,0.12849450065133092,1,0,0,train
RD_003546,CUST_001898,1779701865.2678714,2026-05-25T09:37:45.267871+00:00,0,0,1,143.1,0.34672584136787454,1,0,0,train
RD_000700,CUST_001136,1779704353.3669631,2026-05-25T10:19:13.366963+00:00,0,0,1,5005.9,0.050348700157300315,1,0,0,train
RD_001987,CUST_001226,1779708044.902861,2026-05-25T11:20:44.902861+00:00,0,0,1,3180.5,0.04870329897579709,1,0,0,train
RD_002918,CUST_004045,1779709643.723917,2026-05-25T11:47:23.723917+00:00,0,0,1,1283.5,0.14583146536543057,1,0,0,train
RD_001811,CUST_002374,1779712380.2824936,2026-05-25T12:33:00.282494+00:00,0,0,1,7131.2,0.14289242849880107,1,0,0,train
RD_001237,CUST_003982,1779712757.6155999,2026-05-25T12:39:17.615600+00:00,0,0,1,20604.3,0.31052183167911984,1,0,0,train
RD_001791,CUST_001837,1779713410.8280478,2026-05-25T12:50:10.828048+00:00,0,0,1,10733.4,0.027213133462564956,1,0,0,train
RD_004393,CUST_003358,1779713543.8421938,2026-05-25T12:52:23.842194+00:00,0,0,1,3231.3,0.44413715539812104,1,0,0,train
RD_005120,CUST_002069,1779718122.880574,2026-05-25T14:08:42.880574+00:00,0,0,1,364.3,0.10414331694112311,1,0,0,train
RD_003975,CUST_001625,1779718900.7787528,2026-05-25T14:21:40.778753+00:00,0,0,1,574.8,0.35864576906096785,1,0,0,train
RD_001027,CUST_003778,1779720072.1348069,2026-05-25T14:41:12.134807+00:00,0,0,1,148.8,0.35760078943641604,1,0,0,train
RD_004650,CUST_000344,1779721027.4021735,2026-05-25T14:57:07.402174+00:00,0,0,1,4554.0,0.14391366330009897,1,0,0,train
RD_002530,CUST_004502,1779721692.9428885,2026-05-25T15:08:12.942888+00:00,0,0,1,36051.1,0.16224973595817432,1,0,0,train
RD_001363,CUST_003359,1779724237.4962208,2026-05-25T15:50:37.496221+00:00,0,2,1,8689.0,0.17774292906018865,20,0,0,train
RD_002567,CUST_004331,1779724515.6793375,2026-05-25T15:55:15.679338+00:00,0,0,1,2539.6,0.19496489998875366,1,0,0,train
RD_002198,CUST_002708,1779732824.596963,2026-05-25T18:13:44.596963+00:00,1,0,1,1465.3,0.15860903458474396,2,0,0,train
RD_000515,CUST_000869,1779734473.7071326,2026-05-25T18:41:13.707133+00:00,0,0,1,3048.9,0.08242754556505863,1,0,0,train
RD_001071,CUST_001100,1779735182.8182397,2026-05-25T18:53:02.818240+00:00,0,0,1,146.4,0.19483590543604565,1,0,0,train
RD_002161,CUST_001356,1779738194.2268748,2026-05-25T19:43:14.226875+00:00,1,0,3,34151.7,0.0038886829211226487,2,0,0,train
RD_000901,CUST_000344,1779739154.7853224,2026-05-25T19:59:14.785322+00:00,0,0,1,1426.7,0.26853433313786523,1,0,0,train
RD_004178,CUST_000986,1779740601.3147156,2026-05-25T20:23:21.314716+00:00,0,0,1,1213.8,0.3104824420164851,1,0,0,train
RD_005193,CUST_001667,1779741079.6726506,2026-05-25T20:31:19.672651+00:00,0,0,1,749.8,0.3953818879185899,1,0,0,train
RD_003813,CUST_004418,1779741293.3288565,2026-05-25T20:34:53.328856+00:00,0,0,1,791.1,0.3765083685678106,1,0,0,train
RD_003695,CUST_003744,1779741370.8805048,2026-05-25T20:36:10.880505+00:00,0,0,1,26429.2,0.12490783742703893,1,0,0,train
RD_002549,CUST_002997,1779742375.7659705,2026-05-25T20:52:55.765970+00:00,0,0,1,2835.9,0.05969253691518258,1,0,0,train
RD_003191,CUST_003365,1779743595.581699,2026-05-25T21:13:15.581699+00:00,0,0,1,5631.2,0.19249596504120675,1,0,0,train
RD_001673,CUST_003441,1779744417.1534784,2026-05-25T21:26:57.153478+00:00,0,0,1,2208.4,0.18418227034914794,1,0,0,train
RD_000812,CUST_004426,1779748028.7965028,2026-05-25T22:27:08.796503+00:00,0,0,1,12607.4,0.39931417347453524,1,0,0,train
RD_004159,CUST_002855,1779750040.3802116,2026-05-25T23:00:40.380212+00:00,0,0,1,35056.3,0.20056093472956382,1,0,0,train
RD_004661,CUST_001429,1779751453.6535463,2026-05-25T23:24:13.653546+00:00,0,0,1,138.9,0.15367578549140443,1,0,0,train
RD_002732,CUST_004193,1779751781.6604018,2026-05-25T23:29:41.660402+00:00,0,0,1,1260.0,0.5051802663371101,1,0,0,train
RD_003539,CUST_002126,1779752977.1291635,2026-05-25T23:49:37.129164+00:00,0,0,1,5713.3,0.07210233387826666,31,0,0,train
RD_001141,CUST_003797,1779753401.49046,2026-05-25T23:56:41.490460+00:00,0,0,1,186.2,0.41614333824539057,2,0,0,train
RD_002405,CUST_000809,1779756920.7640786,2026-05-26T00:55:20.764079+00:00,0,0,1,274.2,0.06744405586133922,1,0,0,train
RD_003701,CUST_002678,1779757837.7835732,2026-05-26T01:10:37.783573+00:00,0,0,1,3056.0,0.08848362553595841,1,0,0,train
RD_001428,CUST_001880,1779758228.4761145,2026-05-26T01:17:08.476115+00:00,0,0,1,1108.2,0.7669807325148497,1,0,0,train
RD_001660,CUST_001440,1779758582.1498675,2026-05-26T01:23:02.149868+00:00,0,0,1,1633.0,0.21843169904847096,1,0,0,train
RD_002704,CUST_003329,1779760363.0854232,2026-05-26T01:52:43.085423+00:00,0,0,1,2970.6,0.12933214008111488,1,0,0,train
RD_002322,CUST_001688,1779763535.2393367,2026-05-26T02:45:35.239337+00:00,0,0,1,13735.6,0.30948146981027924,1,0,0,train
RD_001862,CUST_002080,1779763740.1082397,2026-05-26T02:49:00.108240+00:00,0,0,1,1317.7,0.05429411806119567,1,0,0,train
RD_002067,CUST_002555,1779763805.9662538,2026-05-26T02:50:05.966254+00:00,0,0,1,1162.8,0.2977994693811447,16,0,0,train
RD_001861,CUST_003569,1779766314.112843,2026-05-26T03:31:54.112843+00:00,0,0,1,564.5,0.14958132415266132,1,0,0,train
RD_005484,CUST_000220,1779767021.3993819,2026-05-26T03:43:41.399382+00:00,0,0,1,474.7,0.034824291310441916,1,0,0,train
RD_001006,CUST_003526,1779767402.711655,2026-05-26T03:50:02.711655+00:00,0,0,1,10570.2,0.35685481180976497,1,0,0,train
RD_003080,CUST_000735,1779771587.6371992,2026-05-26T04:59:47.637199+00:00,0,0,1,3076.2,0.05452541716808633,1,0,0,train
RD_000919,CUST_003008,1779772343.8265717,2026-05-26T05:12:23.826572+00:00,0,0,1,147.3,0.16627978622981593,1,0,0,train
RD_AB_00073_00,CUST_PA00073_00,1779772412.2586145,2026-05-26T05:13:32.258615+00:00,0,0,1,31.6,0.6076022853003278,4,0,1,train
RD_AB_00073_02,CUST_PA00073_02,1779774442.0301974,2026-05-26T07:23:19.097571+00:00,0,2,3,30.7,0.7554666867885742,4,1,1,train
RD_003634,CUST_001532,1779774972.9686186,2026-05-26T05:56:12.968619+00:00,0,0,1,1616.5,0.07741226609964012,1,0,0,train
RD_004143,CUST_001662,1779776250.858276,2026-05-26T06:17:30.858276+00:00,0,0,1,2759.6,0.06485538626069016,1,0,0,train
RD_AB_00073_01,CUST_PA00073_01,1779776319.6179175,2026-05-26T06:16:20.007106+00:00,1,1,2,64.1,0.7744390058082306,4,1,1,train
RD_003958,CUST_003463,1779782893.5196655,2026-05-26T08:08:13.519665+00:00,0,0,1,1061.0,0.6262751443630266,1,0,0,train
RD_003383,CUST_002714,1779783224.925045,2026-05-26T08:13:44.925045+00:00,0,0,1,2058.3,0.09415140541501346,1,0,0,train
RD_000089,CUST_001278,1779784105.2770889,2026-05-26T08:28:25.277089+00:00,0,0,1,1255.3,0.4989616155565944,1,0,0,train
RD_AB_00073_03,CUST_PA00073_03,1779786911.2374527,2026-05-26T08:55:09.465264+00:00,3,3,4,104.7,0.4527793899378066,4,1,1,train
RD_002988,CUST_000171,1779787442.7220633,2026-05-26T09:24:02.722063+00:00,0,0,1,58.9,0.30224773893313556,1,0,0,train
RD_000753,CUST_000290,1779797433.5681918,2026-05-26T12:10:33.568192+00:00,0,0,1,2166.0,0.5755326627245427,1,0,0,train
RD_002541,CUST_004191,1779798403.2729816,2026-05-26T12:26:43.272982+00:00,0,0,1,132.8,0.20848865946686057,1,0,0,train
RD_003007,CUST_003381,1779799627.843303,2026-05-26T12:47:07.843303+00:00,0,0,1,473.6,0.12823713299120706,1,0,0,train
RD_001962,CUST_003526,1779800775.9999583,2026-05-26T13:06:15.999958+00:00,0,0,1,153.8,0.12834508533419506,1,0,0,train
RD_002062,CUST_003364,1779801428.807533,2026-05-26T13:17:08.807533+00:00,0,0,1,1405.3,0.15593095435204352,1,0,0,train
RD_004673,CUST_001239,1779803259.6613524,2026-05-26T13:47:39.661352+00:00,0,0,1,256.1,0.13572784585030445,1,0,0,train
RD_003835,CUST_002742,1779803382.789328,2026-05-26T13:49:42.789328+00:00,0,0,1,422.9,0.47932054380759936,1,0,0,train
RD_001446,CUST_004362,1779803624.5649984,2026-05-26T13:53:44.564998+00:00,0,0,1,96.5,0.4611553304602696,1,0,0,train
RD_000873,CUST_003891,1779805104.770908,2026-05-26T14:18:24.770908+00:00,0,0,1,1860.3,0.15626621290680967,1,0,0,train
RD_002330,CUST_000150,1779810984.4913902,2026-05-26T15:56:24.491390+00:00,0,0,1,70199.0,0.10143116921804952,1,0,0,train
RD_005053,CUST_000148,1779811791.3638687,2026-05-26T16:09:51.363869+00:00,0,0,1,241.0,0.23763916543771135,1,0,0,train
RD_003852,CUST_004396,1779811921.941916,2026-05-26T16:12:01.941916+00:00,0,0,1,17.6,0.6491432235370019,1,0,0,train
RD_004106,CUST_004337,1779813283.2909858,2026-05-26T16:34:43.290986+00:00,0,0,1,853.3,0.45858732219180975,1,0,0,train
RD_003829,CUST_002414,1779815444.0647402,2026-05-26T17:10:44.064740+00:00,0,0,2,2105.5,0.09282673237894136,3,0,0,train
RD_000286,CUST_000749,1779816687.4497018,2026-05-26T17:31:27.449702+00:00,0,0,1,5142.0,0.4614043013935825,1,0,0,train
RD_002672,CUST_002301,1779817592.3955343,2026-05-26T17:46:32.395534+00:00,0,0,1,1341.2,0.053075604541590334,1,0,0,train
RD_002851,CUST_000750,1779818852.8477063,2026-05-26T18:07:32.847706+00:00,0,0,1,2352.6,0.10449807001401906,1,0,0,train
RD_004316,CUST_001610,1779819156.6623454,2026-05-26T18:12:36.662345+00:00,0,0,1,633.3,0.0891542165536974,1,0,0,train
RD_004856,CUST_004337,1779825394.334811,2026-05-26T19:56:34.334811+00:00,0,0,1,2642.7,0.18368141909171082,1,0,0,train
RD_003197,CUST_000547,1779827244.1499102,2026-05-26T20:27:24.149910+00:00,0,0,1,24687.8,0.021426590220089477,1,0,0,train
RD_001293,CUST_002861,1779829497.4443665,2026-05-26T21:04:57.444366+00:00,0,0,1,23909.7,0.16599034050313988,38,0,0,train
RD_002379,CUST_002621,1779830456.1222608,2026-05-26T21:20:56.122261+00:00,1,0,1,2207.1,0.17794040209834563,4,0,0,train
RD_004238,CUST_003172,1779831271.9918246,2026-05-26T21:34:31.991825+00:00,0,0,1,3774.0,0.20660755564963143,1,0,0,train
RD_003225,CUST_003661,1779831967.71347,2026-05-26T21:46:07.713470+00:00,0,0,1,2822.1,0.17516963784057268,1,0,0,train
RD_001343,CUST_002609,1779832728.8528,2026-05-26T21:58:48.852800+00:00,0,0,1,1622.6,0.20905329751673302,1,0,0,train
RD_000201,CUST_003084,1779839023.6023293,2026-05-26T23:43:43.602329+00:00,0,0,1,393.8,0.2277736217465432,1,0,0,train
RD_002651,CUST_000335,1779840641.90115,2026-05-27T00:10:41.901150+00:00,0,0,1,2825.7,0.4483898028569016,1,0,0,train
RD_000779,CUST_000113,1779843453.1338274,2026-05-27T00:57:33.133827+00:00,0,0,1,12618.8,0.11738051368971204,1,0,0,train
RD_000875,CUST_002714,1779844954.4824169,2026-05-27T01:22:34.482417+00:00,0,0,1,299.7,0.26614062150991524,1,0,0,train
RD_003890,CUST_002868,1779846274.6168616,2026-05-27T01:44:34.616862+00:00,0,0,1,2623.0,0.030208377314260394,1,0,0,train
RD_005354,CUST_000082,1779846576.141211,2026-05-27T01:49:36.141211+00:00,0,0,1,171.5,0.052962194983512345,1,0,0,train
RD_002700,CUST_002203,1779846686.121736,2026-05-27T01:51:26.121736+00:00,0,0,1,32517.7,0.2571215229957882,1,0,0,train
RD_000990,CUST_003905,1779847149.8064387,2026-05-27T01:59:09.806439+00:00,0,0,1,588.0,0.4253601208031152,1,0,0,train
RD_001439,CUST_002185,1779851117.8955693,2026-05-27T03:05:17.895569+00:00,0,0,1,1694.2,0.24743831567544833,1,0,0,train
RD_000815,CUST_004362,1779851813.5832505,2026-05-27T03:16:53.583251+00:00,0,0,1,8483.5,0.47405692707176966,1,0,0,train
RD_000752,CUST_001015,1779852264.6313848,2026-05-27T03:24:24.631385+00:00,0,0,1,5915.4,0.3783978147186997,1,0,0,train
RD_002820,CUST_000787,1779854181.4940052,2026-05-27T03:56:21.494005+00:00,0,2,1,7094.4,0.19219966298246788,9,0,0,train
RD_001611,CUST_003553,1779857980.549685,2026-05-27T04:59:40.549685+00:00,0,0,1,57050.0,0.30320779215312965,1,0,0,train
RD_000275,CUST_002946,1779858759.8712165,2026-05-27T05:12:39.871217+00:00,1,0,1,1368.2,0.3023393764799414,3,0,0,train
RD_004774,CUST_000313,1779861355.1640193,2026-05-27T05:55:55.164019+00:00,0,0,1,468.3,0.013789897842486585,1,0,0,train
RD_003528,CUST_003718,1779861685.6482756,2026-05-27T06:01:25.648276+00:00,0,0,2,708.8,0.065632680057547,4,0,0,train
RD_001457,CUST_003920,1779863650.2436068,2026-05-27T06:34:10.243607+00:00,0,0,1,22919.0,0.23342948519592246,1,0,0,train
RD_001819,CUST_001505,1779865680.5914876,2026-05-27T07:08:00.591488+00:00,0,0,1,15790.6,0.14046290959434787,1,0,0,train
RD_002098,CUST_003961,1779865788.0531194,2026-05-27T07:09:48.053119+00:00,0,0,1,6274.5,0.35696419130616713,1,0,0,train
RD_001506,CUST_002216,1779866236.6953037,2026-05-27T07:17:16.695304+00:00,0,0,1,2322.3,0.2178361719736935,1,0,0,train
RD_003002,CUST_003266,1779870788.5559962,2026-05-27T08:33:08.555996+00:00,0,0,1,2993.0,0.06540790119151652,1,0,0,train
RD_005046,CUST_001358,1779871054.2230155,2026-05-27T08:37:34.223016+00:00,0,0,1,5481.9,0.4240307812531616,1,0,0,train
RD_003220,CUST_000592,1779872026.2315664,2026-05-27T08:53:46.231566+00:00,0,0,1,684.4,0.12450056049383479,1,0,0,train
RD_005038,CUST_002050,1779872292.2480996,2026-05-27T08:58:12.248100+00:00,1,0,3,2393.9,0.23348219445086113,4,0,0,train
RD_004986,CUST_002940,1779874404.2207897,2026-05-27T09:33:24.220790+00:00,0,0,1,325.1,0.07711149656837495,1,0,0,train
RD_001215,CUST_002851,1779875889.5152678,2026-05-27T09:58:09.515268+00:00,0,0,1,94.6,0.10433002867455177,1,0,0,train
RD_004629,CUST_000738,1779877081.1543372,2026-05-27T10:18:01.154337+00:00,0,0,1,1064.4,0.05027752409946781,1,0,0,train
RD_002754,CUST_004169,1779878939.7751696,2026-05-27T10:48:59.775170+00:00,0,0,1,1805.2,0.14383593764721392,1,0,0,train
RD_004115,CUST_000661,1779879751.244689,2026-05-27T11:02:31.244689+00:00,0,0,1,11215.8,0.1406480045931683,1,0,0,train
RD_004080,CUST_000456,1779884111.7027795,2026-05-27T12:15:11.702780+00:00,0,0,1,8974.7,0.02956855931244782,1,0,0,train
RD_003966,CUST_004506,1779884175.6607237,2026-05-27T12:16:15.660724+00:00,0,1,1,833.8,0.14509275044628375,14,0,0,train
RD_001700,CUST_001239,1779886256.281725,2026-05-27T12:50:56.281725+00:00,0,0,1,1969.9,0.20269463290295864,1,0,0,train
RD_003042,CUST_003659,1779887919.8820236,2026-05-27T13:18:39.882024+00:00,0,2,1,4728.3,0.27755033775879717,37,0,0,train
RD_001778,CUST_001274,1779889468.5318823,2026-05-27T13:44:28.531882+00:00,0,0,1,5125.4,0.18673250837025343,1,0,0,train
RD_002236,CUST_003586,1779892053.3444047,2026-05-27T14:27:33.344405+00:00,1,0,2,174.0,0.39854598716715095,4,0,0,train
RD_000204,CUST_001174,1779893716.6525023,2026-05-27T14:55:16.652502+00:00,0,0,1,1625.1,0.10277301564159924,1,0,0,train
RD_002446,CUST_002736,1779894291.3376865,2026-05-27T15:04:51.337687+00:00,0,0,1,540.7,0.14789990256451188,1,0,0,train
RD_001964,CUST_002748,1779894921.10844,2026-05-27T15:15:21.108440+00:00,0,0,1,546.5,0.055660640908857965,1,0,0,train
RD_002209,CUST_002098,1779897691.238812,2026-05-27T16:01:31.238812+00:00,1,0,3,358.9,0.10009594583713351,2,0,0,train
RD_004434,CUST_003814,1779897832.1211016,2026-05-27T16:03:52.121102+00:00,0,0,1,30247.5,0.20108244681552806,1,0,0,train
RD_000976,CUST_001666,1779901356.4025035,2026-05-27T17:02:36.402503+00:00,0,0,1,157.7,0.12820966243060258,1,0,0,train
RD_001740,CUST_000269,1779904580.6469853,2026-05-27T17:56:20.646985+00:00,0,0,1,311.7,0.11504674945869799,1,0,0,train
RD_004311,CUST_003258,1779905116.5779932,2026-05-27T18:05:16.577993+00:00,0,0,1,6702.9,0.43488616596406604,1,0,0,train
RD_001657,CUST_003632,1779907832.6988018,2026-05-27T18:50:32.698802+00:00,0,0,1,1322.8,0.2498990174607845,1,0,0,train
RD_001512,CUST_001376,1779907841.4706197,2026-05-27T18:50:41.470620+00:00,0,0,1,1141.7,0.11416953124012486,1,0,0,train
RD_000498,CUST_004077,1779908462.598107,2026-05-27T19:01:02.598107+00:00,0,0,1,1017.7,0.3266284924579806,1,0,0,train
RD_002061,CUST_000000,1779908839.0370414,2026-05-27T19:07:19.037041+00:00,0,0,1,123.3,0.2030821401957138,1,0,0,train
RD_001824,CUST_002038,1779910367.7093976,2026-05-27T19:32:47.709398+00:00,0,0,1,783.4,0.46440250682024864,1,0,0,train
RD_005214,CUST_004500,1779911902.9238486,2026-05-27T19:58:22.923849+00:00,0,0,1,914.5,0.25380957130996334,1,0,0,train
RD_003925,CUST_002946,1779912317.686027,2026-05-27T20:05:17.686027+00:00,0,0,2,458.5,0.07888304397642378,2,0,0,train
RD_002835,CUST_004193,1779913117.5191016,2026-05-27T20:18:37.519102+00:00,0,0,1,4995.6,0.4871805354107421,1,0,0,train
RD_003147,CUST_000912,1779915007.1083894,2026-05-27T20:50:07.108389+00:00,0,0,1,2167.8,0.14401179681616016,12,0,0,train
RD_003559,CUST_000845,1779917111.730137,2026-05-27T21:25:11.730137+00:00,0,0,1,2116.4,0.163756143550618,1,0,0,train
RD_000332,CUST_003025,1779917178.8037279,2026-05-27T21:26:18.803728+00:00,1,0,3,1422.6,0.018159906078203742,4,0,0,train
RD_004907,CUST_000726,1779917315.7182336,2026-05-27T21:28:35.718234+00:00,0,0,1,4926.4,0.06489701610597053,1,0,0,train
RD_000186,CUST_003441,1779918795.771289,2026-05-27T21:53:15.771289+00:00,0,0,1,148.7,0.5540462485185588,1,0,0,train
RD_004840,CUST_004536,1779920626.1871986,2026-05-27T22:23:46.187199+00:00,0,0,1,3753.1,0.4911196108787978,1,0,0,train
RD_000529,CUST_002507,1779921254.087299,2026-05-27T22:34:14.087299+00:00,0,0,1,4368.9,0.26039384822156364,1,0,0,train
RD_000394,CUST_000939,1779922526.3275688,2026-05-27T22:55:26.327569+00:00,0,0,1,1433.4,0.5634127049533982,1,0,0,train
RD_001880,CUST_002141,1779924723.6774004,2026-05-27T23:32:03.677400+00:00,0,0,1,1158.9,0.2426945427712142,1,0,0,train
RD_003553,CUST_004126,1779925355.7354164,2026-05-27T23:42:35.735416+00:00,0,0,1,2578.6,0.5144650015804841,1,0,0,train
RD_003136,CUST_002846,1779926561.3122842,2026-05-28T00:02:41.312284+00:00,0,0,1,4303.3,0.32527874836187026,1,0,0,train
RD_004280,CUST_004467,1779929559.5012088,2026-05-28T00:52:39.501209+00:00,0,0,1,2679.4,0.01785301961594781,1,0,0,train
RD_002727,CUST_000975,1779933656.0335093,2026-05-28T02:00:56.033509+00:00,0,0,1,540.6,0.31414159011990744,1,0,0,train
RD_005045,CUST_000350,1779934202.097993,2026-05-28T02:10:02.097993+00:00,0,1,1,133.1,0.1205220516544921,11,0,0,train
RD_003749,CUST_002076,1779934570.7500784,2026-05-28T02:16:10.750078+00:00,0,0,1,21742.6,0.2802636417609044,1,0,0,train
RD_AB_00074_00,CUST_PA00074_00,1779939100.5101273,2026-05-28T03:31:40.510127+00:00,0,0,1,96.8,0.7282006386686352,6,0,1,train
RD_003983,CUST_004176,1779939407.1456525,2026-05-28T03:36:47.145653+00:00,0,0,1,4493.4,0.1124390544488246,1,0,0,train
RD_001297,CUST_001570,1779940567.831479,2026-05-28T03:56:07.831479+00:00,0,0,2,1562.0,0.487921579165817,2,0,0,train
RD_001945,CUST_004017,1779940609.3335712,2026-05-28T03:56:49.333571+00:00,0,0,1,1206.2,0.17216510314246203,1,0,0,train
RD_AB_00074_01,CUST_PA00074_01,1779941078.930656,2026-05-28T03:54:11.428434+00:00,1,1,2,29.9,0.8600960440306368,6,1,1,train
RD_000397,CUST_002989,1779944079.377907,2026-05-28T04:54:39.377907+00:00,0,0,1,3685.1,0.30577766357748304,1,0,0,train
RD_003531,CUST_003134,1779944864.118269,2026-05-28T05:07:44.118269+00:00,0,0,1,1391.5,0.19648239234158474,3,0,0,train
RD_002905,CUST_003569,1779944904.5872967,2026-05-28T05:08:24.587297+00:00,0,0,1,495.9,0.09520697568175762,1,0,0,train
RD_AB_00074_04,CUST_PA00074_04,1779946423.7491198,2026-05-28T08:49:27.708786+00:00,4,4,5,49.9,0.6581935122467331,6,1,1,train
RD_AB_00074_02,CUST_PA00074_02,1779947966.0840726,2026-05-28T06:23:34.721557+00:00,0,2,3,4.0,0.4432112726810504,6,1,1,train
RD_000526,CUST_003120,1779948554.8381946,2026-05-28T06:09:14.838195+00:00,0,0,1,2305.5,0.3085650199250546,1,0,0,train
RD_000114,CUST_004354,1779948698.5574098,2026-05-28T06:11:38.557410+00:00,0,0,1,46.3,0.08848518208818351,1,0,0,train
RD_004223,CUST_001798,1779949724.429585,2026-05-28T06:28:44.429585+00:00,0,0,1,672.6,0.21969298407342921,1,0,0,train
RD_000031,CUST_001717,1779950721.3652008,2026-05-28T06:45:21.365201+00:00,0,0,1,7021.1,0.49247928646968336,1,0,0,train
RD_AB_00074_05,CUST_PA00074_05,1779952507.3327875,2026-05-28T07:39:32.488480+00:00,5,5,1,18.5,0.740452566842656,6,1,1,train
RD_004255,CUST_001530,1779953842.1855762,2026-05-28T07:37:22.185576+00:00,0,0,1,3003.5,0.4576473235524416,1,0,0,train
RD_005060,CUST_003476,1779954712.331408,2026-05-28T07:51:52.331408+00:00,0,0,1,5823.3,0.3306260670294986,1,0,0,train
RD_AB_00074_03,CUST_PA00074_03,1779954826.0997841,2026-05-28T07:08:16.634954+00:00,0,3,4,237.9,0.8155828765365134,6,1,1,train
RD_001513,CUST_003266,1779956485.5717666,2026-05-28T08:21:25.571767+00:00,0,0,1,7876.6,0.20587121544149498,1,0,0,train
RD_001210,CUST_000462,1779956808.4906766,2026-05-28T08:26:48.490677+00:00,0,0,1,6346.9,0.39944838587255993,1,0,0,train
RD_000317,CUST_002821,1779957175.452767,2026-05-28T08:32:55.452767+00:00,0,0,1,1966.5,0.13139501975347737,1,0,0,train
RD_000798,CUST_000594,1779958650.165645,2026-05-28T08:57:30.165645+00:00,0,2,1,24955.2,0.1976362707162179,37,0,0,train
RD_005425,CUST_004412,1779959464.8319597,2026-05-28T09:11:04.831960+00:00,0,0,1,11225.6,0.6741397599080061,1,0,0,train
RD_005381,CUST_003837,1779960931.6754014,2026-05-28T09:35:31.675401+00:00,0,0,1,327.0,0.12882113080084956,2,0,0,train
RD_004656,CUST_001761,1779963953.5599954,2026-05-28T10:25:53.559995+00:00,0,0,3,9429.9,0.24527885944127392,4,0,0,train
RD_003374,CUST_004477,1779964423.9138033,2026-05-28T10:33:43.913803+00:00,0,2,1,243.6,0.1335836649215106,22,0,0,train
RD_003984,CUST_000128,1779967524.1747875,2026-05-28T11:25:24.174788+00:00,0,0,1,8064.2,0.3490017858255619,1,0,0,train
RD_003436,CUST_000807,1779968704.9967406,2026-05-28T11:45:04.996741+00:00,0,0,1,128.7,0.4685352697264603,1,0,0,train
RD_001676,CUST_001667,1779969030.8429105,2026-05-28T11:50:30.842911+00:00,0,0,1,301.1,0.07954277117513417,1,0,0,train
RD_004410,CUST_002736,1779970183.804681,2026-05-28T12:09:43.804681+00:00,0,0,1,2648.3,0.16662429205215218,1,0,0,train
RD_004939,CUST_000532,1779971635.2844722,2026-05-28T12:33:55.284472+00:00,0,2,1,430.7,0.2817920881252849,33,0,0,train
RD_004315,CUST_004088,1779972500.8341613,2026-05-28T12:48:20.834161+00:00,0,0,1,373.3,0.17438922098123352,1,0,0,train
RD_001837,CUST_000547,1779973449.8139734,2026-05-28T13:04:09.813973+00:00,0,0,1,3576.9,0.2068480565739078,1,0,0,train
RD_000673,CUST_000851,1779973785.3927534,2026-05-28T13:09:45.392753+00:00,0,0,1,11683.8,0.03609565998410201,1,0,0,train
RD_004404,CUST_004386,1779974238.8847694,2026-05-28T13:17:18.884769+00:00,0,0,1,2620.2,0.49580066607033524,1,0,0,train
RD_002948,CUST_000111,1779975593.9456213,2026-05-28T13:39:53.945621+00:00,0,0,1,2180.0,0.12190193110211023,1,0,0,train
RD_003314,CUST_003062,1779976559.7100909,2026-05-28T13:55:59.710091+00:00,0,0,1,65.6,0.22951870601133256,1,0,0,train
RD_002309,CUST_000592,1779978494.4698186,2026-05-28T14:28:14.469819+00:00,0,0,1,2762.0,0.18129035409564784,1,0,0,train
RD_003330,CUST_002634,1779980680.8851109,2026-05-28T15:04:40.885111+00:00,0,0,1,1078.9,0.1719603485879755,1,0,0,train
RD_000493,CUST_003603,1779982390.5607753,2026-05-28T15:33:10.560775+00:00,0,0,1,2002.2,0.5040908648450191,1,0,0,train
RD_003339,CUST_001667,1779983428.7991548,2026-05-28T15:50:28.799155+00:00,0,0,1,5688.9,0.04214616473102625,1,0,0,train
RD_002578,CUST_001270,1779984383.572874,2026-05-28T16:06:23.572874+00:00,0,0,1,1060.2,0.32298201740689486,15,0,0,train
RD_000736,CUST_002601,1779987048.205364,2026-05-28T16:50:48.205364+00:00,0,0,1,359.3,0.2293635485489665,1,0,0,train
RD_003768,CUST_004162,1779992497.589121,2026-05-28T18:21:37.589121+00:00,0,0,1,478.6,0.38343109008550125,1,0,0,train
RD_000974,CUST_002359,1779993366.937554,2026-05-28T18:36:06.937554+00:00,0,0,1,2004.4,0.0775090119087108,1,0,0,train
RD_004363,CUST_001575,1779994388.1177127,2026-05-28T18:53:08.117713+00:00,0,0,1,194.5,0.21035303085614704,1,0,0,train
RD_002441,CUST_001567,1779994510.6541207,2026-05-28T18:55:10.654121+00:00,0,0,1,2540.9,0.11627926819760331,1,0,0,train
RD_001565,CUST_000735,1780001494.2016997,2026-05-28T20:51:34.201700+00:00,0,0,1,6.4,0.05651729609160461,1,0,0,train
RD_004470,CUST_004509,1780004049.7944117,2026-05-28T21:34:09.794412+00:00,0,0,1,1017.3,0.664842705407997,1,0,0,train
RD_005237,CUST_004500,1780005263.7674584,2026-05-28T21:54:23.767458+00:00,0,0,1,3704.6,0.36999741095662264,1,0,0,train
RD_003192,CUST_003641,1780005841.5573835,2026-05-28T22:04:01.557384+00:00,0,0,1,23658.5,0.19749991481328,1,0,0,train
RD_001807,CUST_000731,1780008689.6506681,2026-05-28T22:51:29.650668+00:00,0,0,1,5579.4,0.5362804942994394,1,0,0,train
RD_002861,CUST_000849,1780010427.15042,2026-05-28T23:20:27.150420+00:00,0,0,1,21968.1,0.1782885277163292,1,0,0,train
RD_003349,CUST_002858,1780010799.5913708,2026-05-28T23:26:39.591371+00:00,0,0,1,49.5,0.34050291859365867,1,0,0,train
RD_002494,CUST_000064,1780010825.1009533,2026-05-28T23:27:05.100953+00:00,1,0,1,8775.4,0.15265552048689654,3,0,0,train
RD_002748,CUST_002742,1780012189.4154468,2026-05-28T23:49:49.415447+00:00,0,0,1,1108.2,0.234730861789898,1,0,0,train
RD_005466,CUST_000626,1780015204.7493184,2026-05-29T00:40:04.749318+00:00,0,0,1,3248.1,0.4768724421995602,1,0,0,train
RD_001829,CUST_001577,1780015560.593621,2026-05-29T00:46:00.593621+00:00,0,0,1,2324.1,0.2721082634427683,1,0,0,train
RD_004395,CUST_003365,1780016233.4190063,2026-05-29T00:57:13.419006+00:00,0,0,1,369.3,0.18098149194944466,1,0,0,train
RD_000693,CUST_000912,1780016987.532853,2026-05-29T01:09:47.532853+00:00,0,2,1,5481.0,0.0691149051323108,14,0,0,train
RD_004911,CUST_002045,1780017095.1930501,2026-05-29T01:11:35.193050+00:00,0,0,1,3482.2,0.0538561125389038,1,0,0,train
RD_003590,CUST_003359,1780017207.2561371,2026-05-29T01:13:27.256137+00:00,0,2,1,6594.7,0.265404474995402,32,0,0,train
RD_002287,CUST_001545,1780018890.8503928,2026-05-29T01:41:30.850393+00:00,0,0,1,3360.3,0.020137567744468437,1,0,0,train
RD_004337,CUST_003555,1780020617.655623,2026-05-29T02:10:17.655623+00:00,0,0,1,1139.0,0.14730867126263936,1,0,0,train
RD_005212,CUST_000062,1780021317.6820612,2026-05-29T02:21:57.682061+00:00,0,2,1,1602.6,0.1989961831426082,12,0,0,train
RD_004228,CUST_003086,1780024989.5721207,2026-05-29T03:23:09.572121+00:00,0,2,1,1612.3,0.15733084794047938,34,0,0,train
RD_002473,CUST_002392,1780026142.6322107,2026-05-29T03:42:22.632211+00:00,0,0,1,845.2,0.1549121664696109,1,0,0,train
RD_002686,CUST_001115,1780028243.1863785,2026-05-29T04:17:23.186378+00:00,0,0,1,4552.4,0.03730968814624688,1,0,0,train
RD_004551,CUST_001248,1780028812.817342,2026-05-29T04:26:52.817342+00:00,0,0,1,16225.7,0.17867775165367167,2,0,0,train
RD_003602,CUST_004038,1780029301.12504,2026-05-29T04:35:01.125040+00:00,0,0,1,3330.6,0.007836299409531814,1,0,0,train
RD_003912,CUST_003525,1780030572.9753613,2026-05-29T04:56:12.975361+00:00,0,0,1,2148.9,0.38248728778429525,1,0,0,train
RD_003207,CUST_001135,1780030699.6788385,2026-05-29T04:58:19.678838+00:00,0,0,1,552.8,0.022501002058367137,1,0,0,train
RD_004589,CUST_003762,1780031757.337109,2026-05-29T05:15:57.337109+00:00,0,0,1,291.1,0.18825299633614825,1,0,0,train
RD_002639,CUST_003136,1780032097.462443,2026-05-29T05:21:37.462443+00:00,0,0,1,1359.9,0.3338687299673013,1,0,0,train
RD_004251,CUST_002946,1780032431.05418,2026-05-29T05:27:11.054180+00:00,0,0,3,508.3,0.323462542843579,3,0,0,train
RD_AB_00075_00,CUST_PA00075_00,1780034069.8870234,2026-05-29T05:54:29.887023+00:00,0,0,1,19.4,0.7231965231930485,4,0,1,train
RD_000876,CUST_003266,1780036565.8208756,2026-05-29T06:36:05.820876+00:00,0,0,1,5215.9,0.11976550111070958,1,0,0,train
RD_AB_00075_01,CUST_PA00075_01,1780039045.5526977,2026-05-29T06:13:45.652159+00:00,1,1,1,18.8,0.7698336483390016,4,1,1,train
RD_001972,CUST_000986,1780040685.3056579,2026-05-29T07:44:45.305658+00:00,0,0,1,6100.2,0.158725969985742,1,0,0,train
RD_AB_00075_02,CUST_PA00075_02,1780040999.3691711,2026-05-29T08:46:04.197193+00:00,2,2,3,54.9,0.5525244074502506,4,1,1,train
RD_001236,CUST_001682,1780043063.9823697,2026-05-29T08:24:23.982370+00:00,0,2,1,22539.2,0.271693172793191,11,0,0,train
RD_AB_00075_03,CUST_PA00075_03,1780044759.1486976,2026-05-29T07:05:33.221363+00:00,3,3,4,116.0,0.7123103592841756,4,1,1,train
RD_002307,CUST_002913,1780044946.5031686,2026-05-29T08:55:46.503169+00:00,0,0,1,6946.0,0.08848774810045956,1,0,0,train
RD_003335,CUST_002791,1780045109.7414625,2026-05-29T08:58:29.741462+00:00,0,0,1,2253.5,0.13465401345211445,1,0,0,train
RD_003068,CUST_002061,1780053423.7512748,2026-05-29T11:17:03.751275+00:00,0,0,1,895.3,0.1867151578273148,1,0,0,train
RD_002868,CUST_000999,1780055120.8589013,2026-05-29T11:45:20.858901+00:00,0,0,1,791.4,0.063869302417702,1,0,0,train
RD_001790,CUST_001429,1780059939.25569,2026-05-29T13:05:39.255690+00:00,0,0,1,1071.4,0.25578856600999467,1,0,0,train
RD_001716,CUST_001082,1780062896.8358798,2026-05-29T13:54:56.835880+00:00,0,0,1,2010.2,0.1690383904672147,1,0,0,train
RD_003637,CUST_002723,1780065760.853072,2026-05-29T14:42:40.853072+00:00,0,0,1,8021.4,0.29499203934221296,1,0,0,train
RD_005173,CUST_001945,1780068961.9018998,2026-05-29T15:36:01.901900+00:00,0,0,1,557.3,0.044228453259663666,1,0,0,train
RD_003149,CUST_000775,1780072509.201422,2026-05-29T16:35:09.201422+00:00,0,0,1,1645.8,0.1344168251258554,1,0,0,train
RD_001132,CUST_003463,1780073015.8304675,2026-05-29T16:43:35.830467+00:00,0,0,1,5294.6,0.008554108555179924,1,0,0,train
RD_004871,CUST_000527,1780078310.370395,2026-05-29T18:11:50.370395+00:00,0,0,1,2949.8,0.10945356406236241,1,0,0,train
RD_003050,CUST_001135,1780078928.0200708,2026-05-29T18:22:08.020071+00:00,0,0,1,683.5,0.2554393627446441,1,0,0,train
RD_000506,CUST_001100,1780079526.435947,2026-05-29T18:32:06.435947+00:00,0,0,1,9004.0,0.17651840748434092,1,0,0,train
RD_003770,CUST_004442,1780079628.2674365,2026-05-29T18:33:48.267437+00:00,0,0,1,12095.3,0.5046759345809996,1,0,0,train
RD_004737,CUST_002791,1780081731.4783657,2026-05-29T19:08:51.478366+00:00,0,0,1,186.9,0.3870783200822638,1,0,0,train
RD_003643,CUST_003801,1780083564.958772,2026-05-29T19:39:24.958772+00:00,0,0,1,3117.7,0.3719028048032386,1,0,0,train
RD_004389,CUST_002678,1780083857.7047846,2026-05-29T19:44:17.704785+00:00,0,0,1,151.0,0.027927822886526094,1,0,0,train
RD_004842,CUST_001570,1780084836.801086,2026-05-29T20:00:36.801086+00:00,1,0,2,552.1,0.32090078678046075,4,0,0,train
RD_000708,CUST_002453,1780085538.857911,2026-05-29T20:12:18.857911+00:00,0,0,1,1091.2,0.21094257688096363,1,0,0,train
RD_003955,CUST_002605,1780086660.0112598,2026-05-29T20:31:00.011260+00:00,0,0,1,553.4,0.16622713625545862,1,0,0,train
RD_004751,CUST_002609,1780087816.488442,2026-05-29T20:50:16.488442+00:00,0,0,1,7335.4,0.26577810290151493,1,0,0,train
RD_AB_00043_00,CUST_PA00043_00,1780093246.1290743,2026-05-29T22:20:46.129074+00:00,0,0,1,7.2,0.6018611594718902,6,0,1,train
RD_003297,CUST_001364,1780093279.0567262,2026-05-29T22:21:19.056726+00:00,0,0,1,62.6,0.36758565296357176,1,0,0,train
RD_003993,CUST_002594,1780093695.4289556,2026-05-29T22:28:15.428956+00:00,1,0,3,6618.7,0.12420353767548852,4,0,0,train
RD_AB_00043_04,CUST_PA00043_04,1780094311.4490983,2026-05-30T02:00:06.516883+00:00,4,4,1,10.1,0.3051320648481156,6,0,1,train
RD_AB_00043_01,CUST_PA00043_01,1780094680.8993843,2026-05-29T23:32:47.678741+00:00,1,1,2,80.0,0.6102856430696041,6,0,1,train
RD_AB_00043_02,CUST_PA00043_02,1780096126.548004,2026-05-29T23:42:41.051514+00:00,2,2,3,8.8,0.9465610173588092,6,0,1,train
RD_000956,CUST_003493,1780099552.88494,2026-05-30T00:05:52.884940+00:00,0,0,1,5327.8,0.2954431183321565,1,0,0,train
RD_000091,CUST_002517,1780100096.4888847,2026-05-30T00:14:56.488885+00:00,0,0,1,4754.0,0.35153264684291596,1,0,0,train
RD_AB_00043_05,CUST_PA00043_05,1780102267.3866563,2026-05-30T00:17:19.558108+00:00,0,5,6,53.4,0.6847783494715006,6,0,1,train
RD_AB_00043_03,CUST_PA00043_03,1780102943.767429,2026-05-29T23:29:53.503031+00:00,3,3,4,18.6,0.8390195725431685,6,0,1,train
RD_005196,CUST_001271,1780104190.9647038,2026-05-30T01:23:10.964704+00:00,0,0,1,2101.4,0.5098463599045199,1,0,0,train
RD_001164,CUST_003787,1780106119.8192217,2026-05-30T01:55:19.819222+00:00,0,0,1,83556.3,0.2995496645009331,1,0,0,train
RD_003503,CUST_000564,1780113064.674462,2026-05-30T03:51:04.674462+00:00,0,0,1,158.6,0.2613714040927757,1,0,0,train
RD_000402,CUST_002203,1780113137.1272776,2026-05-30T03:52:17.127278+00:00,0,0,1,907.1,0.11222972205694516,1,0,0,train
RD_005284,CUST_001068,1780115458.384451,2026-05-30T04:30:58.384451+00:00,0,2,1,452.7,0.2516608072482729,37,0,0,train
RD_001620,CUST_000393,1780120396.1236954,2026-05-30T05:53:16.123695+00:00,1,0,3,2062.4,0.06444300449137871,2,0,0,train
RD_005418,CUST_002678,1780120979.2496462,2026-05-30T06:02:59.249646+00:00,0,0,1,803.6,0.252570521807307,1,0,0,train
RD_001578,CUST_000543,1780124364.890144,2026-05-30T06:59:24.890144+00:00,0,0,1,1033.2,0.3772894679850968,1,0,0,train
RD_001201,CUST_003336,1780126598.5137403,2026-05-30T07:36:38.513740+00:00,0,0,1,3874.2,0.1642003218809095,1,0,0,train
RD_005336,CUST_000194,1780134925.0290866,2026-05-30T09:55:25.029087+00:00,0,0,1,1116.2,0.2051956111559653,1,0,0,train
RD_002181,CUST_004494,1780137190.1787508,2026-05-30T10:33:10.178751+00:00,0,0,1,1415.2,0.45657273786638897,1,0,0,train
RD_001238,CUST_001135,1780137447.818526,2026-05-30T10:37:27.818526+00:00,0,0,1,5986.8,0.07270167963560273,1,0,0,train
RD_003937,CUST_002421,1780138588.2640994,2026-05-30T10:56:28.264099+00:00,0,0,1,531.4,0.5025610135690396,1,0,0,train
RD_005207,CUST_004103,1780140807.876063,2026-05-30T11:33:27.876063+00:00,0,0,1,364.2,0.09554527987352572,1,0,0,train
RD_003209,CUST_000127,1780146414.5520222,2026-05-30T13:06:54.552022+00:00,0,2,1,2245.3,0.021308994482736696,37,0,0,train
RD_003687,CUST_000485,1780148607.5606422,2026-05-30T13:43:27.560642+00:00,0,0,1,15172.5,0.26334649209016947,1,0,0,train
RD_004505,CUST_002855,1780150577.895917,2026-05-30T14:16:17.895917+00:00,0,0,1,1379.3,0.0847938149032387,1,0,0,train
RD_002944,CUST_000506,1780152526.1211119,2026-05-30T14:48:46.121112+00:00,0,0,3,14476.7,0.34315544887690463,3,0,0,train
RD_003367,CUST_000272,1780154415.4477086,2026-05-30T15:20:15.447709+00:00,0,0,1,479.7,0.1596305844830389,1,0,0,train
RD_004351,CUST_001761,1780154434.688245,2026-05-30T15:20:34.688245+00:00,0,0,3,4305.6,0.39873589638581186,2,0,0,train
RD_002557,CUST_002601,1780154624.5292497,2026-05-30T15:23:44.529250+00:00,0,0,1,525.9,0.2680737581666876,1,0,0,train
RD_005426,CUST_001155,1780155030.2554095,2026-05-30T15:30:30.255409+00:00,0,1,1,737.5,0.2722079456321657,21,0,0,train
RD_005191,CUST_000702,1780155045.1928804,2026-05-30T15:30:45.192880+00:00,0,0,1,1925.8,0.19064150205816277,1,0,0,train
RD_001124,CUST_004418,1780156439.28261,2026-05-30T15:53:59.282610+00:00,0,0,1,5316.9,0.1989911029978981,1,0,0,train
RD_000012,CUST_001822,1780157224.820767,2026-05-30T16:07:04.820767+00:00,0,0,1,1450.1,0.017098137956054013,1,0,0,train
RD_002414,CUST_001120,1780158991.0679007,2026-05-30T16:36:31.067901+00:00,0,0,1,19437.2,0.049632893260920054,4,0,0,train
RD_000449,CUST_000922,1780159041.0048707,2026-05-30T16:37:21.004871+00:00,0,0,1,7502.9,0.0559832222619336,1,0,0,train
RD_003303,CUST_003901,1780163061.843837,2026-05-30T17:44:21.843837+00:00,0,0,1,14963.4,0.41856598015688606,1,0,0,train
RD_003864,CUST_004354,1780163134.793037,2026-05-30T17:45:34.793037+00:00,0,0,1,437.0,0.10210889933389306,1,0,0,train
RD_004762,CUST_003775,1780163536.669068,2026-05-30T17:52:16.669068+00:00,0,0,1,26011.7,0.3606234651378671,1,0,0,train
RD_004289,CUST_003760,1780164468.1860604,2026-05-30T18:07:48.186060+00:00,0,0,1,23281.1,0.34180930220430666,1,0,0,train
RD_003547,CUST_001789,1780168101.0986109,2026-05-30T19:08:21.098611+00:00,0,0,1,225.7,0.11042406967750364,1,0,0,train
RD_001334,CUST_000901,1780168396.2600467,2026-05-30T19:13:16.260047+00:00,0,0,1,3957.4,0.2947265088990759,1,0,0,train
RD_000295,CUST_001512,1780169125.1013248,2026-05-30T19:25:25.101325+00:00,0,0,1,143.4,0.30539006077659825,1,0,0,train
RD_001425,CUST_002232,1780173858.7426202,2026-05-30T20:44:18.742620+00:00,0,0,1,724.9,0.2706132953155763,1,0,0,train
RD_000833,CUST_002366,1780176726.3299413,2026-05-30T21:32:06.329941+00:00,0,0,1,10961.8,0.14287197367611948,1,0,0,train
RD_005172,CUST_003170,1780177186.2396915,2026-05-30T21:39:46.239691+00:00,0,0,1,761.5,0.2963386705732146,1,0,0,train
RD_005061,CUST_003353,1780179278.2016408,2026-05-30T22:14:38.201641+00:00,0,0,1,8608.2,0.013776180877447237,1,0,0,train
RD_000468,CUST_001155,1780182900.0821962,2026-05-30T23:15:00.082196+00:00,0,1,1,4121.1,0.07253468126400958,17,0,0,train
RD_005028,CUST_001717,1780185100.9460802,2026-05-30T23:51:40.946080+00:00,0,0,1,1541.7,0.118711637304624,1,0,0,train
RD_003414,CUST_001853,1780185690.853269,2026-05-31T00:01:30.853269+00:00,0,0,1,4549.7,0.09186268020364856,1,0,0,train
RD_004634,CUST_003182,1780188383.7703133,2026-05-31T00:46:23.770313+00:00,0,0,1,2106.3,0.19328800600613175,1,0,0,train
RD_002798,CUST_001512,1780191916.261981,2026-05-31T01:45:16.261981+00:00,0,0,1,21.9,0.15675855609424663,1,0,0,train
RD_004625,CUST_003476,1780193832.196751,2026-05-31T02:17:12.196751+00:00,0,0,1,5036.1,0.18365994008071637,1,0,0,train
RD_004581,CUST_002392,1780195209.1779141,2026-05-31T02:40:09.177914+00:00,0,0,1,19561.2,0.12589584649012375,1,0,0,train
RD_002661,CUST_002005,1780195313.7729073,2026-05-31T02:41:53.772907+00:00,0,0,1,1777.9,0.13571152021033098,1,0,0,train
RD_002433,CUST_003555,1780197114.6025746,2026-05-31T03:11:54.602575+00:00,0,0,1,19390.2,0.12234571709187488,1,0,0,train
RD_002975,CUST_000701,1780198256.2243474,2026-05-31T03:30:56.224347+00:00,0,0,1,12573.6,0.4057884879738067,1,0,0,train
RD_000075,CUST_002557,1780200884.8865368,2026-05-31T04:14:44.886537+00:00,0,0,1,233.4,0.1954241563320467,1,0,0,train
RD_003717,CUST_002876,1780201103.1148067,2026-05-31T04:18:23.114807+00:00,0,0,1,859.4,0.47845887115670144,1,0,0,train
RD_004034,CUST_002575,1780201174.7604856,2026-05-31T04:19:34.760486+00:00,0,2,1,5408.0,0.15390250880112097,10,0,0,train
RD_002319,CUST_002946,1780202822.185789,2026-05-31T04:47:02.185789+00:00,1,0,2,23548.0,0.11518484820775877,2,0,0,train
RD_000455,CUST_000738,1780203738.8725963,2026-05-31T05:02:18.872596+00:00,0,0,1,292.6,0.10659320198901803,1,0,0,train
RD_000067,CUST_002605,1780205498.1082394,2026-05-31T05:31:38.108239+00:00,0,0,1,1026.1,0.3760767704829794,1,0,0,train
RD_002593,CUST_001435,1780209444.6245444,2026-05-31T06:37:24.624544+00:00,0,0,1,272.1,0.07657626071784897,1,0,0,train
RD_002888,CUST_002679,1780211681.720324,2026-05-31T07:14:41.720324+00:00,0,0,1,2944.7,0.028499665688957176,1,0,0,train
RD_005385,CUST_003244,1780213273.997319,2026-05-31T07:41:13.997319+00:00,0,0,1,243.4,0.09083133257457048,1,0,0,train
RD_002644,CUST_000272,1780214031.9035006,2026-05-31T07:53:51.903501+00:00,0,0,1,1279.7,0.25876218244531524,1,0,0,train
RD_005118,CUST_003011,1780214196.0809407,2026-05-31T07:56:36.080941+00:00,0,0,1,3016.7,0.07064503005899639,1,0,0,train
RD_002457,CUST_002002,1780215421.5982327,2026-05-31T08:17:01.598233+00:00,0,0,1,822.3,0.09797368433112266,1,0,0,train
RD_004639,CUST_002577,1780217757.9087796,2026-05-31T08:55:57.908780+00:00,0,0,1,1112.2,0.19398948963619644,1,0,0,train
RD_001257,CUST_002722,1780219059.7803893,2026-05-31T09:17:39.780389+00:00,0,0,1,3373.1,0.24864255420512615,1,0,0,train
RD_001957,CUST_000807,1780220711.4183352,2026-05-31T09:45:11.418335+00:00,0,0,1,1024.6,0.15632794528983116,1,0,0,train
RD_001779,CUST_000901,1780221275.4964232,2026-05-31T09:54:35.496423+00:00,0,0,1,583.9,0.2838680593002807,1,0,0,train
RD_002860,CUST_003403,1780223108.3017654,2026-05-31T10:25:08.301765+00:00,0,0,1,1646.3,0.43140151853075825,1,0,0,train
RD_003123,CUST_000753,1780224153.1665907,2026-05-31T10:42:33.166591+00:00,0,0,1,695.2,0.05820123637925351,1,0,0,train
RD_005282,CUST_004330,1780226586.334614,2026-05-31T11:23:06.334614+00:00,0,0,1,1312.3,0.1530371603683225,1,0,0,train
RD_002168,CUST_000385,1780227432.4733827,2026-05-31T11:37:12.473383+00:00,0,0,1,530.0,0.04387125352713672,1,0,0,train
RD_000274,CUST_000462,1780228694.5873475,2026-05-31T11:58:14.587348+00:00,0,0,1,903.4,0.15771806728865181,1,0,0,train
RD_001743,CUST_003661,1780229348.758158,2026-05-31T12:09:08.758158+00:00,0,0,1,633.0,0.2257886113708909,1,0,0,train
RD_003211,CUST_002232,1780230017.4497938,2026-05-31T12:20:17.449794+00:00,0,0,1,17764.6,0.143094856135075,1,0,0,train
RD_003655,CUST_003449,1780231700.1735902,2026-05-31T12:48:20.173590+00:00,0,0,1,323.6,0.17170572530885725,1,0,0,train
RD_001014,CUST_003704,1780232135.723041,2026-05-31T12:55:35.723041+00:00,0,0,1,484.8,0.11256609958792711,1,0,0,train
RD_002787,CUST_002245,1780235261.9858825,2026-05-31T13:47:41.985883+00:00,0,0,1,375.6,0.4310724670794742,1,0,0,train
RD_003492,CUST_004103,1780238085.8017206,2026-05-31T14:34:45.801721+00:00,0,0,1,362.4,0.20135115667546594,1,0,0,train
RD_004415,CUST_002782,1780238473.1313455,2026-05-31T14:41:13.131346+00:00,0,0,1,10665.8,0.30339829092619,1,0,0,train
RD_003504,CUST_003695,1780239046.5734587,2026-05-31T14:50:46.573459+00:00,0,0,1,13261.8,0.41707631898943825,1,0,0,train
RD_003182,CUST_002573,1780241503.3792844,2026-05-31T15:31:43.379284+00:00,0,0,1,661.1,0.23038799948340277,1,0,0,train
RD_001494,CUST_000085,1780242278.5789483,2026-05-31T15:44:38.578948+00:00,0,0,1,1227.3,0.016991125843855495,8,0,0,train
RD_004660,CUST_001141,1780244582.9737675,2026-05-31T16:23:02.973768+00:00,0,0,1,5919.1,0.24519684836045053,1,0,0,train
RD_001464,CUST_004509,1780244742.0383766,2026-05-31T16:25:42.038377+00:00,0,0,1,55213.6,0.20692393133857698,1,0,0,train
RD_000645,CUST_002722,1780246760.0238318,2026-05-31T16:59:20.023832+00:00,0,0,1,1069.9,0.19811339043928156,1,0,0,train
RD_005007,CUST_003239,1780247205.7206528,2026-05-31T17:06:45.720653+00:00,0,2,1,2822.2,0.31730042789855295,38,0,0,train
RD_000421,CUST_002185,1780247735.0405452,2026-05-31T17:15:35.040545+00:00,0,0,1,2325.6,0.09818517897173062,1,0,0,train
RD_004343,CUST_000167,1780247878.115583,2026-05-31T17:17:58.115583+00:00,0,0,1,2928.8,0.47894835766298066,1,0,0,train
RD_000781,CUST_002100,1780252710.438563,2026-05-31T18:38:30.438563+00:00,0,2,1,1984.8,0.13541335636888804,26,0,0,train
RD_000634,CUST_002438,1780258492.8513393,2026-05-31T20:14:52.851339+00:00,0,0,1,230.3,0.1228665054956266,1,0,0,train
RD_002458,CUST_003880,1780259211.6130297,2026-05-31T20:26:51.613030+00:00,0,0,1,688.6,0.2634792057703583,1,0,0,train
RD_005203,CUST_003321,1780261011.0421503,2026-05-31T20:56:51.042150+00:00,0,0,1,3260.9,0.3031004419871089,1,0,0,train
RD_003070,CUST_001583,1780261436.966905,2026-05-31T21:03:56.966905+00:00,0,0,1,1140.3,0.520291502970827,1,0,0,train
RD_004071,CUST_000272,1780262894.2883027,2026-05-31T21:28:14.288303+00:00,0,0,1,1583.5,0.4474749645380702,1,0,0,train
RD_001540,CUST_000775,1780264308.8715549,2026-05-31T21:51:48.871555+00:00,0,0,1,2254.7,0.327925454803627,1,0,0,train
RD_005312,CUST_000833,1780267301.0741096,2026-05-31T22:41:41.074110+00:00,0,0,1,1371.0,0.047335122670291246,1,0,0,train
RD_003702,CUST_003845,1780270032.0764012,2026-05-31T23:27:12.076401+00:00,0,0,1,1786.3,0.15218231030946547,1,0,0,train
RD_001952,CUST_002439,1780270288.018672,2026-05-31T23:31:28.018672+00:00,0,2,1,937.7,0.01003117112252504,30,0,0,train
RD_001915,CUST_002141,1780271564.9142392,2026-05-31T23:52:44.914239+00:00,0,0,1,4917.6,0.036471877153903084,1,0,0,train
RD_002747,CUST_003265,1780273315.1482384,2026-06-01T00:21:55.148238+00:00,0,0,1,631.4,0.14473343330273084,1,0,0,train
RD_001551,CUST_003718,1780273981.63745,2026-06-01T00:33:01.637450+00:00,0,0,1,919.3,0.3781331517847927,4,0,0,train
RD_001857,CUST_004164,1780274228.0378337,2026-06-01T00:37:08.037834+00:00,0,0,1,5816.5,0.2328098747828053,1,0,0,train
RD_004101,CUST_003058,1780278337.673188,2026-06-01T01:45:37.673188+00:00,0,0,1,708.8,0.2692225872990657,1,0,0,train
RD_002965,CUST_000475,1780278623.8525004,2026-06-01T01:50:23.852500+00:00,0,0,1,14224.6,0.14324188838335394,1,0,0,train
RD_001992,CUST_000866,1780279029.333994,2026-06-01T01:57:09.333994+00:00,0,0,1,63391.0,0.11327464895628844,1,0,0,train
RD_001893,CUST_001281,1780279962.7404275,2026-06-01T02:12:42.740427+00:00,0,2,1,1380.4,0.079625875860153,9,0,0,train
RD_003226,CUST_003612,1780282237.5124736,2026-06-01T02:50:37.512474+00:00,0,0,1,2344.2,0.22564423925501878,1,0,0,train
RD_002597,CUST_001397,1780283489.8039222,2026-06-01T03:11:29.803922+00:00,1,0,2,465.0,0.08960384609525333,3,0,0,train
RD_004775,CUST_003531,1780283610.618636,2026-06-01T03:13:30.618636+00:00,0,0,1,3471.1,0.16505182656461131,1,0,0,train
RD_002184,CUST_000975,1780288735.3694136,2026-06-01T04:38:55.369414+00:00,0,0,1,346.6,0.1747532610360507,1,0,0,train
RD_000571,CUST_001662,1780291007.9809794,2026-06-01T05:16:47.980979+00:00,0,0,1,130.5,0.19565804953454574,1,0,0,train
RD_001618,CUST_004418,1780291230.4977891,2026-06-01T05:20:30.497789+00:00,0,0,1,15.6,0.15138431710019323,1,0,0,train
RD_002881,CUST_001453,1780292554.895561,2026-06-01T05:42:34.895561+00:00,0,0,1,1582.7,0.1430537358485747,1,0,0,train
RD_004000,CUST_001752,1780293867.7249281,2026-06-01T06:04:27.724928+00:00,0,0,1,195.0,0.1587397329364695,1,0,0,train
RD_AB_00003_00,CUST_PA00003_00,1780302331.3235288,2026-06-01T08:25:31.323529+00:00,0,0,1,9.2,0.6699519134810066,8,0,1,train
RD_005321,CUST_000529,1780303488.3366394,2026-06-01T08:44:48.336639+00:00,0,0,1,11815.7,0.1386039173356852,1,0,0,train
RD_003395,CUST_004121,1780303660.979974,2026-06-01T08:47:40.979974+00:00,0,0,1,322.3,0.1705712951434077,1,0,0,train
RD_AB_00003_01,CUST_PA00003_01,1780304330.5843484,2026-06-01T09:26:24.722140+00:00,1,1,2,17.3,0.5506063755489226,8,1,1,train
RD_002937,CUST_000209,1780305148.671507,2026-06-01T09:12:28.671507+00:00,0,0,1,14796.3,0.344718981715279,1,0,0,train
RD_002110,CUST_004336,1780305906.5763113,2026-06-01T09:25:06.576311+00:00,0,0,1,20699.3,0.1156274991133464,1,0,0,train
RD_AB_00003_03,CUST_PA00003_03,1780307633.3703961,2026-06-01T10:01:20.987318+00:00,3,3,1,8.2,0.593091748967172,8,1,1,train
RD_005281,CUST_002842,1780307836.618365,2026-06-01T09:57:16.618365+00:00,0,0,1,2947.7,0.28066171643532456,1,0,0,train
RD_002218,CUST_003797,1780308466.6548674,2026-06-01T10:07:46.654867+00:00,0,0,3,7276.8,0.28434830199830635,4,0,0,train
RD_AB_00003_02,CUST_PA00003_02,1780309487.587762,2026-06-01T10:51:03.949410+00:00,0,2,1,85.6,0.563062801245867,8,1,1,train
RD_001888,CUST_000809,1780311434.8636668,2026-06-01T10:57:14.863667+00:00,0,0,1,7616.7,0.26762929226885146,1,0,0,train
RD_002077,CUST_003845,1780314274.0561912,2026-06-01T11:44:34.056191+00:00,0,0,1,485.8,0.28112672925412424,1,0,0,train
RD_000411,CUST_002934,1780315487.1564946,2026-06-01T12:04:47.156495+00:00,0,0,1,10377.8,0.03146062493530623,1,0,0,train
RD_AB_00003_05,CUST_PA00003_05,1780315612.5429523,2026-06-01T11:27:06.307768+00:00,5,5,6,40.1,0.7615535933995766,8,1,1,train
RD_AB_00003_07,CUST_PA00003_07,1780316042.64036,2026-06-01T10:53:44.813327+00:00,7,7,8,12.0,0.5774313486421021,8,1,1,train
RD_002614,CUST_000082,1780317646.2050533,2026-06-01T12:40:46.205053+00:00,0,0,1,10681.6,0.24834371518149673,1,0,0,train
RD_AB_00003_04,CUST_PA00003_04,1780319162.526881,2026-06-01T09:59:47.403120+00:00,0,4,5,10.6,0.9330672787751635,8,1,1,train
RD_003722,CUST_002621,1780319462.6936543,2026-06-01T13:11:02.693654+00:00,0,0,1,1182.6,0.08135475967772032,2,0,0,train
RD_002366,CUST_000305,1780319678.8818827,2026-06-01T13:14:38.881883+00:00,0,0,1,303.1,0.2515917321175679,4,0,0,train
RD_000127,CUST_000167,1780319981.8312464,2026-06-01T13:19:41.831246+00:00,0,0,1,1958.0,0.49140020765686404,1,0,0,train
RD_002033,CUST_004386,1780322319.6369889,2026-06-01T13:58:39.636989+00:00,0,0,1,3842.2,0.17691425635072364,1,0,0,train
RD_003416,CUST_002318,1780323322.6099877,2026-06-01T14:15:22.609988+00:00,0,0,1,1891.9,0.2314787144848021,1,0,0,train
RD_003421,CUST_000220,1780323847.6617131,2026-06-01T14:24:07.661713+00:00,0,0,1,268.5,0.022660096289431556,1,0,0,train
RD_001653,CUST_001515,1780326351.3580632,2026-06-01T15:05:51.358063+00:00,0,0,3,3151.4,0.3416751817055571,3,0,0,train
RD_AB_00003_06,CUST_PA00003_06,1780326892.7503202,2026-06-01T12:08:17.671144+00:00,0,6,7,15.4,0.7191519726181498,8,1,1,train
RD_004478,CUST_000781,1780328134.895796,2026-06-01T15:35:34.895796+00:00,0,0,1,15732.4,0.13518030266920728,1,0,0,train
RD_002300,CUST_004418,1780331081.271427,2026-06-01T16:24:41.271427+00:00,0,0,1,2402.0,0.03683526110357355,1,0,0,train
RD_005407,CUST_001356,1780334720.659475,2026-06-01T17:25:20.659475+00:00,1,0,2,6264.9,0.11273335780130336,4,0,0,train
RD_000077,CUST_001962,1780334927.6514757,2026-06-01T17:28:47.651476+00:00,0,0,1,2661.7,0.5075357252521198,1,0,0,train
RD_004043,CUST_000384,1780335774.616558,2026-06-01T17:42:54.616558+00:00,0,0,1,407.6,0.49305552606877956,1,0,0,train
RD_001080,CUST_004122,1780337289.355675,2026-06-01T18:08:09.355675+00:00,0,0,1,8318.2,0.10748423233916413,1,0,0,train
RD_000717,CUST_000480,1780338821.1007876,2026-06-01T18:33:41.100788+00:00,0,0,1,3079.8,0.4511862491703854,1,0,0,train
RD_003469,CUST_004103,1780344579.8189054,2026-06-01T20:09:39.818905+00:00,0,0,1,4614.3,0.31355810583511773,1,0,0,train
RD_003861,CUST_003093,1780346509.225256,2026-06-01T20:41:49.225256+00:00,0,0,1,57.6,0.2991931369538661,1,0,0,train
RD_004604,CUST_002605,1780347562.7602935,2026-06-01T20:59:22.760293+00:00,0,0,1,1546.4,0.11484183021748574,1,0,0,train
RD_004712,CUST_002762,1780348290.4193199,2026-06-01T21:11:30.419320+00:00,0,0,1,1681.4,0.09799619628325905,1,0,0,train
RD_003203,CUST_003600,1780349452.3431344,2026-06-01T21:30:52.343134+00:00,0,0,1,11459.3,0.17009045369429712,1,0,0,train
RD_000342,CUST_002866,1780351456.1950397,2026-06-01T22:04:16.195040+00:00,0,0,1,124.0,0.2022847164533438,1,0,0,train
RD_003684,CUST_002392,1780351919.6144562,2026-06-01T22:11:59.614456+00:00,0,0,1,68052.5,0.2715374102277903,1,0,0,train
RD_002203,CUST_001747,1780354406.1987913,2026-06-01T22:53:26.198791+00:00,0,0,1,3567.9,0.3228591347526646,1,0,0,train
RD_004209,CUST_003577,1780357650.088005,2026-06-01T23:47:30.088005+00:00,0,0,1,1305.7,0.4863539487760712,1,0,0,train
RD_002671,CUST_002930,1780358289.11029,2026-06-01T23:58:09.110290+00:00,0,0,1,1140.6,0.05433590112371948,1,0,0,train
RD_003914,CUST_004376,1780360950.5915837,2026-06-02T00:42:30.591584+00:00,0,0,1,1015.7,0.15383459402408434,1,0,0,train
RD_005145,CUST_000731,1780361731.1477418,2026-06-02T00:55:31.147742+00:00,0,0,1,18718.9,0.09244366986976696,1,0,0,train
RD_004615,CUST_002621,1780362649.9250233,2026-06-02T01:10:49.925023+00:00,1,0,2,6810.3,0.07045944558653772,3,0,0,train
RD_003670,CUST_002517,1780364601.096512,2026-06-02T01:43:21.096512+00:00,0,0,1,170.1,0.1842908909173161,1,0,0,train
RD_000296,CUST_003365,1780365219.774753,2026-06-02T01:53:39.774753+00:00,0,0,1,7264.4,0.3887652188666903,1,0,0,train
RD_002625,CUST_000609,1780367705.742962,2026-06-02T02:35:05.742962+00:00,0,0,1,9200.3,0.11307669902220448,4,0,0,train
RD_002167,CUST_003325,1780370142.3457615,2026-06-02T03:15:42.345762+00:00,0,0,1,2239.9,0.1117634643942654,1,0,0,train
RD_004523,CUST_000715,1780370504.8347058,2026-06-02T03:21:44.834706+00:00,0,0,1,209.3,0.2152969765250822,1,0,0,train
RD_001759,CUST_002223,1780371110.3776271,2026-06-02T03:31:50.377627+00:00,0,0,1,214.4,0.20022114274113842,1,0,0,train
RD_000057,CUST_002185,1780371263.857652,2026-06-02T03:34:23.857652+00:00,0,0,1,868.2,0.10228689438952368,1,0,0,train
RD_004626,CUST_003016,1780372513.7381613,2026-06-02T03:55:13.738161+00:00,0,0,1,48576.8,0.1111463669707887,1,0,0,train
RD_003669,CUST_004336,1780377049.1598334,2026-06-02T05:10:49.159833+00:00,0,0,1,1455.8,0.13350659336889728,1,0,0,train
RD_002599,CUST_001034,1780377859.8470159,2026-06-02T05:24:19.847016+00:00,0,0,1,1825.5,0.12998907648708471,1,0,0,train
RD_000883,CUST_000335,1780384203.521647,2026-06-02T07:10:03.521647+00:00,0,0,1,410.8,0.14395591477682293,1,0,0,train
RD_005161,CUST_003136,1780384569.7314188,2026-06-02T07:16:09.731419+00:00,0,0,1,1594.4,0.41807406535551217,1,0,0,train
RD_004371,CUST_001327,1780385996.5658398,2026-06-02T07:39:56.565840+00:00,0,0,1,1271.3,0.30374622344613833,1,0,0,train
RD_002333,CUST_003321,1780392047.0632675,2026-06-02T09:20:47.063267+00:00,0,0,1,6528.1,0.10544539970240162,1,0,0,train
RD_001538,CUST_000037,1780396971.7382045,2026-06-02T10:42:51.738204+00:00,0,0,1,1733.8,0.04984006953824454,1,0,0,train
RD_003429,CUST_001962,1780400346.919023,2026-06-02T11:39:06.919023+00:00,0,0,1,3681.9,0.4494314188760488,1,0,0,train
RD_004809,CUST_004536,1780400929.953694,2026-06-02T11:48:49.953694+00:00,0,0,1,1144.3,0.22173231189007972,1,0,0,train
RD_005295,CUST_000085,1780401766.5207276,2026-06-02T12:02:46.520728+00:00,0,2,1,1818.1,0.28556879716529127,26,0,0,train
RD_002769,CUST_000901,1780402920.6478267,2026-06-02T12:22:00.647827+00:00,0,0,1,45155.6,0.11929516292271698,1,0,0,train
RD_003443,CUST_004386,1780403697.5652041,2026-06-02T12:34:57.565204+00:00,0,0,1,2495.8,0.25007157906703303,1,0,0,train
RD_001093,CUST_002851,1780405661.2418406,2026-06-02T13:07:41.241841+00:00,0,0,1,1356.9,0.21767315264993042,1,0,0,train
RD_002817,CUST_002703,1780406918.675271,2026-06-02T13:28:38.675271+00:00,0,0,1,4104.2,0.07426251757986109,1,0,0,train
RD_002065,CUST_003778,1780410930.4699326,2026-06-02T14:35:30.469933+00:00,0,0,1,1612.5,0.07742986449509669,1,0,0,train
RD_002736,CUST_001856,1780411804.5877838,2026-06-02T14:50:04.587784+00:00,0,0,1,922.5,0.35525648392483317,1,0,0,train
RD_001723,CUST_000150,1780411819.8873322,2026-06-02T14:50:19.887332+00:00,0,0,1,1066.3,0.24460062852153713,1,0,0,train
RD_004748,CUST_000245,1780417799.1813152,2026-06-02T16:29:59.181315+00:00,0,0,1,1449.9,0.05199847257133665,1,0,0,train
RD_004749,CUST_002287,1780418608.466717,2026-06-02T16:43:28.466717+00:00,0,0,1,687.7,0.054030535483213966,1,0,0,train
RD_004029,CUST_002203,1780419410.5820498,2026-06-02T16:56:50.582050+00:00,0,0,1,271.4,0.16309747816776018,1,0,0,train
RD_000042,CUST_001347,1780419495.1401403,2026-06-02T16:58:15.140140+00:00,0,0,1,487.8,0.4017750535015778,1,0,0,train
RD_004617,CUST_001821,1780420951.0601382,2026-06-02T17:22:31.060138+00:00,0,0,1,3088.1,0.34144418218212014,1,0,0,train
RD_000450,CUST_004226,1780425492.696946,2026-06-02T18:38:12.696946+00:00,0,0,1,4740.8,0.20525935855786723,1,0,0,train
RD_001300,CUST_003707,1780425506.0748165,2026-06-02T18:38:26.074816+00:00,0,0,1,2070.8,0.3397085189521508,1,0,0,train
RD_005477,CUST_002019,1780428615.41225,2026-06-02T19:30:15.412250+00:00,0,0,1,1501.4,0.21153100587133347,1,0,0,train
RD_000407,CUST_003012,1780431048.610173,2026-06-02T20:10:48.610173+00:00,0,0,1,4658.7,0.07062629583451357,1,0,0,train
RD_000287,CUST_002679,1780431820.8714993,2026-06-02T20:23:40.871499+00:00,0,0,1,475.2,0.07956588907537342,1,0,0,train
RD_003412,CUST_002821,1780438733.6150665,2026-06-02T22:18:53.615067+00:00,0,0,1,2979.5,0.20331037353680423,1,0,0,train
RD_002689,CUST_002141,1780440429.4275627,2026-06-02T22:47:09.427563+00:00,0,0,1,1956.1,0.2356738377804105,1,0,0,train
RD_001966,CUST_002997,1780440714.9650176,2026-06-02T22:51:54.965018+00:00,0,0,1,270.3,0.03578392864705025,1,0,0,train
RD_000022,CUST_001717,1780442511.3898797,2026-06-02T23:21:51.389880+00:00,0,0,1,277.0,0.17575313197601106,1,0,0,train
RD_005375,CUST_003901,1780445869.559655,2026-06-03T00:17:49.559655+00:00,0,0,1,4127.5,0.40897471839629745,1,0,0,train
RD_001370,CUST_000869,1780446034.8387284,2026-06-03T00:20:34.838728+00:00,0,0,1,3420.6,0.12131335510010748,1,0,0,train
RD_001693,CUST_002824,1780447778.2933168,2026-06-03T00:49:38.293317+00:00,0,0,1,2260.1,0.21877358733205016,1,0,0,train
RD_003313,CUST_003734,1780449901.396902,2026-06-03T01:25:01.396902+00:00,0,0,1,6269.2,0.09330296309599283,1,0,0,train
RD_001844,CUST_002017,1780451303.735135,2026-06-03T01:48:23.735135+00:00,0,0,1,3431.0,0.026630794992903727,1,0,0,train
RD_000796,CUST_000397,1780457191.4154992,2026-06-03T03:26:31.415499+00:00,0,0,1,855.9,0.23059528862330317,1,0,0,train
RD_003338,CUST_002762,1780457626.7207212,2026-06-03T03:33:46.720721+00:00,0,0,1,1485.6,0.18869611519669036,1,0,0,train
RD_004822,CUST_002543,1780462604.7636328,2026-06-03T04:56:44.763633+00:00,0,0,1,189.7,0.07362913333692986,1,0,0,train
RD_004462,CUST_000344,1780463408.146405,2026-06-03T05:10:08.146405+00:00,0,0,1,657.8,0.3887174592813402,1,0,0,train
RD_002453,CUST_004542,1780464052.106713,2026-06-03T05:20:52.106713+00:00,0,0,1,6733.8,0.1146889926541637,1,0,0,train
RD_001146,CUST_000000,1780464098.079771,2026-06-03T05:21:38.079771+00:00,0,0,1,1040.0,0.05678972096681501,1,0,0,train
RD_004692,CUST_002466,1780464465.786722,2026-06-03T05:27:45.786722+00:00,0,0,1,1197.7,0.14052227050928184,1,0,0,train
RD_001214,CUST_001847,1780465873.6913085,2026-06-03T05:51:13.691308+00:00,0,0,1,750.6,0.3106846782735944,1,0,0,train
RD_000852,CUST_003741,1780466373.5631938,2026-06-03T05:59:33.563194+00:00,0,0,1,1534.1,0.4547054465058693,1,0,0,train
RD_003219,CUST_001945,1780467258.6254053,2026-06-03T06:14:18.625405+00:00,0,0,1,6168.6,0.13824702689611018,1,0,0,train
RD_001356,CUST_003630,1780470853.6577644,2026-06-03T07:14:13.657764+00:00,0,0,1,1745.3,0.5565517261256742,1,0,0,train
RD_002801,CUST_004134,1780472030.9338357,2026-06-03T07:33:50.933836+00:00,0,1,1,11171.8,0.4275971158343407,20,0,0,train
RD_005159,CUST_000263,1780472044.8873637,2026-06-03T07:34:04.887364+00:00,0,0,1,14025.3,0.2070728801260948,1,0,0,train
RD_004122,CUST_002832,1780472087.3356888,2026-06-03T07:34:47.335689+00:00,0,0,1,3975.5,0.20029961349831138,1,0,0,train
RD_000477,CUST_001255,1780472152.8586676,2026-06-03T07:35:52.858668+00:00,0,0,1,965.7,0.34310467728382915,1,0,0,train
RD_003516,CUST_002187,1780477093.2618332,2026-06-03T08:58:13.261833+00:00,0,0,1,696.5,0.1386808969237576,1,0,0,train
RD_000341,CUST_003285,1780478483.2504604,2026-06-03T09:21:23.250460+00:00,0,0,1,6245.0,0.22364078533498605,1,0,0,train
RD_004385,CUST_003170,1780481362.4338374,2026-06-03T10:09:22.433837+00:00,0,0,1,929.6,0.10964027650832882,1,0,0,train
RD_003008,CUST_002428,1780482612.185963,2026-06-03T10:30:12.185963+00:00,0,0,1,1120.2,0.05000851214787957,1,0,0,train
RD_000028,CUST_001136,1780484183.603677,2026-06-03T10:56:23.603677+00:00,0,0,1,18858.2,0.2694038083213802,1,0,0,train
RD_004191,CUST_002769,1780486634.5284483,2026-06-03T11:37:14.528448+00:00,0,0,1,1431.8,0.5413211222371315,1,0,0,train
RD_002245,CUST_004013,1780487960.8875656,2026-06-03T11:59:20.887566+00:00,0,0,1,6220.4,0.04557545055219628,17,0,0,train
RD_002125,CUST_000218,1780488967.9910197,2026-06-03T12:16:07.991020+00:00,0,0,2,5540.2,0.3522055789973225,4,0,0,train
RD_004160,CUST_000698,1780489334.7050588,2026-06-03T12:22:14.705059+00:00,0,0,1,7624.6,0.005758563598969561,1,0,0,train
RD_000223,CUST_002062,1780489657.0673335,2026-06-03T12:27:37.067333+00:00,0,0,1,1046.0,0.1995599110139508,3,0,0,train
RD_002024,CUST_001328,1780491822.1771808,2026-06-03T13:03:42.177181+00:00,0,0,1,7418.5,0.432935128855829,1,0,0,train
RD_005071,CUST_000759,1780492451.948375,2026-06-03T13:14:11.948375+00:00,0,0,1,2183.0,0.1736003732878661,1,0,0,train
RD_001115,CUST_002668,1780493599.7492342,2026-06-03T13:33:19.749234+00:00,0,0,1,1375.7,0.06768685572002245,1,0,0,train
RD_001054,CUST_001121,1780496798.4436574,2026-06-03T14:26:38.443657+00:00,0,0,1,10447.7,0.5333723288743828,1,0,0,train
RD_001557,CUST_004089,1780497138.2476294,2026-06-03T14:32:18.247629+00:00,0,2,1,3151.1,0.17085907610641524,21,0,0,train
RD_001583,CUST_000062,1780498049.8882418,2026-06-03T14:47:29.888242+00:00,0,2,1,9021.8,0.38939178815874426,35,0,0,train
RD_001501,CUST_001141,1780500281.369479,2026-06-03T15:24:41.369479+00:00,0,0,1,1006.0,0.30904821550287703,1,0,0,train
RD_004318,CUST_004193,1780501430.5311942,2026-06-03T15:43:50.531194+00:00,0,0,1,5260.3,0.26770064123150983,1,0,0,train
RD_003170,CUST_002865,1780502243.9153025,2026-06-03T15:57:23.915303+00:00,0,1,1,87.5,0.21150052480990372,27,0,0,train
RD_002385,CUST_003233,1780506906.8164237,2026-06-03T17:15:06.816424+00:00,0,0,1,4647.1,0.15800836411753283,1,0,0,train
RD_004881,CUST_001902,1780509449.417799,2026-06-03T17:57:29.417799+00:00,0,0,1,6512.8,0.3996271939983476,1,0,0,train
RD_000543,CUST_002679,1780512080.9397728,2026-06-03T18:41:20.939773+00:00,0,0,1,1930.9,0.4028970433837663,1,0,0,train
RD_002737,CUST_003118,1780513718.7207847,2026-06-03T19:08:38.720785+00:00,0,0,1,203.4,0.13166322779326936,1,0,0,train
RD_003608,CUST_003950,1780513908.3679416,2026-06-03T19:11:48.367942+00:00,0,0,1,2151.4,0.05041209907752019,1,0,0,train
RD_002725,CUST_000466,1780518574.7356172,2026-06-03T20:29:34.735617+00:00,0,1,1,949.8,0.29505896974202345,36,0,0,train
RD_002613,CUST_000991,1780520125.344044,2026-06-03T20:55:25.344044+00:00,0,0,1,2884.8,0.16712951669339654,1,0,0,train
RD_004239,CUST_003325,1780521686.549147,2026-06-03T21:21:26.549147+00:00,0,0,1,1199.9,0.1647909672534085,1,0,0,train
RD_005018,CUST_003383,1780521753.736514,2026-06-03T21:22:33.736514+00:00,0,0,1,502.1,0.20320238077951727,1,0,0,train
RD_003506,CUST_003704,1780521771.189726,2026-06-03T21:22:51.189726+00:00,0,0,1,541.7,0.03850618445176461,1,0,0,train
RD_003853,CUST_000963,1780523817.8123,2026-06-03T21:56:57.812300+00:00,0,0,1,810.2,0.15972568601794093,1,0,0,train
RD_001865,CUST_001847,1780526078.696733,2026-06-03T22:34:38.696733+00:00,0,0,1,1526.0,0.5027825936028725,1,0,0,train
RD_004261,CUST_000684,1780526140.2702928,2026-06-03T22:35:40.270293+00:00,0,0,1,5190.6,0.053447552434376475,1,0,0,train
RD_004893,CUST_001625,1780526700.345101,2026-06-03T22:45:00.345101+00:00,0,0,1,185.5,0.35022877409300834,1,0,0,train
RD_000647,CUST_004077,1780531041.7751331,2026-06-03T23:57:21.775133+00:00,0,0,1,1573.6,0.2208165345486489,1,0,0,train
RD_000291,CUST_001288,1780537369.653131,2026-06-04T01:42:49.653131+00:00,0,0,1,330.1,0.0011993821859291511,1,0,0,train
RD_003834,CUST_001513,1780539634.2093403,2026-06-04T02:20:34.209340+00:00,0,0,1,3954.6,0.505262360489716,1,0,0,train
RD_000871,CUST_001943,1780540388.9466882,2026-06-04T02:33:08.946688+00:00,0,0,1,8000.2,0.14342103742932033,1,0,0,train
RD_002208,CUST_001943,1780542644.6949987,2026-06-04T03:10:44.694999+00:00,0,0,1,5067.5,0.464960968539193,1,0,0,train
RD_004734,CUST_003994,1780545650.0725713,2026-06-04T04:00:50.072571+00:00,0,0,1,514.4,0.26543583448032987,1,0,0,train
RD_004145,CUST_001496,1780545936.32427,2026-06-04T04:05:36.324270+00:00,1,0,2,7999.1,0.21188919849094356,4,0,0,train
RD_000507,CUST_003524,1780546242.672719,2026-06-04T04:10:42.672719+00:00,0,0,1,7362.7,0.01984793762841192,1,0,0,train
RD_003886,CUST_002314,1780546273.4310913,2026-06-04T04:11:13.431091+00:00,0,0,1,41813.3,0.16654818423896484,1,0,0,train
RD_002962,CUST_002594,1780547241.169325,2026-06-04T04:27:21.169325+00:00,0,0,3,9678.6,0.11021944689571575,3,0,0,train
RD_002877,CUST_000698,1780548081.245131,2026-06-04T04:41:21.245131+00:00,0,0,1,391.6,0.1131559729163627,1,0,0,train
RD_000314,CUST_001789,1780549717.0463312,2026-06-04T05:08:37.046331+00:00,0,0,1,458.3,0.046200521879112035,1,0,0,train
RD_002564,CUST_004396,1780550040.3619442,2026-06-04T05:14:00.361944+00:00,0,0,1,1952.3,0.11462259462921011,1,0,0,train
RD_005104,CUST_000866,1780551233.6512277,2026-06-04T05:33:53.651228+00:00,0,0,1,2528.7,0.2237242829965025,1,0,0,train
RD_004951,CUST_003493,1780551383.9680378,2026-06-04T05:36:23.968038+00:00,0,0,1,5494.4,0.1632532173105634,1,0,0,train
RD_003266,CUST_003277,1780551545.851248,2026-06-04T05:39:05.851248+00:00,0,0,1,21722.5,0.19137548209065566,1,0,0,train
RD_000081,CUST_002081,1780551998.3370092,2026-06-04T05:46:38.337009+00:00,0,0,1,46504.5,0.0901008026741476,1,0,0,train
RD_002706,CUST_003258,1780552935.3792996,2026-06-04T06:02:15.379300+00:00,0,0,1,9320.0,0.007182078706679542,1,0,0,train
RD_004123,CUST_002950,1780553050.2146096,2026-06-04T06:04:10.214610+00:00,0,0,1,304.1,0.10321452747244296,1,0,0,train
RD_002374,CUST_003619,1780553808.462267,2026-06-04T06:16:48.462267+00:00,0,0,1,1183.5,0.18806060915497463,1,0,0,train
RD_003113,CUST_002940,1780554362.1021132,2026-06-04T06:26:02.102113+00:00,0,0,1,2048.4,0.06475839876482575,1,0,0,train
RD_003732,CUST_000994,1780554471.8033109,2026-06-04T06:27:51.803311+00:00,0,0,1,686.5,0.1934313123063555,1,0,0,train
RD_005163,CUST_003460,1780555001.9875402,2026-06-04T06:36:41.987540+00:00,0,0,1,9060.5,0.162433553486753,1,0,0,train
RD_002449,CUST_002573,1780557111.4341435,2026-06-04T07:11:51.434144+00:00,0,0,1,5324.7,0.1140442012899146,1,0,0,train
RD_005372,CUST_004252,1780558458.281413,2026-06-04T07:34:18.281413+00:00,0,0,1,1284.0,0.264631178526612,1,0,0,train
RD_000451,CUST_000978,1780558912.6929235,2026-06-04T07:41:52.692924+00:00,0,0,1,703.0,0.23911804247266713,1,0,0,train
RD_000635,CUST_003297,1780558984.4735992,2026-06-04T07:43:04.473599+00:00,0,0,1,1951.2,0.2785658435402176,1,0,0,train
RD_004989,CUST_000160,1780559622.5784664,2026-06-04T07:53:42.578466+00:00,0,0,1,2719.4,0.1723094827178954,1,0,0,train
RD_AB_00022_00,CUST_PA00022_00,1780559880.109926,2026-06-04T07:58:00.109926+00:00,0,0,1,10.1,0.902920964609365,7,0,1,train
RD_003221,CUST_004261,1780560342.5059035,2026-06-04T08:05:42.505903+00:00,0,0,1,220.7,0.06544524621276612,1,0,0,train
RD_003652,CUST_002555,1780561672.5721898,2026-06-04T08:27:52.572190+00:00,0,1,1,540.5,0.01407667935179372,18,0,0,train
RD_004623,CUST_000698,1780561855.5876408,2026-06-04T08:30:55.587641+00:00,0,0,1,3545.9,0.47993260580888053,1,0,0,train
RD_AB_00022_01,CUST_PA00022_01,1780562379.1780531,2026-06-04T08:57:41.005729+00:00,0,1,2,264.6,0.7802711139944183,7,1,1,train
RD_AB_00022_02,CUST_PA00022_02,1780564068.1182911,2026-06-04T10:25:12.292433+00:00,2,2,3,138.6,0.7791903180870148,7,1,1,train
RD_002611,CUST_000148,1780564696.1167178,2026-06-04T09:18:16.116718+00:00,0,0,1,1633.3,0.1722932473212221,1,0,0,train
RD_002337,CUST_003943,1780566058.1488695,2026-06-04T09:40:58.148870+00:00,0,0,1,1081.6,0.19060320854006615,1,0,0,train
RD_004283,CUST_002712,1780567304.9411783,2026-06-04T10:01:44.941178+00:00,0,0,1,638.3,0.10187282483703583,1,0,0,train
RD_001378,CUST_000153,1780567707.529896,2026-06-04T10:08:27.529896+00:00,0,0,1,1207.9,0.1838166136018312,1,0,0,train
RD_004341,CUST_002318,1780568071.9132566,2026-06-04T10:14:31.913257+00:00,0,0,1,581.9,0.26717930064366896,1,0,0,train
RD_003198,CUST_000609,1780568779.1738307,2026-06-04T10:26:19.173831+00:00,0,0,3,1504.6,0.164295134702101,4,0,0,train
RD_005460,CUST_002678,1780573415.2493026,2026-06-04T11:43:35.249303+00:00,0,0,1,307.0,0.1393050576740986,1,0,0,train
RD_002995,CUST_004052,1780574135.1835492,2026-06-04T11:55:35.183549+00:00,0,0,1,4062.6,0.1462449677633718,1,0,0,train
RD_AB_00022_05,CUST_PA00022_05,1780574797.510373,2026-06-04T13:45:41.609457+00:00,5,5,6,17.3,0.35346840569793675,7,1,1,train
RD_AB_00022_06,CUST_PA00022_06,1780574929.020851,2026-06-04T08:13:37.285922+00:00,6,6,7,36.8,0.49722916573171083,7,1,1,train
RD_AB_00022_03,CUST_PA00022_03,1780575786.1840677,2026-06-04T08:34:00.171034+00:00,3,3,4,486.7,0.7592281647379165,7,1,1,train
RD_001697,CUST_000343,1780578096.380791,2026-06-04T13:01:36.380791+00:00,0,0,1,167.9,0.12224356454873661,1,0,0,train
RD_004707,CUST_001570,1780580543.7792485,2026-06-04T13:42:23.779248+00:00,0,0,1,10002.2,0.02735414320946008,4,0,0,train
RD_AB_00022_04,CUST_PA00022_04,1780580730.690928,2026-06-04T13:57:53.062587+00:00,4,4,5,31.1,0.7280385424654137,7,1,1,train
RD_004804,CUST_000698,1780581607.690674,2026-06-04T14:00:07.690674+00:00,0,0,1,49.1,0.09174856091146025,1,0,0,train
RD_003432,CUST_000054,1780583111.9773464,2026-06-04T14:25:11.977346+00:00,0,0,1,53485.1,0.062499972435824884,1,0,0,train
RD_004742,CUST_000901,1780583347.790295,2026-06-04T14:29:07.790295+00:00,0,0,1,555.5,0.3212630359689467,1,0,0,train
RD_005198,CUST_001137,1780585357.181423,2026-06-04T15:02:37.181423+00:00,0,1,1,183.3,0.08391775814876104,39,0,0,train
RD_001612,CUST_003378,1780589794.6779397,2026-06-04T16:16:34.677940+00:00,0,0,1,888.6,0.061655868445668435,1,0,0,train
RD_003710,CUST_003239,1780592360.9266043,2026-06-04T16:59:20.926604+00:00,0,0,1,4579.3,0.36633018010779256,9,0,0,train
RD_002158,CUST_000781,1780592400.3581936,2026-06-04T17:00:00.358194+00:00,0,0,1,1502.7,0.28008600027508357,1,0,0,train
RD_005175,CUST_000193,1780594947.2822692,2026-06-04T17:42:27.282269+00:00,0,2,1,113.7,0.2457470762219305,34,0,0,train
RD_001654,CUST_001392,1780597412.551554,2026-06-04T18:23:32.551554+00:00,1,0,2,17701.7,0.1651171831245993,4,0,0,train
RD_004813,CUST_001846,1780597745.3286843,2026-06-04T18:29:05.328684+00:00,0,0,1,3274.6,0.30786817561902563,1,0,0,train
RD_002450,CUST_001570,1780600366.40891,2026-06-04T19:12:46.408910+00:00,1,0,3,532.2,0.16915570490685836,3,0,0,train
RD_002890,CUST_000245,1780604272.084779,2026-06-04T20:17:52.084779+00:00,0,0,1,211.3,0.03993633916398827,1,0,0,train
RD_000953,CUST_002907,1780604337.288263,2026-06-04T20:18:57.288263+00:00,1,0,3,1202.8,0.1770370899335484,3,0,0,train
RD_004234,CUST_004122,1780604771.734851,2026-06-04T20:26:11.734851+00:00,0,0,1,31574.1,0.374713152514475,1,0,0,train
RD_002726,CUST_002223,1780608867.8914385,2026-06-04T21:34:27.891438+00:00,0,0,1,363.7,0.270652710745842,1,0,0,train
RD_AB_00081_00,CUST_PA00081_00,1780609557.9696846,2026-06-04T21:45:57.969685+00:00,0,0,1,6.5,0.666349504200234,3,0,1,train
RD_001554,CUST_000963,1780612776.4972436,2026-06-04T22:39:36.497244+00:00,0,0,1,127.6,0.3342960912674929,1,0,0,train
RD_AB_00081_01,CUST_PA00081_01,1780613019.5630825,2026-06-04T21:53:05.320712+00:00,1,1,2,32.3,0.8268114820854525,3,1,1,train
RD_002015,CUST_000339,1780613120.9831629,2026-06-04T22:45:20.983163+00:00,0,0,1,251.5,0.31482935492377095,1,0,0,train
RD_002216,CUST_003008,1780613528.3394535,2026-06-04T22:52:08.339453+00:00,0,0,1,182.7,0.048664080687643704,1,0,0,train
RD_001526,CUST_000662,1780614567.3077178,2026-06-04T23:09:27.307718+00:00,0,1,1,306.6,0.4364642879536831,40,0,0,train
RD_003465,CUST_002480,1780615437.6275342,2026-06-04T23:23:57.627534+00:00,0,2,1,448.9,0.30482011185085406,22,0,0,train
RD_003926,CUST_003577,1780616576.5313334,2026-06-04T23:42:56.531333+00:00,0,0,1,5112.3,0.23106907998331558,1,0,0,train
RD_AB_00081_02,CUST_PA00081_02,1780618795.2537012,2026-06-04T22:10:23.643802+00:00,2,2,3,42.3,0.8457493398976526,3,1,1,train
RD_005245,CUST_003416,1780619757.8530452,2026-06-05T00:35:57.853045+00:00,0,0,1,24147.7,0.04048181494409949,1,0,0,train
RD_003014,CUST_004167,1780621489.0691133,2026-06-05T01:04:49.069113+00:00,0,0,1,14128.5,0.035680514989569784,1,0,0,train
RD_005288,CUST_000148,1780621700.1973305,2026-06-05T01:08:20.197330+00:00,0,0,1,11090.0,0.13103894269357821,1,0,0,train
RD_003482,CUST_000644,1780625034.331952,2026-06-05T02:03:54.331952+00:00,0,0,1,22217.4,0.06947597640821926,1,0,0,train
RD_004183,CUST_002639,1780625183.2911625,2026-06-05T02:06:23.291162+00:00,0,0,1,1025.4,0.1495186873872849,1,0,0,train
RD_002074,CUST_004191,1780625557.9152038,2026-06-05T02:12:37.915204+00:00,0,0,1,232.6,0.43966127095016344,1,0,0,train
RD_002500,CUST_003526,1780626588.372128,2026-06-05T02:29:48.372128+00:00,0,0,1,1110.3,0.23047195324914072,1,0,0,train
RD_004416,CUST_000219,1780627806.9339664,2026-06-05T02:50:06.933966+00:00,0,1,1,1565.6,0.015635430741395846,36,0,0,train
RD_000263,CUST_001239,1780630367.3798926,2026-06-05T03:32:47.379893+00:00,0,0,1,5799.8,0.18766820824093616,1,0,0,train
RD_004041,CUST_000294,1780632977.468704,2026-06-05T04:16:17.468704+00:00,0,0,1,87480.3,0.10916408441862073,1,0,0,train
RD_003160,CUST_003336,1780633228.3455973,2026-06-05T04:20:28.345597+00:00,0,0,1,1344.9,0.40795117899800243,1,0,0,train
RD_000082,CUST_001698,1780635543.8132107,2026-06-05T04:59:03.813211+00:00,0,0,1,15657.8,0.01106125701450571,1,0,0,train
RD_002419,CUST_001208,1780635855.5610764,2026-06-05T05:04:15.561076+00:00,0,0,1,616.1,0.038573545400979944,1,0,0,train
RD_004250,CUST_001356,1780636395.081854,2026-06-05T05:13:15.081854+00:00,1,0,3,3634.9,0.07702878228868372,2,0,0,train
RD_004499,CUST_004494,1780647241.5982127,2026-06-05T08:14:01.598213+00:00,0,0,1,3507.2,0.0858256147581928,1,0,0,train
RD_005303,CUST_004157,1780648460.268422,2026-06-05T08:34:20.268422+00:00,0,0,1,838.0,0.15176458643456409,1,0,0,train
RD_002011,CUST_002851,1780648685.8036852,2026-06-05T08:38:05.803685+00:00,0,0,1,2237.0,0.3840187980944473,1,0,0,train
RD_000675,CUST_001805,1780650552.1074722,2026-06-05T09:09:12.107472+00:00,0,0,1,4265.1,0.5326523498572505,1,0,0,train
RD_000881,CUST_002839,1780653321.8793879,2026-06-05T09:55:21.879388+00:00,0,0,1,277.1,0.25496271642119295,1,0,0,train
RD_004201,CUST_003904,1780653738.3227348,2026-06-05T10:02:18.322735+00:00,0,0,1,3068.1,0.22302235026451392,1,0,0,train
RD_003360,CUST_003555,1780655298.3163548,2026-06-05T10:28:18.316355+00:00,0,0,1,1930.7,0.23644433017242988,1,0,0,train
RD_005223,CUST_000396,1780656046.5619245,2026-06-05T10:40:46.561924+00:00,0,0,1,1895.4,0.6295355153664219,1,0,0,train
RD_005047,CUST_003277,1780656608.7813427,2026-06-05T10:50:08.781343+00:00,0,0,1,652.0,0.10536338914297633,1,0,0,train
RD_001484,CUST_004319,1780664713.966657,2026-06-05T13:05:13.966657+00:00,0,0,1,61763.1,0.07703367594699743,1,0,0,train
RD_002793,CUST_001822,1780664739.24011,2026-06-05T13:05:39.240110+00:00,0,0,1,1325.2,0.48731064257303663,1,0,0,train
RD_001594,CUST_003307,1780665658.3718781,2026-06-05T13:20:58.371878+00:00,0,0,1,4500.9,0.23331647804478198,1,0,0,train
RD_000630,CUST_003530,1780666321.1424758,2026-06-05T13:32:01.142476+00:00,0,0,1,8372.5,0.27243390665369405,1,0,0,train
RD_005412,CUST_003526,1780668432.749137,2026-06-05T14:07:12.749137+00:00,0,0,1,49623.2,0.10834421762160923,1,0,0,train
RD_003564,CUST_002712,1780668486.49867,2026-06-05T14:08:06.498670+00:00,0,0,1,49.1,0.11091736001323396,1,0,0,train
RD_001709,CUST_004467,1780674874.1369247,2026-06-05T15:54:34.136925+00:00,0,0,1,2134.3,0.04446131857445815,1,0,0,train
RD_003005,CUST_003679,1780680448.8698173,2026-06-05T17:27:28.869817+00:00,0,1,1,2309.3,0.4338379730434036,8,0,0,train
RD_001989,CUST_001157,1780680753.5860887,2026-06-05T17:32:33.586089+00:00,0,0,1,964.5,0.14241263097015108,1,0,0,train
RD_001774,CUST_000751,1780683220.5553877,2026-06-05T18:13:40.555388+00:00,0,0,1,1191.2,0.11587377849260988,1,0,0,train
RD_004932,CUST_004338,1780683300.4737391,2026-06-05T18:15:00.473739+00:00,0,0,1,5014.8,0.6658774220129532,1,0,0,train
RD_000553,CUST_003365,1780683474.4932647,2026-06-05T18:17:54.493265+00:00,0,0,1,12475.7,0.11414656950734792,1,0,0,train
RD_004182,CUST_003684,1780687633.567514,2026-06-05T19:27:13.567514+00:00,0,0,1,228.7,0.24402993845998777,1,0,0,train
RD_004726,CUST_002784,1780691541.6280758,2026-06-05T20:32:21.628076+00:00,0,1,1,691.4,0.1870513575206765,37,0,0,train
RD_001194,CUST_000689,1780691894.2939546,2026-06-05T20:38:14.293955+00:00,0,0,1,7822.4,0.24065755115179172,1,0,0,train
RD_004374,CUST_001208,1780694364.7535896,2026-06-05T21:19:24.753590+00:00,0,0,1,208.6,0.3614964442892205,1,0,0,train
RD_002526,CUST_000396,1780694681.9915478,2026-06-05T21:24:41.991548+00:00,0,0,1,1545.8,0.08166117194754222,1,0,0,train
RD_002025,CUST_004337,1780696116.0445387,2026-06-05T21:48:36.044539+00:00,0,0,1,686.3,0.39011750066141676,1,0,0,train
RD_005364,CUST_002543,1780702716.3009508,2026-06-05T23:38:36.300951+00:00,0,0,1,24804.1,0.17649339195325342,1,0,0,train
RD_004016,CUST_000384,1780703641.9210894,2026-06-05T23:54:01.921089+00:00,0,0,1,720.0,0.09661530887899923,1,0,0,train
RD_004899,CUST_004386,1780704942.8397615,2026-06-06T00:15:42.839761+00:00,0,0,1,525.2,0.16656428648353755,1,0,0,train
RD_005345,CUST_001383,1780705359.1015973,2026-06-06T00:22:39.101597+00:00,0,0,1,1260.0,0.10396973071460751,1,0,0,train
RD_004096,CUST_003953,1780705729.8696663,2026-06-06T00:28:49.869666+00:00,0,0,1,128.9,0.1308743776014871,1,0,0,train
RD_004740,CUST_000000,1780706036.056725,2026-06-06T00:33:56.056725+00:00,0,0,1,12501.1,0.1673260849921557,1,0,0,train
RD_002527,CUST_002314,1780709609.7782364,2026-06-06T01:33:29.778236+00:00,0,0,1,92204.7,0.046829909629312376,1,0,0,train
RD_000895,CUST_000279,1780711845.9542198,2026-06-06T02:10:45.954220+00:00,0,0,1,7032.2,0.13909406732913812,1,0,0,train
RD_004633,CUST_003778,1780714114.425408,2026-06-06T02:48:34.425408+00:00,0,0,1,3642.0,0.11981066786190947,1,0,0,train
RD_000187,CUST_002703,1780715560.5789006,2026-06-06T03:12:40.578901+00:00,0,0,1,1862.8,0.028254498450255853,1,0,0,train
RD_003737,CUST_000152,1780715624.9370377,2026-06-06T03:13:44.937038+00:00,0,0,1,1962.2,0.2606060956400081,1,0,0,train
RD_003628,CUST_003569,1780715994.873598,2026-06-06T03:19:54.873598+00:00,0,0,1,4221.7,0.1664442599745674,1,0,0,train
RD_000825,CUST_002091,1780717373.4120111,2026-06-06T03:42:53.412011+00:00,0,0,1,2227.1,0.19573764670640809,2,0,0,train
RD_004146,CUST_001094,1780720911.95759,2026-06-06T04:41:51.957590+00:00,0,0,1,62126.6,0.27095746226045875,1,0,0,train
RD_001073,CUST_001295,1780723629.8689888,2026-06-06T05:27:09.868989+00:00,0,0,1,764.1,0.019621988707875355,1,0,0,train
RD_002758,CUST_003744,1780724646.7696483,2026-06-06T05:44:06.769648+00:00,0,0,1,1248.1,0.07653772442148571,1,0,0,train
RD_001403,CUST_001104,1780725240.843984,2026-06-06T05:54:00.843984+00:00,0,0,1,3043.3,0.3937246826783023,1,0,0,train
RD_004025,CUST_004157,1780728115.5528836,2026-06-06T06:41:55.552884+00:00,0,0,1,2821.9,0.04441527662224341,1,0,0,train
RD_003665,CUST_004376,1780728904.7060738,2026-06-06T06:55:04.706074+00:00,0,0,1,305.1,0.11434895514959827,1,0,0,train
RD_004116,CUST_002314,1780730427.103319,2026-06-06T07:20:27.103319+00:00,0,0,1,1692.3,0.1542883401897559,1,0,0,train
RD_004249,CUST_003561,1780731105.6306434,2026-06-06T07:31:45.630643+00:00,0,0,1,2857.9,0.21461752034559958,1,0,0,train
RD_000540,CUST_000473,1780732417.5847003,2026-06-06T07:53:37.584700+00:00,0,0,1,906.2,0.06294779402864817,1,0,0,train
RD_005152,CUST_003923,1780733748.3385797,2026-06-06T08:15:48.338580+00:00,0,0,1,104.0,0.12613723416952308,1,0,0,train
RD_004553,CUST_004125,1780735482.537853,2026-06-06T08:44:42.537853+00:00,1,0,1,41067.8,0.2031400259483745,3,0,0,train
RD_005273,CUST_002605,1780735511.999264,2026-06-06T08:45:11.999264+00:00,0,0,1,16550.6,0.1502243307948692,1,0,0,train
RD_004964,CUST_000369,1780743908.144079,2026-06-06T11:05:08.144079+00:00,0,0,1,164.2,0.26968421685606375,1,0,0,train
RD_001140,CUST_004440,1780747443.9751194,2026-06-06T12:04:03.975119+00:00,0,0,1,3154.4,0.029647511599048607,1,0,0,train
RD_001729,CUST_004164,1780748832.409132,2026-06-06T12:27:12.409132+00:00,0,0,1,3780.9,0.3391938413315829,1,0,0,train
RD_000686,CUST_001347,1780749803.6758177,2026-06-06T12:43:23.675818+00:00,0,0,1,100.3,0.09078857254320698,1,0,0,train
RD_000591,CUST_001136,1780750450.6909919,2026-06-06T12:54:10.690992+00:00,0,0,1,1083.5,0.5768166537414804,1,0,0,train
RD_001648,CUST_002488,1780750978.7991972,2026-06-06T13:02:58.799197+00:00,0,0,1,1828.5,0.15256607853442014,1,0,0,train
RD_001956,CUST_000295,1780752968.6165924,2026-06-06T13:36:08.616592+00:00,0,0,1,290.6,0.28352510844008594,1,0,0,train
RD_000655,CUST_003258,1780754091.6690881,2026-06-06T13:54:51.669088+00:00,0,0,1,6758.0,0.2994588349558572,1,0,0,train
RD_005183,CUST_003530,1780759197.2553275,2026-06-06T15:19:57.255327+00:00,0,0,1,25846.2,0.1497144654242686,1,0,0,train
RD_000313,CUST_000219,1780759793.978262,2026-06-06T15:29:53.978262+00:00,0,0,1,30577.9,0.273488134230102,22,0,0,train
RD_001852,CUST_003239,1780760123.790036,2026-06-06T15:35:23.790036+00:00,0,0,1,3501.9,0.03664316474545432,11,0,0,train
RD_000539,CUST_001962,1780760304.90122,2026-06-06T15:38:24.901220+00:00,0,0,1,15760.0,0.12497454368233676,1,0,0,train
RD_002855,CUST_000466,1780761168.9373071,2026-06-06T15:52:48.937307+00:00,0,0,1,592.8,0.23919322272687288,12,0,0,train
RD_003264,CUST_002389,1780762426.8073604,2026-06-06T16:13:46.807360+00:00,0,0,1,4201.1,0.17758783832622382,1,0,0,train
RD_004455,CUST_001121,1780762813.3577154,2026-06-06T16:20:13.357715+00:00,0,0,1,173204.0,0.07342032340184568,1,0,0,train
RD_004136,CUST_001575,1780765124.3849454,2026-06-06T16:58:44.384945+00:00,0,0,1,278.8,0.16925454965835263,1,0,0,train
RD_004035,CUST_002203,1780767177.30706,2026-06-06T17:32:57.307060+00:00,0,0,1,258.3,0.015961072037782256,1,0,0,train
RD_005255,CUST_000846,1780768541.926582,2026-06-06T17:55:41.926582+00:00,0,0,1,63.5,0.15691069642160269,1,0,0,train
RD_004898,CUST_001488,1780771344.6142204,2026-06-06T18:42:24.614220+00:00,0,0,3,1275.0,0.12649074730347729,2,0,0,train
RD_002278,CUST_003025,1780772297.000138,2026-06-06T18:58:17.000138+00:00,0,0,2,3149.9,0.35877995631396786,4,0,0,train
RD_003697,CUST_003309,1780775910.0244908,2026-06-06T19:58:30.024491+00:00,0,0,1,4516.1,0.2406301776049747,1,0,0,train
RD_002873,CUST_001239,1780777888.5070515,2026-06-06T20:31:28.507051+00:00,0,0,1,765.4,0.21387861856419602,1,0,0,train
RD_001076,CUST_003513,1780778726.836913,2026-06-06T20:45:26.836913+00:00,0,0,1,5112.0,0.011577671856279231,1,0,0,train
RD_001533,CUST_001985,1780779549.5962992,2026-06-06T20:59:09.596299+00:00,0,0,1,511.5,0.09253517701683345,1,0,0,train
RD_001498,CUST_000702,1780779910.0369115,2026-06-06T21:05:10.036911+00:00,0,0,1,952.6,0.260372771555044,1,0,0,train
RD_000002,CUST_003015,1780780527.765611,2026-06-06T21:15:27.765611+00:00,0,0,1,11183.4,0.07643887770301237,1,0,0,train
RD_002147,CUST_003050,1780780790.44781,2026-06-06T21:19:50.447810+00:00,0,0,1,151.3,0.1792769822874566,1,0,0,train
RD_002038,CUST_000901,1780781273.3411126,2026-06-06T21:27:53.341113+00:00,0,0,1,692.5,0.07715400859453247,1,0,0,train
RD_000613,CUST_000715,1780783140.1794455,2026-06-06T21:59:00.179446+00:00,0,0,1,3783.1,0.18530548426199245,1,0,0,train
RD_000485,CUST_001439,1780790974.324031,2026-06-07T00:09:34.324031+00:00,0,0,1,601.5,0.012614140932645535,1,0,0,train
RD_001113,CUST_003156,1780794604.1443594,2026-06-07T01:10:04.144359+00:00,0,0,1,733.0,0.40072219845845536,1,0,0,train
RD_004752,CUST_001271,1780794741.3594499,2026-06-07T01:12:21.359450+00:00,0,0,1,2305.6,0.1316451431180282,1,0,0,train
RD_002523,CUST_000851,1780795213.0745661,2026-06-07T01:20:13.074566+00:00,0,0,1,7685.1,0.01250050111332327,1,0,0,train
RD_001373,CUST_000807,1780796717.5727472,2026-06-07T01:45:17.572747+00:00,0,0,1,541.0,0.4291059061786937,1,0,0,train
RD_004461,CUST_003297,1780798515.5913978,2026-06-07T02:15:15.591398+00:00,0,0,1,1265.1,0.0679817896394599,1,0,0,train
RD_000670,CUST_001772,1780798649.3807516,2026-06-07T02:17:29.380752+00:00,0,0,1,469.1,0.1952601566959523,1,0,0,train
RD_002213,CUST_001232,1780800827.0805368,2026-06-07T02:53:47.080537+00:00,0,1,1,2979.9,0.13568548040900624,32,0,0,train
RD_004502,CUST_001471,1780805309.2388842,2026-06-07T04:08:29.238884+00:00,0,1,1,3027.6,0.17777931999705274,31,0,0,train
RD_000611,CUST_003684,1780806825.7134473,2026-06-07T04:33:45.713447+00:00,0,0,1,2048.7,0.2974482978509677,1,0,0,train
RD_001997,CUST_003239,1780808595.9203632,2026-06-07T05:03:15.920363+00:00,0,1,1,501.6,0.181844328618783,8,0,0,train
RD_004171,CUST_002445,1780809103.1322784,2026-06-07T05:11:43.132278+00:00,0,0,3,159.3,0.041072623197300005,2,0,0,train
RD_002320,CUST_002293,1780814259.388296,2026-06-07T06:37:39.388296+00:00,0,0,1,1018.6,0.036540925624814216,1,0,0,train
RD_001649,CUST_001404,1780814648.7107384,2026-06-07T06:44:08.710738+00:00,0,2,1,867.7,0.03482334496419411,38,0,0,train
RD_003370,CUST_000698,1780815070.6958575,2026-06-07T06:51:10.695858+00:00,0,0,1,1176.6,0.33730320119009083,1,0,0,train
RD_002107,CUST_002653,1780815743.2386954,2026-06-07T07:02:23.238695+00:00,0,0,1,8839.4,0.10770021792019342,1,0,0,train
RD_003605,CUST_004412,1780818607.4469328,2026-06-07T07:50:07.446933+00:00,0,0,1,1579.8,0.279397657053516,1,0,0,train
RD_001662,CUST_002865,1780819544.7471936,2026-06-07T08:05:44.747194+00:00,0,1,1,1395.7,0.21846020078529355,35,0,0,train
RD_001974,CUST_000781,1780819553.4668226,2026-06-07T08:05:53.466823+00:00,0,0,1,5683.9,0.1348639791952285,1,0,0,train
RD_005182,CUST_000343,1780821018.3438141,2026-06-07T08:30:18.343814+00:00,0,0,1,1655.1,0.1359827081404972,1,0,0,train
RD_AB_00007_00,CUST_PA00007_00,1780823973.489122,2026-06-07T09:19:33.489122+00:00,0,0,1,21.8,0.7797320111843731,3,0,1,train
RD_AB_00007_01,CUST_PA00007_01,1780825403.743617,2026-06-07T10:39:57.012262+00:00,1,1,2,19.1,0.9355286104306736,3,0,1,train
RD_005432,CUST_002855,1780825818.2404451,2026-06-07T09:50:18.240445+00:00,0,0,1,1041.8,0.2806972687708107,1,0,0,train
RD_001705,CUST_002503,1780828712.3370252,2026-06-07T10:38:32.337025+00:00,0,0,1,2339.1,0.013470566977932502,12,0,0,train
RD_AB_00007_02,CUST_PA00007_02,1780832178.3318517,2026-06-07T10:26:45.818299+00:00,2,2,3,59.6,0.9507275148888069,3,0,1,train
RD_003804,CUST_001843,1780832566.4545681,2026-06-07T11:42:46.454568+00:00,0,0,1,13346.0,0.40648802612428014,1,0,0,train
RD_002243,CUST_000219,1780839326.4836895,2026-06-07T13:35:26.483690+00:00,0,1,1,1319.0,0.1572582877800936,18,0,0,train
RD_003371,CUST_002339,1780840656.2452269,2026-06-07T13:57:36.245227+00:00,0,0,1,1785.0,0.006377301740253693,1,0,0,train
RD_001417,CUST_002609,1780841529.6157253,2026-06-07T14:12:09.615725+00:00,0,0,1,862.5,0.06578424749760717,1,0,0,train
RD_003974,CUST_001570,1780842920.4299436,2026-06-07T14:35:20.429944+00:00,0,0,2,1781.2,0.18663314736052142,4,0,0,train
RD_003493,CUST_001015,1780843128.6616979,2026-06-07T14:38:48.661698+00:00,0,0,1,26008.3,0.1320471518697668,1,0,0,train
RD_003508,CUST_003553,1780844536.5110145,2026-06-07T15:02:16.511014+00:00,0,0,1,762.0,0.1972332043216462,1,0,0,train
RD_000476,CUST_000833,1780847791.602957,2026-06-07T15:56:31.602957+00:00,0,0,1,1819.1,0.29830837508557534,1,0,0,train
RD_000404,CUST_002900,1780849608.3176916,2026-06-07T16:26:48.317692+00:00,0,0,1,323.3,0.24120712238482378,1,0,0,train
RD_003168,CUST_002132,1780850470.6104393,2026-06-07T16:41:10.610439+00:00,0,0,1,1611.7,0.1078117881706824,1,0,0,train
RD_003073,CUST_003923,1780851690.7655237,2026-06-07T17:01:30.765524+00:00,0,0,1,1735.7,0.1724662888917302,1,0,0,train
RD_004670,CUST_002577,1780853469.9918876,2026-06-07T17:31:09.991888+00:00,0,0,1,7259.5,0.14824657944238276,1,0,0,train
RD_002124,CUST_002821,1780854436.9553294,2026-06-07T17:47:16.955329+00:00,0,0,1,42.4,0.1438720635493948,1,0,0,train
RD_001207,CUST_000621,1780857089.2946563,2026-06-07T18:31:29.294656+00:00,0,0,1,626.8,0.14916349721571465,1,0,0,train
RD_003458,CUST_002038,1780857145.6188016,2026-06-07T18:32:25.618802+00:00,0,0,1,1591.8,0.1711993891701108,1,0,0,train
RD_001535,CUST_003217,1780857440.8487966,2026-06-07T18:37:20.848797+00:00,0,0,1,833.8,0.3451660081943427,1,0,0,train
RD_001339,CUST_003600,1780861617.5984051,2026-06-07T19:46:57.598405+00:00,0,0,1,3857.8,0.20749229304272745,1,0,0,train
RD_004293,CUST_003526,1780864564.2821226,2026-06-07T20:36:04.282123+00:00,0,0,1,9425.7,0.2174116803304135,1,0,0,train
RD_001319,CUST_001570,1780866096.7558377,2026-06-07T21:01:36.755838+00:00,1,0,2,4977.4,0.1564815611237626,3,0,0,train
RD_005497,CUST_000516,1780866306.6703613,2026-06-07T21:05:06.670361+00:00,0,0,1,2508.0,0.23326560052506143,1,0,0,train
RD_004800,CUST_001943,1780867229.0621185,2026-06-07T21:20:29.062119+00:00,0,0,1,1386.2,0.33317528723637274,1,0,0,train
RD_002844,CUST_000759,1780867565.8004584,2026-06-07T21:26:05.800458+00:00,0,0,1,3393.1,0.06520566059776564,1,0,0,train
RD_000227,CUST_001843,1780871104.0286272,2026-06-07T22:25:04.028627+00:00,0,0,1,560.8,0.4382189000410074,1,0,0,train
RD_005136,CUST_004544,1780872242.1586838,2026-06-07T22:44:02.158684+00:00,0,2,1,465.1,0.38661024265118354,26,0,0,train
RD_002683,CUST_003322,1780872898.6378236,2026-06-07T22:54:58.637824+00:00,0,0,3,15855.9,0.17085076303553917,4,0,0,train
RD_000790,CUST_002634,1780873634.4180174,2026-06-07T23:07:14.418017+00:00,0,0,1,7650.7,0.32345319501929015,1,0,0,train
RD_003734,CUST_001774,1780877405.0399866,2026-06-08T00:10:05.039987+00:00,0,0,1,1044.6,0.03298189564231903,1,0,0,train
RD_003573,CUST_001747,1780878142.94853,2026-06-08T00:22:22.948530+00:00,0,0,1,5526.9,0.31684438243425467,1,0,0,train
RD_001032,CUST_001375,1780880179.6505945,2026-06-08T00:56:19.650594+00:00,0,0,1,386.2,0.23327275549691057,1,0,0,train
RD_002283,CUST_003648,1780884349.5666797,2026-06-08T02:05:49.566680+00:00,0,0,1,731.0,0.1339783788652113,1,0,0,train
RD_004806,CUST_003028,1780886365.0583549,2026-06-08T02:39:25.058355+00:00,1,0,3,1293.4,0.20171831032492707,4,0,0,train
RD_000702,CUST_001843,1780886719.5965984,2026-06-08T02:45:19.596598+00:00,0,0,1,2131.5,0.1069972910739702,1,0,0,train
RD_003231,CUST_001404,1780886812.1363447,2026-06-08T02:46:52.136345+00:00,0,1,1,3766.4,0.2830424783778138,34,0,0,train
RD_004729,CUST_001121,1780886897.169865,2026-06-08T02:48:17.169865+00:00,0,0,1,3785.1,0.34775239893589965,1,0,0,train
RD_004121,CUST_001798,1780888205.4850605,2026-06-08T03:10:05.485060+00:00,0,0,1,471.5,0.4476865442676106,1,0,0,train
RD_000015,CUST_001770,1780889415.2468698,2026-06-08T03:30:15.246870+00:00,0,1,1,3545.4,0.5141761970261419,20,0,0,train
RD_000792,CUST_004038,1780894312.0555353,2026-06-08T04:51:52.055535+00:00,0,0,1,4000.3,0.07521202737504125,1,0,0,train
RD_004353,CUST_002621,1780894403.779551,2026-06-08T04:53:23.779551+00:00,0,0,3,1092.3,0.14198628748743042,2,0,0,train
RD_001941,CUST_001169,1780895804.744971,2026-06-08T05:16:44.744971+00:00,0,0,1,2637.2,0.3084384041191295,1,0,0,train
RD_004534,CUST_003893,1780896072.950272,2026-06-08T05:21:12.950272+00:00,0,0,1,7002.4,0.0492618587643964,1,0,0,train
RD_000353,CUST_000978,1780898451.4506228,2026-06-08T06:00:51.450623+00:00,0,0,1,1081.2,0.08828553479288488,1,0,0,train
RD_000354,CUST_003923,1780900937.3608215,2026-06-08T06:42:17.360821+00:00,0,0,1,25152.7,0.5908018459509249,1,0,0,train
RD_003498,CUST_002104,1780901120.1159399,2026-06-08T06:45:20.115940+00:00,0,0,1,342.4,0.4976136549785633,1,0,0,train
RD_001172,CUST_002771,1780901549.2648535,2026-06-08T06:52:29.264853+00:00,0,0,1,2330.6,0.07970118932114738,1,0,0,train
RD_000924,CUST_000439,1780902641.6239483,2026-06-08T07:10:41.623948+00:00,1,0,2,957.8,0.09665135944611014,4,0,0,train
RD_002945,CUST_001298,1780904901.2789075,2026-06-08T07:48:21.278908+00:00,0,0,1,2698.8,0.08693962974773754,1,0,0,train
RD_003375,CUST_001698,1780905254.574791,2026-06-08T07:54:14.574791+00:00,0,0,1,4913.3,0.24281900567324022,1,0,0,train
RD_000588,CUST_000269,1780906787.325249,2026-06-08T08:19:47.325249+00:00,0,0,1,9203.2,0.2054763474986519,1,0,0,train
RD_000299,CUST_004253,1780908716.9451694,2026-06-08T08:51:56.945169+00:00,0,0,1,500.1,0.25186498166691224,1,0,0,train
RD_003195,CUST_002605,1780909168.4209023,2026-06-08T08:59:28.420902+00:00,0,0,1,908.3,0.08086851398065012,1,0,0,train
RD_000939,CUST_001104,1780912818.725947,2026-06-08T10:00:18.725947+00:00,0,0,1,202.8,0.040528138701162,1,0,0,train
RD_000762,CUST_000054,1780913287.1411612,2026-06-08T10:08:07.141161+00:00,0,0,1,3874.3,0.11716771978875166,1,0,0,train
RD_004487,CUST_001406,1780914794.1438997,2026-06-08T10:33:14.143900+00:00,0,0,1,15743.8,0.15322309836949075,1,0,0,train
RD_003612,CUST_000731,1780914823.184268,2026-06-08T10:33:43.184268+00:00,0,0,1,94.7,0.08353815454191783,1,0,0,train
RD_003969,CUST_001847,1780916231.3959987,2026-06-08T10:57:11.395999+00:00,0,0,1,1558.5,0.031066870778217594,1,0,0,train
RD_005358,CUST_000788,1780917143.105275,2026-06-08T11:12:23.105275+00:00,0,0,1,1261.4,0.23542605388148283,1,0,0,train
RD_003896,CUST_000865,1780918821.6068623,2026-06-08T11:40:21.606862+00:00,0,0,1,592.5,0.02858629692752636,1,0,0,train
RD_000705,CUST_002187,1780920039.0391636,2026-06-08T12:00:39.039164+00:00,0,0,1,675.0,0.14320422543146585,1,0,0,train
RD_002222,CUST_002438,1780920782.789044,2026-06-08T12:13:02.789044+00:00,0,0,1,4323.7,0.013013883142087547,1,0,0,train
RD_001235,CUST_002256,1780921437.4404671,2026-06-08T12:23:57.440467+00:00,1,0,3,37.3,0.09770658494150122,4,0,0,train
RD_002810,CUST_001190,1780924426.3945508,2026-06-08T13:13:46.394551+00:00,0,0,1,20258.8,0.15302024042687937,1,0,0,train
RD_002628,CUST_001912,1780924643.1249185,2026-06-08T13:17:23.124918+00:00,0,0,1,1250.8,0.1830990200093014,1,0,0,train
RD_002100,CUST_000132,1780925975.4334247,2026-06-08T13:39:35.433425+00:00,0,0,1,1356.3,0.1893734141376151,2,0,0,train
RD_001467,CUST_001625,1780927120.717788,2026-06-08T13:58:40.717788+00:00,0,0,1,60.9,0.30619401647957445,1,0,0,train
RD_000793,CUST_004319,1780930779.6809049,2026-06-08T14:59:39.680905+00:00,0,0,1,6865.1,0.14138070573214703,1,0,0,train
RD_000008,CUST_001985,1780931889.0878422,2026-06-08T15:18:09.087842+00:00,0,0,1,32990.6,0.21514287586360328,1,0,0,train
RD_001891,CUST_000269,1780934739.425286,2026-06-08T16:05:39.425286+00:00,0,0,1,2301.7,0.13833583578102723,1,0,0,train
RD_001940,CUST_000473,1780936865.2883606,2026-06-08T16:41:05.288361+00:00,0,0,1,10088.6,0.6685944290539787,1,0,0,train
RD_001980,CUST_000788,1780940303.6331165,2026-06-08T17:38:23.633116+00:00,0,0,1,86.9,0.16196712433809002,1,0,0,train
RD_000625,CUST_003291,1780940773.3332293,2026-06-08T17:46:13.333229+00:00,1,0,3,334.6,0.18299463252352433,3,0,0,train
RD_000095,CUST_002762,1780942222.5072756,2026-06-08T18:10:22.507276+00:00,0,0,1,868.3,0.27323559870057945,1,0,0,train
RD_004696,CUST_001328,1780945968.626426,2026-06-08T19:12:48.626426+00:00,0,0,1,1672.2,0.23415082758393604,1,0,0,train
RD_002911,CUST_000964,1780948212.865818,2026-06-08T19:50:12.865818+00:00,0,0,1,1420.6,0.10643982748133829,1,0,0,train
RD_004906,CUST_002153,1780948374.7512107,2026-06-08T19:52:54.751211+00:00,0,0,1,181.6,0.3363262758011597,1,0,0,train
RD_005083,CUST_001719,1780948546.5713751,2026-06-08T19:55:46.571375+00:00,0,0,1,502.7,0.13035316803112568,1,0,0,train
RD_004165,CUST_004500,1780949846.7062063,2026-06-08T20:17:26.706206+00:00,0,0,1,2134.2,0.20239712485609188,1,0,0,train
RD_004648,CUST_002050,1780951729.6584468,2026-06-08T20:48:49.658447+00:00,0,0,2,1460.7,0.313189939910921,3,0,0,train
RD_003121,CUST_000922,1780951890.1500347,2026-06-08T20:51:30.150035+00:00,0,0,1,2313.3,0.33424977505414677,1,0,0,train
RD_001084,CUST_003455,1780952394.420384,2026-06-08T20:59:54.420384+00:00,0,0,1,3383.2,0.13128384533816218,1,0,0,train
RD_001671,CUST_003138,1780952414.3150363,2026-06-08T21:00:14.315036+00:00,0,0,1,18584.0,0.15184818222635488,1,0,0,train
RD_003286,CUST_000671,1780953855.1330647,2026-06-08T21:24:15.133065+00:00,0,2,1,3501.1,0.3678225480960527,15,0,0,train
RD_005016,CUST_002636,1780954401.797234,2026-06-08T21:33:21.797234+00:00,0,2,1,348.1,0.25259299528898504,25,0,0,train
RD_005005,CUST_001066,1780954411.0870342,2026-06-08T21:33:31.087034+00:00,0,0,1,755.7,0.16856564284829034,1,0,0,train
RD_000222,CUST_000661,1780955557.512975,2026-06-08T21:52:37.512975+00:00,0,0,1,1758.3,0.05339770953544575,1,0,0,train
RD_001263,CUST_004013,1780956767.6123207,2026-06-08T22:12:47.612321+00:00,0,0,1,57041.0,0.1892570248523814,40,0,0,train
RD_005409,CUST_000207,1780956862.9926083,2026-06-08T22:14:22.992608+00:00,0,0,1,807.5,0.20024026858566996,1,0,0,train
RD_002420,CUST_001145,1780957400.8743918,2026-06-08T22:23:20.874392+00:00,0,0,1,7363.4,0.35476554880851036,25,0,0,train
RD_002141,CUST_000480,1780958783.5626292,2026-06-08T22:46:23.562629+00:00,0,0,1,2091.4,0.17475671664522338,1,0,0,train
RD_004231,CUST_000132,1780960261.0572107,2026-06-08T23:11:01.057211+00:00,0,0,2,4973.4,0.18637650681619997,3,0,0,train
RD_000126,CUST_001837,1780962331.8151572,2026-06-08T23:45:31.815157+00:00,0,0,1,609.5,0.15575499960444286,1,0,0,train
RD_005084,CUST_001169,1780965706.961883,2026-06-09T00:41:46.961883+00:00,0,0,1,424.8,0.06212797364085097,1,0,0,train
RD_005125,CUST_000702,1780967509.7011247,2026-06-09T01:11:49.701125+00:00,0,0,1,2786.2,0.06408564361141308,1,0,0,train
RD_005264,CUST_003307,1780968094.283509,2026-06-09T01:21:34.283509+00:00,0,0,1,2919.5,0.22507748548381998,1,0,0,train
RD_001478,CUST_000132,1780969375.165229,2026-06-09T01:42:55.165229+00:00,0,0,1,1865.7,0.32928098979720005,4,0,0,train
RD_000688,CUST_003455,1780969883.0495746,2026-06-09T01:51:23.049575+00:00,0,0,1,881.0,0.10117773267962807,1,0,0,train
RD_001981,CUST_002868,1780972361.5772479,2026-06-09T02:32:41.577248+00:00,0,0,1,3586.7,0.35543347425138944,1,0,0,train
RD_005199,CUST_002605,1780972424.8152137,2026-06-09T02:33:44.815214+00:00,0,0,1,621.8,0.3716246594367239,1,0,0,train
RD_004995,CUST_000370,1780973985.5712361,2026-06-09T02:59:45.571236+00:00,0,0,1,7708.2,0.09760587320261044,1,0,0,train
RD_002576,CUST_003664,1780974148.3867214,2026-06-09T03:02:28.386721+00:00,0,0,1,5968.8,0.09449445373058993,1,0,0,train
RD_001722,CUST_000759,1780974357.426987,2026-06-09T03:05:57.426987+00:00,0,0,1,765.8,0.1122837096941685,1,0,0,train
RD_002508,CUST_001414,1780975678.8985596,2026-06-09T03:27:58.898560+00:00,0,0,1,1023.7,0.21850505544850216,1,0,0,train
RD_004003,CUST_004261,1780981194.158988,2026-06-09T04:59:54.158988+00:00,0,0,1,1664.5,0.0846951350499075,1,0,0,train
RD_002561,CUST_000871,1780985618.4109476,2026-06-09T06:13:38.410948+00:00,0,0,1,39224.3,0.01881373323013108,1,0,0,train
RD_004370,CUST_003476,1780988690.6779804,2026-06-09T07:04:50.677980+00:00,0,0,1,643.8,0.000671478268361955,1,0,0,train
RD_001064,CUST_000220,1780991059.1665082,2026-06-09T07:44:19.166508+00:00,0,0,1,10341.8,0.0699618252752967,1,0,0,train
RD_003562,CUST_003408,1780991721.3113875,2026-06-09T07:55:21.311388+00:00,0,0,1,1384.8,0.3635528623167811,1,0,0,train
RD_000594,CUST_001570,1780992828.0769029,2026-06-09T08:13:48.076903+00:00,0,0,2,3010.6,0.09587834200499619,3,0,0,train
RD_002034,CUST_002907,1780993757.1170504,2026-06-09T08:29:17.117050+00:00,1,0,2,561.0,0.4907709833203148,2,0,0,train
RD_004486,CUST_003661,1780996989.452902,2026-06-09T09:23:09.452902+00:00,0,0,1,421.3,0.3259107330130192,1,0,0,train
RD_003277,CUST_000608,1780997786.092448,2026-06-09T09:36:26.092448+00:00,0,0,1,2648.6,0.2255570872246138,1,0,0,train
RD_000101,CUST_003841,1780998300.7941906,2026-06-09T09:45:00.794191+00:00,0,0,1,61497.7,0.21825415071267557,1,0,0,train
RD_005012,CUST_004328,1781000916.3477,2026-06-09T10:28:36.347700+00:00,0,2,1,2527.0,0.2703462554738618,34,0,0,train
RD_002655,CUST_000067,1781001272.3900492,2026-06-09T10:34:32.390049+00:00,0,0,1,5033.8,0.4434936978222064,1,0,0,train
RD_001181,CUST_000564,1781001511.6720784,2026-06-09T10:38:31.672078+00:00,0,0,1,1282.8,0.12201782626799824,1,0,0,train
RD_004743,CUST_000846,1781003935.0123415,2026-06-09T11:18:55.012341+00:00,0,0,1,217.3,0.09647411031080544,1,0,0,train
RD_001588,CUST_003015,1781004677.69998,2026-06-09T11:31:17.699980+00:00,0,0,1,3481.4,0.1133473800515201,1,0,0,train
RD_004475,CUST_000166,1781004727.9446855,2026-06-09T11:32:07.944685+00:00,0,0,1,30289.0,0.04158959644942831,1,0,0,train
RD_001851,CUST_002061,1781005668.386198,2026-06-09T11:47:48.386198+00:00,0,0,1,4287.3,0.2235935847073637,1,0,0,train
RD_000880,CUST_004297,1781005745.844954,2026-06-09T11:49:05.844954+00:00,0,0,1,2095.6,0.14436190393317005,2,0,0,train
RD_001817,CUST_000384,1781007003.289736,2026-06-09T12:10:03.289736+00:00,0,0,1,46882.1,0.06787492674737947,1,0,0,train
RD_000999,CUST_004418,1781007129.2339802,2026-06-09T12:12:09.233980+00:00,0,0,1,1830.7,0.42564467930431166,1,0,0,train
RD_004812,CUST_002862,1781007316.9222202,2026-06-09T12:15:16.922220+00:00,0,0,1,674.3,0.12199943174915405,1,0,0,train
RD_004704,CUST_002855,1781007818.6157942,2026-06-09T12:23:38.615794+00:00,0,0,1,9091.2,0.04380530155574536,1,0,0,train
RD_002130,CUST_003845,1781008210.6675298,2026-06-09T12:30:10.667530+00:00,0,0,1,2216.0,0.27266774568064334,1,0,0,train
RD_003824,CUST_002522,1781008487.2933102,2026-06-09T12:34:47.293310+00:00,1,0,1,1112.8,0.40568491329473366,3,0,0,train
RD_002491,CUST_003012,1781008908.4467702,2026-06-09T12:41:48.446770+00:00,0,0,1,11259.2,0.13712313184472744,1,0,0,train
RD_003111,CUST_003820,1781009702.7576478,2026-06-09T12:55:02.757648+00:00,0,0,1,6560.3,0.2705456958739348,1,0,0,train
RD_003505,CUST_003080,1781010626.081681,2026-06-09T13:10:26.081681+00:00,0,0,1,2940.0,0.2468997382542678,1,0,0,train
RD_002957,CUST_003172,1781012790.6150513,2026-06-09T13:46:30.615051+00:00,0,0,1,1791.6,0.17250300300631174,1,0,0,train
RD_005496,CUST_001347,1781013203.09438,2026-06-09T13:53:23.094380+00:00,0,0,1,3284.2,0.1895412668029069,1,0,0,train
RD_004017,CUST_003220,1781015116.8221521,2026-06-09T14:25:16.822152+00:00,0,0,1,15702.3,0.0826028569626142,1,0,0,train
RD_000714,CUST_000871,1781016386.0921597,2026-06-09T14:46:26.092160+00:00,0,0,1,6958.0,0.20813522925384995,1,0,0,train
RD_004485,CUST_001852,1781018088.178104,2026-06-09T15:14:48.178104+00:00,0,0,1,2514.0,0.22980589085185552,1,0,0,train
RD_001954,CUST_000475,1781020010.839922,2026-06-09T15:46:50.839922+00:00,0,0,1,14550.7,0.2825480670429253,1,0,0,train
RD_004791,CUST_003258,1781020803.7335398,2026-06-09T16:00:03.733540+00:00,0,0,1,259.1,0.026358104619086217,1,0,0,train
RD_003258,CUST_002841,1781022783.816995,2026-06-09T16:33:03.816995+00:00,0,0,1,2301.3,0.24141421300716961,1,0,0,train
RD_003592,CUST_003906,1781023256.2859638,2026-06-09T16:40:56.285964+00:00,0,0,1,3263.8,0.33991497962230366,1,0,0,train
RD_001453,CUST_002682,1781025450.2082562,2026-06-09T17:17:30.208256+00:00,0,0,1,592.2,0.115851724779353,1,0,0,train
RD_000649,CUST_001496,1781028151.5951164,2026-06-09T18:02:31.595116+00:00,0,0,2,6863.9,0.15781527092893538,3,0,0,train
RD_003333,CUST_000279,1781028862.9182549,2026-06-09T18:14:22.918255+00:00,0,0,1,2009.0,0.3024874443200906,1,0,0,train
RD_002716,CUST_000245,1781029213.0444267,2026-06-09T18:20:13.044427+00:00,0,0,1,13155.6,0.03725371743660083,1,0,0,train
RD_000509,CUST_002374,1781032229.133269,2026-06-09T19:10:29.133269+00:00,0,0,1,3665.9,0.14951979817256922,1,0,0,train
RD_004739,CUST_000086,1781034207.1184585,2026-06-09T19:43:27.118459+00:00,0,0,1,549.5,0.11292605608596751,1,0,0,train
RD_004500,CUST_003520,1781036552.7926314,2026-06-09T20:22:32.792631+00:00,0,0,1,3189.2,0.33436834710835106,1,0,0,train
RD_003491,CUST_004121,1781039325.963947,2026-06-09T21:08:45.963947+00:00,0,0,1,1981.5,0.08856000499691033,1,0,0,train
RD_002407,CUST_003525,1781039515.384557,2026-06-09T21:11:55.384557+00:00,0,0,1,1675.6,0.2883277423561417,1,0,0,train
RD_003145,CUST_002438,1781040888.9755538,2026-06-09T21:34:48.975554+00:00,0,0,1,94.6,0.17650296940374516,1,0,0,train
RD_002782,CUST_003762,1781041413.1174154,2026-06-09T21:43:33.117415+00:00,0,0,1,559.5,0.042309724451166326,1,0,0,train
RD_003153,CUST_002132,1781042641.5839562,2026-06-09T22:04:01.583956+00:00,0,0,1,1338.2,0.11019854723190001,1,0,0,train
RD_005256,CUST_003205,1781044006.5075705,2026-06-09T22:26:46.507571+00:00,0,0,1,4073.7,0.057415462591598215,1,0,0,train
RD_001035,CUST_000556,1781044864.9208019,2026-06-09T22:41:04.920802+00:00,0,0,1,142.5,0.16682138694924942,1,0,0,train
RD_003550,CUST_004396,1781047563.6377838,2026-06-09T23:26:03.637784+00:00,0,0,1,55066.1,0.29987708324697887,1,0,0,train
RD_004789,CUST_002235,1781049236.7895303,2026-06-09T23:53:56.789530+00:00,0,0,1,2593.5,0.14328377636374642,1,0,0,train
RD_003952,CUST_004488,1781051332.504618,2026-06-10T00:28:52.504618+00:00,0,0,1,7666.3,0.30073130075272914,1,0,0,train
RD_005404,CUST_001583,1781052022.1730824,2026-06-10T00:40:22.173082+00:00,0,0,1,562.4,0.2887894460610316,1,0,0,train
RD_004287,CUST_003358,1781053296.933163,2026-06-10T01:01:36.933163+00:00,0,0,1,1409.4,0.11273952943311355,1,0,0,train
RD_001912,CUST_000279,1781055207.3825958,2026-06-10T01:33:27.382596+00:00,0,0,1,21122.2,0.05677154992862469,1,0,0,train
RD_003152,CUST_003138,1781055372.9910686,2026-06-10T01:36:12.991069+00:00,0,0,1,7853.8,0.1836549616224886,1,0,0,train
RD_004763,CUST_002791,1781056438.5267475,2026-06-10T01:53:58.526747+00:00,0,0,1,538.6,0.144430851822867,1,0,0,train
RD_001840,CUST_002492,1781057492.957518,2026-06-10T02:11:32.957518+00:00,0,0,1,9904.7,0.037427606436548015,1,0,0,train
RD_002214,CUST_003226,1781060561.7332592,2026-06-10T03:02:41.733259+00:00,0,0,1,3313.9,0.3836889857954562,1,0,0,train
RD_004797,CUST_002069,1781061777.2221596,2026-06-10T03:22:57.222160+00:00,0,0,1,14134.4,0.1656000477612272,1,0,0,train
RD_001103,CUST_003893,1781063273.5045943,2026-06-10T03:47:53.504594+00:00,0,0,1,1369.2,0.3229411254025631,1,0,0,train
RD_001520,CUST_001199,1781064897.766826,2026-06-10T04:14:57.766826+00:00,0,0,1,4251.6,0.36502065273039946,1,0,0,train
RD_004197,CUST_003205,1781064903.6838458,2026-06-10T04:15:03.683846+00:00,0,0,1,4470.9,0.17720653712511533,1,0,0,train
RD_005052,CUST_001414,1781065679.3651624,2026-06-10T04:27:59.365162+00:00,0,0,1,444.6,0.1659209919591031,1,0,0,train
RD_000179,CUST_000516,1781066196.0132196,2026-06-10T04:36:36.013220+00:00,0,0,1,5885.2,0.6227643541227375,1,0,0,train
RD_004653,CUST_003134,1781071135.5389795,2026-06-10T05:58:55.538980+00:00,1,0,2,2921.1,0.06399162874890756,3,0,0,train
RD_000981,CUST_000392,1781071892.788718,2026-06-10T06:11:32.788718+00:00,0,0,1,2127.0,0.14012398036134113,1,0,0,train
RD_001266,CUST_000218,1781071914.4264588,2026-06-10T06:11:54.426459+00:00,0,0,3,1228.2,0.2155356573003212,4,0,0,train
RD_003359,CUST_003480,1781072851.3043408,2026-06-10T06:27:31.304341+00:00,0,0,1,553.2,0.17807850869795894,1,0,0,train
RD_000669,CUST_002636,1781073820.010261,2026-06-10T06:43:40.010261+00:00,0,0,1,45.6,0.2268109979917709,26,0,0,train
RD_001637,CUST_000111,1781074736.6416178,2026-06-10T06:58:56.641618+00:00,0,0,1,9462.6,0.43375237552762647,1,0,0,train
RD_003706,CUST_000132,1781077471.607598,2026-06-10T07:44:31.607598+00:00,1,0,1,4702.5,0.18824853849060041,3,0,0,train
RD_004955,CUST_000592,1781078171.0241678,2026-06-10T07:56:11.024168+00:00,0,0,1,679.4,0.25758663531699,1,0,0,train
RD_002194,CUST_003906,1781079408.2984004,2026-06-10T08:16:48.298400+00:00,0,0,1,12248.5,0.1576749351037007,1,0,0,train
RD_002394,CUST_001843,1781080654.8733525,2026-06-10T08:37:34.873353+00:00,0,0,1,4805.3,0.5410441486025346,1,0,0,train
RD_003376,CUST_004153,1781081057.5253446,2026-06-10T08:44:17.525345+00:00,0,0,1,4024.3,0.17637846548344016,1,0,0,train
RD_001307,CUST_002794,1781083006.7403204,2026-06-10T09:16:46.740320+00:00,0,1,1,225.5,0.03582989110506053,26,0,0,train
RD_004447,CUST_003028,1781083161.734629,2026-06-10T09:19:21.734629+00:00,0,0,2,6505.5,0.23529669423153748,3,0,0,train
RD_002217,CUST_002187,1781083323.4986465,2026-06-10T09:22:03.498646+00:00,0,0,1,1098.9,0.1213468316523005,1,0,0,train
RD_001521,CUST_000113,1781083626.8314497,2026-06-10T09:27:06.831450+00:00,0,0,1,6375.3,0.15839008287763987,1,0,0,train
RD_005444,CUST_003169,1781083695.4228919,2026-06-10T09:28:15.422892+00:00,0,0,1,1694.2,0.22472587067443214,1,0,0,train
RD_003082,CUST_004077,1781083805.1528187,2026-06-10T09:30:05.152819+00:00,0,0,1,906.9,0.19605314318643055,1,0,0,train
RD_000139,CUST_001946,1781084022.0436568,2026-06-10T09:33:42.043657+00:00,0,0,1,1545.1,0.2879632942002932,1,0,0,train
RD_000642,CUST_001843,1781084453.531988,2026-06-10T09:40:53.531988+00:00,0,0,1,286.5,0.13598222027823223,1,0,0,train
RD_002682,CUST_002342,1781086674.5457351,2026-06-10T10:17:54.545735+00:00,0,0,1,1691.9,0.10160409619977973,1,0,0,train
RD_003232,CUST_003428,1781089911.9655163,2026-06-10T11:11:51.965516+00:00,0,0,1,10049.1,0.09924443684176644,1,0,0,train
RD_003931,CUST_004477,1781091086.784226,2026-06-10T11:31:26.784226+00:00,0,1,1,7751.6,0.10567516549837025,10,0,0,train
RD_003920,CUST_001505,1781093320.0839252,2026-06-10T12:08:40.083925+00:00,0,0,1,3020.8,0.08713436068671775,1,0,0,train
RD_005100,CUST_003915,1781100520.508328,2026-06-10T14:08:40.508328+00:00,0,0,1,7100.1,0.33486159570097995,1,0,0,train
RD_001701,CUST_003557,1781102891.0429444,2026-06-10T14:48:11.042944+00:00,0,0,1,52921.9,0.2172506388491317,1,0,0,train
RD_001514,CUST_000626,1781102899.993771,2026-06-10T14:48:19.993771+00:00,0,0,1,633.4,0.43152887287336106,1,0,0,train
RD_001340,CUST_003707,1781103410.2809393,2026-06-10T14:56:50.280939+00:00,0,0,1,12434.4,0.13818684766835715,1,0,0,train
RD_005210,CUST_004440,1781104003.3697152,2026-06-10T15:06:43.369715+00:00,0,0,1,14475.7,0.05921105606431825,1,0,0,train
RD_005174,CUST_001906,1781104342.374743,2026-06-10T15:12:22.374743+00:00,0,0,1,1536.4,0.2229209464324518,1,0,0,train
RD_003148,CUST_004270,1781105409.3644142,2026-06-10T15:30:09.364414+00:00,0,0,1,12499.4,0.3610137677942408,1,0,0,train
RD_000470,CUST_002037,1781106478.4867437,2026-06-10T15:47:58.486744+00:00,0,0,1,9800.6,0.026314300664232054,1,0,0,train
RD_000285,CUST_000305,1781109422.1382911,2026-06-10T16:37:02.138291+00:00,1,0,2,3740.2,0.28906958762397766,2,0,0,train
RD_002819,CUST_004434,1781112072.3044653,2026-06-10T17:21:12.304465+00:00,0,0,1,173.0,0.3562860630692065,1,0,0,train
RD_004429,CUST_001152,1781112281.4525118,2026-06-10T17:24:41.452512+00:00,0,0,1,1204.3,0.017830948487298794,1,0,0,train
RD_005228,CUST_002187,1781113053.844608,2026-06-10T17:37:33.844608+00:00,0,0,1,10462.4,0.047158777023658,1,0,0,train
RD_004296,CUST_001883,1781113563.1390033,2026-06-10T17:46:03.139003+00:00,0,0,1,1424.6,0.02084804153929882,1,0,0,train
RD_000837,CUST_004157,1781113888.961195,2026-06-10T17:51:28.961195+00:00,0,0,1,9087.0,0.1810702497439797,1,0,0,train
RD_000180,CUST_000269,1781114615.433437,2026-06-10T18:03:35.433437+00:00,0,0,1,2849.9,0.07300512315724965,1,0,0,train
RD_002255,CUST_002782,1781115509.7518742,2026-06-10T18:18:29.751874+00:00,0,0,1,245.9,0.11760986225402242,1,0,0,train
RD_000847,CUST_002866,1781116472.4663353,2026-06-10T18:34:32.466335+00:00,0,0,1,237.8,0.03839438689273204,1,0,0,train
RD_000203,CUST_002679,1781116549.993804,2026-06-10T18:35:49.993804+00:00,0,0,1,8601.0,0.07072292158067128,1,0,0,train
RD_004957,CUST_000362,1781117244.346139,2026-06-10T18:47:24.346139+00:00,0,0,1,1830.6,0.2779238186379584,1,0,0,train
RD_003742,CUST_001199,1781118328.1077516,2026-06-10T19:05:28.107752+00:00,0,0,1,1975.5,0.06861463839784177,1,0,0,train
RD_001203,CUST_000698,1781120508.1863174,2026-06-10T19:41:48.186317+00:00,0,0,1,2215.4,0.0777307715829533,1,0,0,train
RD_005424,CUST_004239,1781122509.8578587,2026-06-10T20:15:09.857859+00:00,0,0,1,3367.6,0.22191057999437871,1,0,0,train
RD_005340,CUST_001270,1781123392.2251856,2026-06-10T20:29:52.225186+00:00,0,1,1,1717.7,0.2323180750989654,37,0,0,train
RD_004036,CUST_000476,1781124533.9896288,2026-06-10T20:48:53.989629+00:00,0,0,1,2275.5,0.26796417570049536,1,0,0,train
RD_000269,CUST_003600,1781125045.4223077,2026-06-10T20:57:25.422308+00:00,0,0,1,800.0,0.20595800402823786,1,0,0,train
RD_000937,CUST_000335,1781127038.9041123,2026-06-10T21:30:38.904112+00:00,0,0,1,1359.7,0.255470962847308,1,0,0,train
RD_002058,CUST_000648,1781133412.5757103,2026-06-10T23:16:52.575710+00:00,0,0,1,3200.6,0.012627457199746556,1,0,0,train
RD_005186,CUST_002050,1781138309.472899,2026-06-11T00:38:29.472899+00:00,1,0,3,408.5,0.06036573368494857,3,0,0,train
RD_000188,CUST_003329,1781138915.8985174,2026-06-11T00:48:35.898517+00:00,0,0,1,8091.4,0.3717507473384572,1,0,0,train
RD_002554,CUST_004434,1781141867.2588937,2026-06-11T01:37:47.258894+00:00,0,0,1,42916.1,0.10254502978744437,1,0,0,train
RD_003639,CUST_001100,1781143859.7141042,2026-06-11T02:10:59.714104+00:00,0,0,1,2939.5,0.1077225643401844,1,0,0,train
RD_004570,CUST_004171,1781144478.6705518,2026-06-11T02:21:18.670552+00:00,1,0,3,1594.0,0.15166581920738728,3,0,0,train
RD_003563,CUST_002682,1781145445.2280457,2026-06-11T02:37:25.228046+00:00,0,0,1,50862.1,0.284672972031788,1,0,0,train
RD_003998,CUST_003169,1781147220.9185474,2026-06-11T03:07:00.918547+00:00,0,0,1,187.1,0.28045517087765615,1,0,0,train
RD_003718,CUST_004448,1781148178.6385448,2026-06-11T03:22:58.638545+00:00,0,0,1,32.5,0.24963284853281542,1,0,0,validation
RD_005268,CUST_000460,1781148904.963969,2026-06-11T03:35:04.963969+00:00,0,1,1,5639.7,0.024891051715724227,8,0,0,validation
RD_004565,CUST_001725,1781154607.2546282,2026-06-11T05:10:07.254628+00:00,0,0,1,650.2,0.35380623382731063,1,0,0,validation
RD_001283,CUST_000192,1781154608.00515,2026-06-11T05:10:08.005150+00:00,0,0,1,2860.8,0.051828255895600174,1,0,0,validation
RD_000941,CUST_002605,1781154923.0007324,2026-06-11T05:15:23.000732+00:00,0,0,1,759.8,0.308254391320259,1,0,0,validation
RD_004391,CUST_000531,1781155221.772445,2026-06-11T05:20:21.772445+00:00,0,0,1,642.5,0.23151674671224823,1,0,0,validation
RD_003603,CUST_002076,1781156219.8385208,2026-06-11T05:36:59.838521+00:00,0,0,1,2044.6,0.32986037870297935,1,0,0,validation
RD_000018,CUST_002839,1781157330.7198973,2026-06-11T05:55:30.719897+00:00,0,0,1,9070.7,0.19550691188283273,1,0,0,validation
RD_001342,CUST_002522,1781157484.8634892,2026-06-11T05:58:04.863489+00:00,1,0,2,42848.8,0.13672939553524038,2,0,0,validation
RD_004993,CUST_000245,1781157711.7529633,2026-06-11T06:01:51.752963+00:00,0,0,1,13208.1,0.21912576540720438,1,0,0,validation
RD_004152,CUST_002764,1781159199.9842098,2026-06-11T06:26:39.984210+00:00,0,2,1,1210.2,0.0791194283040648,23,0,0,validation
RD_003151,CUST_000955,1781159937.938243,2026-06-11T06:38:57.938243+00:00,0,0,1,245.0,0.25356306973052295,1,0,0,validation
RD_002233,CUST_003266,1781162462.9781344,2026-06-11T07:21:02.978134+00:00,0,0,1,726.3,0.031133721798004603,1,0,0,validation
RD_001155,CUST_002913,1781162589.9843712,2026-06-11T07:23:09.984371+00:00,0,0,1,16186.3,0.11985241028307078,1,0,0,validation
RD_005063,CUST_002098,1781164199.7310264,2026-06-11T07:49:59.731026+00:00,1,0,3,1272.0,0.37922277249572633,4,0,0,validation
RD_003996,CUST_002653,1781164399.8201094,2026-06-11T07:53:19.820109+00:00,0,0,1,4253.5,0.1656766362377993,1,0,0,validation
RD_001288,CUST_004261,1781169712.1606035,2026-06-11T09:21:52.160604+00:00,0,0,1,2551.1,0.20184195410453917,1,0,0,validation
RD_000173,CUST_002076,1781171023.7798133,2026-06-11T09:43:43.779813+00:00,0,0,1,13764.2,0.1530502452444738,1,0,0,validation
RD_004167,CUST_002601,1781171055.3900871,2026-06-11T09:44:15.390087+00:00,0,0,1,1182.5,0.011030847016214661,1,0,0,validation
RD_003444,CUST_003449,1781171461.9153755,2026-06-11T09:51:01.915375+00:00,0,0,1,16020.3,0.45629109119238487,1,0,0,validation
RD_001301,CUST_000219,1781174219.283516,2026-06-11T10:36:59.283516+00:00,0,2,1,891.3,0.0468213446217397,30,0,0,validation
RD_000840,CUST_003673,1781175747.9607916,2026-06-11T11:02:27.960792+00:00,0,0,1,13834.9,0.20373805525090488,1,0,0,validation
RD_001265,CUST_004380,1781177305.7343771,2026-06-11T11:28:25.734377+00:00,0,0,1,1155.2,0.34121755747426274,1,0,0,validation
RD_004323,CUST_001906,1781179017.8962107,2026-06-11T11:56:57.896211+00:00,0,0,1,2434.5,0.024385920612916934,1,0,0,validation
RD_003934,CUST_002176,1781182193.861964,2026-06-11T12:49:53.861964+00:00,0,0,1,7488.1,0.14905039570560333,1,0,0,validation
RD_002390,CUST_004077,1781182528.4615371,2026-06-11T12:55:28.461537+00:00,0,0,1,10687.1,0.04134419329765276,1,0,0,validation
RD_003786,CUST_001509,1781183753.730784,2026-06-11T13:15:53.730784+00:00,0,0,1,1374.0,0.1586222207127918,1,0,0,validation
RD_002974,CUST_000111,1781183959.7358496,2026-06-11T13:19:19.735850+00:00,0,0,1,1854.6,0.17516889636376196,1,0,0,validation
RD_000143,CUST_004477,1781185780.9661841,2026-06-11T13:49:40.966184+00:00,0,1,1,1213.2,0.40520691784247465,15,0,0,validation
RD_000547,CUST_003778,1781185885.1743379,2026-06-11T13:51:25.174338+00:00,0,0,1,231.7,0.08450784041409795,1,0,0,validation
RD_003772,CUST_000617,1781190696.4022055,2026-06-11T15:11:36.402205+00:00,0,0,1,2603.5,0.01624163883297283,1,0,0,validation
RD_005274,CUST_004153,1781191153.8267467,2026-06-11T15:19:13.826747+00:00,0,0,1,1232.2,0.03940574685146985,1,0,0,validation
RD_002496,CUST_000778,1781191254.9560738,2026-06-11T15:20:54.956074+00:00,0,0,1,618.4,0.17889021378750958,1,0,0,validation
RD_004654,CUST_000807,1781194136.3163948,2026-06-11T16:08:56.316395+00:00,0,0,1,711.8,0.18312095053957372,1,0,0,validation
RD_001808,CUST_002738,1781195855.7327528,2026-06-11T16:37:35.732753+00:00,0,0,1,3461.6,0.11600192594988155,1,0,0,validation
RD_003031,CUST_004261,1781196180.2981381,2026-06-11T16:43:00.298138+00:00,0,0,1,132334.4,0.3760107117247268,1,0,0,validation
RD_000152,CUST_003325,1781198531.9258685,2026-06-11T17:22:11.925869+00:00,0,0,1,71.1,0.14795229523002942,1,0,0,validation
RD_000046,CUST_004261,1781199622.4711092,2026-06-11T17:40:22.471109+00:00,0,0,1,740.0,0.2049973437210442,1,0,0,validation
RD_000656,CUST_004488,1781201960.5311694,2026-06-11T18:19:20.531169+00:00,0,0,1,7042.2,0.5393973359351971,1,0,0,validation
RD_000300,CUST_000615,1781202496.115091,2026-06-11T18:28:16.115091+00:00,0,0,1,10235.5,0.23452021626620792,1,0,0,validation
RD_000380,CUST_002286,1781204571.9502633,2026-06-11T19:02:51.950263+00:00,0,0,1,490.8,0.2103715343711119,1,0,0,validation
RD_000572,CUST_003301,1781205734.5501876,2026-06-11T19:22:14.550188+00:00,0,0,1,12909.8,0.38751777655478215,1,0,0,validation
RD_001392,CUST_004506,1781205990.2018635,2026-06-11T19:26:30.201864+00:00,0,1,1,545.3,0.1440742061239882,32,0,0,validation
RD_000499,CUST_000671,1781206911.9700036,2026-06-11T19:41:51.970004+00:00,0,0,1,764.5,0.030880647923642857,19,0,0,validation
RD_AB_00008_00,CUST_PA00008_00,1781208414.9613853,2026-06-11T20:06:54.961385+00:00,0,0,1,20.9,0.8293046537323905,8,0,1,validation
RD_AB_00008_01,CUST_PA00008_01,1781209685.4233437,2026-06-11T20:41:07.824032+00:00,1,1,2,52.1,0.5912903689305508,8,1,1,validation
RD_004359,CUST_002293,1781209982.3600442,2026-06-11T20:33:02.360044+00:00,0,0,1,504.0,0.3497856666426506,1,0,0,validation
RD_000863,CUST_001985,1781211775.840239,2026-06-11T21:02:55.840239+00:00,0,0,1,32175.2,0.17492445957359704,1,0,0,validation
RD_000909,CUST_002396,1781211812.9526784,2026-06-11T21:03:32.952678+00:00,0,0,1,772.9,0.05672690351496694,1,0,0,validation
RD_004682,CUST_003797,1781212407.7935598,2026-06-11T21:13:27.793560+00:00,1,0,2,1421.8,0.447649449730089,4,0,0,validation
RD_003479,CUST_004330,1781213516.2278104,2026-06-11T21:31:56.227810+00:00,0,0,1,3803.0,0.14784658672790754,1,0,0,validation
RD_001914,CUST_000313,1781214302.1734765,2026-06-11T21:45:02.173476+00:00,0,0,1,1181.4,0.21843640087427235,1,0,0,validation
RD_004582,CUST_003587,1781214337.9173872,2026-06-11T21:45:37.917387+00:00,0,0,1,752.1,0.43887476304419015,1,0,0,validation
RD_AB_00008_02,CUST_PA00008_02,1781215946.688314,2026-06-11T20:29:37.066629+00:00,0,2,3,47.0,0.8136464612429295,8,1,1,validation
RD_004408,CUST_002865,1781216368.3818362,2026-06-11T22:19:28.381836+00:00,0,2,1,3088.3,0.12437224339113688,8,0,0,validation
RD_AB_00008_04,CUST_PA00008_04,1781216708.1092196,2026-06-11T22:40:29.733733+00:00,0,4,5,12.6,0.6088230199926821,8,1,1,validation
RD_000989,CUST_000113,1781218021.4295049,2026-06-11T22:47:01.429505+00:00,0,0,1,463.4,0.17700746288385125,1,0,0,validation
RD_AB_00008_05,CUST_PA00008_05,1781218223.8473222,2026-06-12T01:23:44.058381+00:00,5,5,6,51.9,0.8934666974660938,8,1,1,validation
RD_003171,CUST_003744,1781218632.9228895,2026-06-11T22:57:12.922889+00:00,0,0,1,5018.9,0.4646802203943829,1,0,0,validation
RD_003424,CUST_003301,1781219012.417537,2026-06-11T23:03:32.417537+00:00,0,0,1,447.7,0.12175022388652904,1,0,0,validation
RD_002029,CUST_001920,1781219082.9970632,2026-06-11T23:04:42.997063+00:00,0,0,1,435.8,0.03177832236658932,1,0,0,validation
RD_001715,CUST_003775,1781220455.6529343,2026-06-11T23:27:35.652934+00:00,0,0,1,11440.2,0.06853162775183384,1,0,0,validation
RD_003645,CUST_000738,1781221966.9827743,2026-06-11T23:52:46.982774+00:00,0,0,1,18084.9,0.5880908086368138,1,0,0,validation
RD_AB_00008_03,CUST_PA00008_03,1781222610.0276914,2026-06-11T22:44:44.284879+00:00,3,3,4,9.2,0.8099697884457506,8,1,1,validation
RD_AB_00008_07,CUST_PA00008_07,1781223134.6111195,2026-06-11T23:35:30.252678+00:00,7,7,8,17.7,0.7784062274267161,8,1,1,validation
RD_001050,CUST_000608,1781223195.224147,2026-06-12T00:13:15.224147+00:00,0,0,1,165.6,0.08960634652737137,1,0,0,validation
RD_AB_00008_06,CUST_PA00008_06,1781225179.353473,2026-06-12T04:01:28.175384+00:00,6,6,7,42.7,0.8522958984034332,8,1,1,validation
RD_002840,CUST_000930,1781225891.2197168,2026-06-12T00:58:11.219717+00:00,0,2,1,12957.2,0.3567056667587576,9,0,0,validation
RD_001556,CUST_003537,1781226362.2591798,2026-06-12T01:06:02.259180+00:00,0,0,1,117.2,0.5159104669597652,1,0,0,validation
RD_004651,CUST_000335,1781227064.794227,2026-06-12T01:17:44.794227+00:00,0,0,1,5410.6,0.19792743731337265,1,0,0,validation
RD_001710,CUST_003325,1781228442.6562355,2026-06-12T01:40:42.656235+00:00,0,0,1,3840.8,0.11728456536237782,1,0,0,validation
RD_001188,CUST_000290,1781233744.162532,2026-06-12T03:09:04.162532+00:00,0,0,1,419.9,0.31756207137858244,1,0,0,validation
RD_005234,CUST_000335,1781236018.326782,2026-06-12T03:46:58.326782+00:00,0,0,1,2145.7,0.415967157781592,1,0,0,validation
RD_003459,CUST_000313,1781236404.8004513,2026-06-12T03:53:24.800451+00:00,0,0,1,2633.2,0.21577462136930595,1,0,0,validation
RD_001607,CUST_001688,1781237077.0563016,2026-06-12T04:04:37.056302+00:00,0,0,1,3492.6,0.15188280689587016,1,0,0,validation
RD_001466,CUST_003343,1781240713.1760392,2026-06-12T05:05:13.176039+00:00,0,0,1,1435.8,0.13323024575134132,1,0,0,validation
RD_003601,CUST_003468,1781240762.6553848,2026-06-12T05:06:02.655385+00:00,0,0,1,866.2,0.30666188334020383,1,0,0,validation
RD_002553,CUST_001168,1781241981.690513,2026-06-12T05:26:21.690513+00:00,0,0,1,1884.4,0.05513796096787084,1,0,0,validation
RD_004256,CUST_003258,1781243306.842279,2026-06-12T05:48:26.842279+00:00,0,0,1,2238.1,0.27661133665109666,1,0,0,validation
RD_001803,CUST_004239,1781244526.6891,2026-06-12T06:08:46.689100+00:00,0,0,1,369393.5,0.29247261743833103,1,0,0,validation
RD_001580,CUST_000726,1781244856.9681394,2026-06-12T06:14:16.968139+00:00,0,0,1,246.2,0.23855490357977932,1,0,0,validation
RD_003320,CUST_001787,1781245510.221787,2026-06-12T06:25:10.221787+00:00,0,0,1,454.1,0.37669871326908855,1,0,0,validation
RD_000374,CUST_000668,1781246953.3012927,2026-06-12T06:49:13.301293+00:00,0,0,1,470.2,0.4392116355734049,1,0,0,validation
RD_004924,CUST_001512,1781247335.5248833,2026-06-12T06:55:35.524883+00:00,0,0,1,3275.1,0.06594772232773842,1,0,0,validation
RD_001433,CUST_000661,1781248197.038475,2026-06-12T07:09:57.038475+00:00,0,0,1,2165.3,0.15473172985002676,1,0,0,validation
RD_001674,CUST_004050,1781251198.3375976,2026-06-12T07:59:58.337598+00:00,0,0,1,231.6,0.12018401174218576,1,0,0,validation
RD_000944,CUST_000192,1781252069.3879313,2026-06-12T08:14:29.387931+00:00,0,0,1,4026.3,0.19755076368598007,1,0,0,validation
RD_001899,CUST_001259,1781252810.2582514,2026-06-12T08:26:50.258251+00:00,0,0,1,1205.7,0.3010196110934211,1,0,0,validation
RD_005331,CUST_000698,1781253025.9518266,2026-06-12T08:30:25.951827+00:00,0,0,1,1066.8,0.2512791844265771,1,0,0,validation
RD_004058,CUST_002018,1781254440.9015584,2026-06-12T08:54:00.901558+00:00,0,0,1,7478.7,0.23338419367712865,1,0,0,validation
RD_002746,CUST_002621,1781254858.7623234,2026-06-12T09:00:58.762323+00:00,1,0,3,521.9,0.383012400004061,3,0,0,validation
RD_004386,CUST_002769,1781255184.6743162,2026-06-12T09:06:24.674316+00:00,0,0,1,5648.7,0.18445732477115226,1,0,0,validation
RD_001060,CUST_000206,1781255829.2968557,2026-06-12T09:17:09.296856+00:00,0,0,1,1640.7,0.0842167151184442,1,0,0,validation
RD_000388,CUST_003378,1781257616.1575146,2026-06-12T09:46:56.157515+00:00,0,0,1,1580.3,0.09148846116091802,1,0,0,validation
RD_002097,CUST_003572,1781258686.033842,2026-06-12T10:04:46.033842+00:00,0,0,1,79.1,0.17200579905610594,1,0,0,validation
RD_001928,CUST_002703,1781259072.6152437,2026-06-12T10:11:12.615244+00:00,0,0,1,1302.4,0.11101023382225972,1,0,0,validation
RD_004875,CUST_003012,1781260176.2432566,2026-06-12T10:29:36.243257+00:00,0,0,1,3398.1,0.4394640592901495,1,0,0,validation
RD_002990,CUST_002568,1781261427.4194338,2026-06-12T10:50:27.419434+00:00,0,0,1,3227.1,0.19774259822439788,1,0,0,validation
RD_000385,CUST_003307,1781262850.7608926,2026-06-12T11:14:10.760893+00:00,0,0,1,6982.2,0.03298208327525965,1,0,0,validation
RD_000465,CUST_003136,1781264919.5503182,2026-06-12T11:48:39.550318+00:00,0,0,1,388.0,0.36118978018441805,1,0,0,validation
RD_004365,CUST_004153,1781265691.7495258,2026-06-12T12:01:31.749526+00:00,0,0,1,306.4,0.24911002577725663,1,0,0,validation
RD_000597,CUST_002703,1781265878.4386106,2026-06-12T12:04:38.438611+00:00,0,0,1,260.0,0.28227013716360705,1,0,0,validation
RD_002191,CUST_000573,1781267538.4021513,2026-06-12T12:32:18.402151+00:00,0,0,1,838.7,0.09146440175413208,1,0,0,validation
RD_000377,CUST_002069,1781267713.9488318,2026-06-12T12:35:13.948832+00:00,0,0,1,3026.5,0.017248423888287918,1,0,0,validation
RD_004202,CUST_003744,1781269236.094181,2026-06-12T13:00:36.094181+00:00,0,0,1,38603.4,0.2936272570571768,1,0,0,validation
RD_000517,CUST_002456,1781269858.0523348,2026-06-12T13:10:58.052335+00:00,0,0,1,869.0,0.05491482888168062,21,0,0,validation
RD_002310,CUST_000448,1781270734.921992,2026-06-12T13:25:34.921992+00:00,0,0,1,16866.6,0.216005276550995,1,0,0,validation
RD_000333,CUST_004336,1781273455.8399022,2026-06-12T14:10:55.839902+00:00,0,0,1,944.5,0.17960468113954975,1,0,0,validation
RD_002582,CUST_000263,1781280748.0057116,2026-06-12T16:12:28.005712+00:00,0,0,1,20415.5,0.10789681053777415,1,0,0,validation
RD_005130,CUST_000376,1781284487.726416,2026-06-12T17:14:47.726416+00:00,0,0,1,1075.9,0.3277477217323603,1,0,0,validation
RD_004618,CUST_003820,1781285693.4854336,2026-06-12T17:34:53.485434+00:00,0,0,1,3534.6,0.0981519066611739,1,0,0,validation
RD_002563,CUST_002865,1781287632.6480308,2026-06-12T18:07:12.648031+00:00,0,0,1,500.6,0.47747759567534953,9,0,0,validation
RD_004609,CUST_004101,1781289587.6756504,2026-06-12T18:39:47.675650+00:00,0,0,1,2993.9,0.24043456862269103,1,0,0,validation
RD_005133,CUST_000111,1781291607.9252253,2026-06-12T19:13:27.925225+00:00,0,0,1,3068.5,0.04660141565740919,1,0,0,validation
RD_004433,CUST_001515,1781291989.381912,2026-06-12T19:19:49.381912+00:00,0,0,2,488.4,0.13752765707376655,4,0,0,validation
RD_002595,CUST_001406,1781292156.88219,2026-06-12T19:22:36.882190+00:00,0,0,1,20991.9,0.08127500685713744,1,0,0,validation
RD_003884,CUST_003305,1781296651.4255946,2026-06-12T20:37:31.425595+00:00,0,0,1,666.6,0.31304461694129193,1,0,0,validation
RD_001152,CUST_003455,1781296870.1167455,2026-06-12T20:41:10.116745+00:00,0,0,1,1475.2,0.037256131188061405,1,0,0,validation
RD_004258,CUST_003782,1781297119.4331036,2026-06-12T20:45:19.433104+00:00,0,0,1,706.1,0.2849595202931811,1,0,0,validation
RD_000310,CUST_003457,1781297685.6204717,2026-06-12T20:54:45.620472+00:00,0,0,1,1054.2,0.13188846243805344,1,0,0,validation
RD_002009,CUST_003217,1781297781.1356113,2026-06-12T20:56:21.135611+00:00,0,0,1,23390.9,0.2105969744344786,1,0,0,validation
RD_000654,CUST_001298,1781300399.4463413,2026-06-12T21:39:59.446341+00:00,0,0,1,1556.0,0.16917355043743576,1,0,0,validation
RD_000836,CUST_001174,1781303922.6487935,2026-06-12T22:38:42.648793+00:00,0,0,1,1261.8,0.017815478673762354,1,0,0,validation
RD_001292,CUST_002830,1781304236.6472712,2026-06-12T22:43:56.647271+00:00,0,0,1,2179.4,0.29948035382313376,1,0,0,validation
RD_001100,CUST_002002,1781307289.4757292,2026-06-12T23:34:49.475729+00:00,0,0,1,2552.3,0.07712986701988352,1,0,0,validation
RD_003584,CUST_003801,1781311812.4606812,2026-06-13T00:50:12.460681+00:00,0,0,1,1495.7,0.13533629713058792,1,0,0,validation
RD_000739,CUST_003067,1781312400.7525167,2026-06-13T01:00:00.752517+00:00,0,2,1,138.5,0.06955692935242312,29,0,0,validation
RD_002934,CUST_002543,1781318375.8149474,2026-06-13T02:39:35.814947+00:00,0,0,1,154.8,0.1247257656421917,1,0,0,validation
RD_002778,CUST_002456,1781319966.9818711,2026-06-13T03:06:06.981871+00:00,0,2,1,262.1,0.09593819436706424,10,0,0,validation
RD_001590,CUST_004101,1781321632.5411735,2026-06-13T03:33:52.541173+00:00,0,0,1,898.3,0.16860771596728316,1,0,0,validation
RD_005015,CUST_000193,1781321968.566174,2026-06-13T03:39:28.566174+00:00,0,0,1,7006.2,0.09220838498566053,33,0,0,validation
RD_001816,CUST_000662,1781323770.9240742,2026-06-13T04:09:30.924074+00:00,0,1,1,14084.5,0.1447224269425931,36,0,0,validation
RD_002784,CUST_003015,1781325521.7721283,2026-06-13T04:38:41.772128+00:00,0,0,1,8620.2,0.27086434418408256,1,0,0,validation
RD_001243,CUST_003557,1781331698.469166,2026-06-13T06:21:38.469166+00:00,0,0,1,814.3,0.22610121474918546,1,0,0,validation
RD_001587,CUST_003318,1781335362.5126143,2026-06-13T07:22:42.512614+00:00,0,0,1,11972.6,0.05222671998378669,1,0,0,validation
RD_002239,CUST_003989,1781336275.2966487,2026-06-13T07:37:55.296649+00:00,0,1,1,1797.7,0.09412622273352339,23,0,0,validation
RD_003767,CUST_002184,1781336543.1422973,2026-06-13T07:42:23.142297+00:00,0,0,1,504.3,0.17609523959692644,1,0,0,validation
RD_001686,CUST_001126,1781336602.1748536,2026-06-13T07:43:22.174854+00:00,0,0,1,2825.8,0.17507641486263759,1,0,0,validation
RD_005483,CUST_002839,1781339779.5486386,2026-06-13T08:36:19.548639+00:00,0,0,1,4168.2,0.16137211643855445,1,0,0,validation
RD_005283,CUST_001407,1781340287.8376622,2026-06-13T08:44:47.837662+00:00,0,0,1,13420.9,0.3407586851430078,1,0,0,validation
RD_003873,CUST_003906,1781343138.1916838,2026-06-13T09:32:18.191684+00:00,0,0,1,100.8,0.21883071013514285,1,0,0,validation
RD_002064,CUST_000584,1781346623.665372,2026-06-13T10:30:23.665372+00:00,0,0,1,128.9,0.02961104486387296,1,0,0,validation
RD_000378,CUST_002069,1781348203.1391194,2026-06-13T10:56:43.139119+00:00,0,0,1,2350.3,0.02600322178611424,1,0,0,validation
RD_004530,CUST_004442,1781348295.7969053,2026-06-13T10:58:15.796905+00:00,0,0,1,687.1,0.17066425219710168,1,0,0,validation
RD_000484,CUST_001943,1781351100.9499881,2026-06-13T11:45:00.949988+00:00,0,0,1,18494.2,0.06193944200762701,1,0,0,validation
RD_001099,CUST_003901,1781352466.252971,2026-06-13T12:07:46.252971+00:00,0,0,1,100.6,0.1781596056303878,1,0,0,validation
RD_003795,CUST_000300,1781354157.4400535,2026-06-13T12:35:57.440053+00:00,0,0,1,1679.7,0.2633315067032917,1,0,0,validation
RD_004172,CUST_002529,1781360174.6629853,2026-06-13T14:16:14.662985+00:00,0,0,1,10214.0,0.513348994972181,1,0,0,validation
RD_001629,CUST_004488,1781360518.9741488,2026-06-13T14:21:58.974149+00:00,0,0,1,20782.9,0.4949112093146599,1,0,0,validation
RD_002734,CUST_003530,1781361392.8872309,2026-06-13T14:36:32.887231+00:00,0,0,1,2431.0,0.12080086561940362,1,0,0,validation
RD_001260,CUST_001392,1781366181.0175683,2026-06-13T15:56:21.017568+00:00,1,0,2,41249.6,0.15088223701267586,4,0,0,validation
RD_003894,CUST_004016,1781369652.0107043,2026-06-13T16:54:12.010704+00:00,0,0,1,4650.8,0.5034147756142207,1,0,0,validation
RD_001186,CUST_000475,1781370648.3797383,2026-06-13T17:10:48.379738+00:00,0,0,1,2336.7,0.1573633991645783,1,0,0,validation
RD_003280,CUST_004134,1781371115.8596292,2026-06-13T17:18:35.859629+00:00,0,1,1,1325.8,0.14221802533499087,17,0,0,validation
RD_002357,CUST_003455,1781372468.6551278,2026-06-13T17:41:08.655128+00:00,0,0,1,1248.5,0.13285816814626042,1,0,0,validation
RD_001635,CUST_001271,1781377446.0055382,2026-06-13T19:04:06.005538+00:00,0,0,1,15188.0,0.22084316336146076,1,0,0,validation
RD_003518,CUST_000698,1781378133.0795262,2026-06-13T19:15:33.079526+00:00,0,0,1,1443.3,0.0607784643484554,1,0,0,validation
RD_004319,CUST_003994,1781378637.89368,2026-06-13T19:23:57.893680+00:00,0,0,1,636.5,0.06523452167042477,1,0,0,validation
RD_000890,CUST_001226,1781380143.2627764,2026-06-13T19:49:03.262776+00:00,0,0,1,1109.9,0.1297068634486211,1,0,0,validation
RD_003967,CUST_003907,1781380894.6213908,2026-06-13T20:01:34.621391+00:00,0,0,1,200.6,0.5853309118295135,1,0,0,validation
RD_001273,CUST_002356,1781381343.325184,2026-06-13T20:09:03.325184+00:00,0,0,1,728.1,0.595574567317429,1,0,0,validation
RD_004103,CUST_000573,1781381595.538154,2026-06-13T20:13:15.538154+00:00,0,0,1,592.6,0.594354866818941,1,0,0,validation
RD_004504,CUST_000548,1781382662.2922616,2026-06-13T20:31:02.292262+00:00,0,0,1,501.5,0.020560876830698547,1,0,0,validation
RD_000678,CUST_002545,1781383083.400918,2026-06-13T20:38:03.400918+00:00,0,0,1,4030.3,0.031663921917186415,1,0,0,validation
RD_001397,CUST_001880,1781383956.3559194,2026-06-13T20:52:36.355919+00:00,0,0,1,8950.5,0.3383240545926903,1,0,0,validation
RD_000644,CUST_002203,1781385166.2351806,2026-06-13T21:12:46.235181+00:00,0,0,1,40920.9,0.25720194702837906,1,0,0,validation
RD_002753,CUST_000132,1781386540.9809868,2026-06-13T21:35:40.980987+00:00,0,0,2,3362.4,0.3199931224597194,2,0,0,validation
RD_002529,CUST_002824,1781387291.7064066,2026-06-13T21:48:11.706407+00:00,0,0,1,524.0,0.16052512950365896,1,0,0,validation
RD_003733,CUST_000978,1781389245.295555,2026-06-13T22:20:45.295555+00:00,0,0,1,11824.7,0.3137385048794099,1,0,0,validation
RD_000185,CUST_000393,1781389536.5700688,2026-06-13T22:25:36.570069+00:00,1,0,1,25940.5,0.13647557909046185,2,0,0,validation
RD_000496,CUST_003416,1781389560.531217,2026-06-13T22:26:00.531217+00:00,0,0,1,1393.9,0.0722054535084238,1,0,0,validation
RD_005147,CUST_001015,1781389687.397153,2026-06-13T22:28:07.397153+00:00,0,0,1,1950.5,0.05470817938780944,1,0,0,validation
RD_004074,CUST_003498,1781391203.9061568,2026-06-13T22:53:23.906157+00:00,0,0,3,6533.4,0.3355567827402254,4,0,0,validation
RD_005438,CUST_003992,1781391901.5398638,2026-06-13T23:05:01.539864+00:00,0,0,1,8097.1,0.11733261943053688,1,0,0,validation
RD_003908,CUST_000781,1781392691.2319036,2026-06-13T23:18:11.231904+00:00,0,0,1,653.2,0.42325177427466976,1,0,0,validation
RD_004620,CUST_001866,1781392797.9600518,2026-06-13T23:19:57.960052+00:00,0,0,1,342.9,0.29176173009802614,1,0,0,validation
RD_003713,CUST_000978,1781394329.2677402,2026-06-13T23:45:29.267740+00:00,0,0,1,473.8,0.21396324902784494,1,0,0,validation
RD_002772,CUST_000671,1781394845.087403,2026-06-13T23:54:05.087403+00:00,0,1,1,5027.3,0.2395516256511487,34,0,0,validation
RD_004164,CUST_004319,1781395387.826538,2026-06-14T00:03:07.826538+00:00,0,0,1,859.7,0.07557864465363602,1,0,0,validation
RD_002887,CUST_003266,1781395464.5343556,2026-06-14T00:04:24.534356+00:00,0,0,1,548.4,0.11027240699940823,1,0,0,validation
RD_002429,CUST_003642,1781397368.2001579,2026-06-14T00:36:08.200158+00:00,1,0,1,243.6,0.22511326938905235,4,0,0,validation
RD_001910,CUST_003189,1781398229.4241629,2026-06-14T00:50:29.424163+00:00,1,0,2,529.2,0.34968971528153425,3,0,0,validation
RD_004605,CUST_000846,1781399051.2181444,2026-06-14T01:04:11.218144+00:00,0,0,1,228.2,0.25249949709935016,1,0,0,validation
RD_004784,CUST_000152,1781399992.7847114,2026-06-14T01:19:52.784711+00:00,0,0,1,8528.1,0.01871578272248206,1,0,0,validation
RD_003423,CUST_002886,1781400367.9991488,2026-06-14T01:26:07.999149+00:00,0,0,1,8857.7,0.08751703245988778,27,0,0,validation
RD_003836,CUST_001298,1781400497.1320388,2026-06-14T01:28:17.132039+00:00,0,0,1,10031.2,0.3152962466851845,1,0,0,validation
RD_004418,CUST_000468,1781402638.6513891,2026-06-14T02:03:58.651389+00:00,0,0,1,964.9,0.2367649694853568,1,0,0,validation
RD_004897,CUST_001920,1781403205.505894,2026-06-14T02:13:25.505894+00:00,0,0,1,832.7,0.3087290898779392,1,0,0,validation
RD_001661,CUST_003557,1781403421.4981117,2026-06-14T02:17:01.498112+00:00,0,0,1,640.1,0.4242676965309173,1,0,0,validation
RD_004990,CUST_000174,1781403445.8471797,2026-06-14T02:17:25.847180+00:00,0,0,1,51556.9,0.5693988067396665,1,0,0,validation
RD_004175,CUST_002366,1781403947.0512483,2026-06-14T02:25:47.051248+00:00,0,0,1,103.6,0.179329107699611,1,0,0,validation
RD_002417,CUST_004126,1781406203.9737144,2026-06-14T03:03:23.973714+00:00,0,0,1,2295.5,0.12055393672708375,1,0,0,validation
RD_001603,CUST_000778,1781406673.5424616,2026-06-14T03:11:13.542462+00:00,0,0,1,4596.7,0.20349936046423145,1,0,0,validation
RD_001179,CUST_000213,1781410223.7882726,2026-06-14T04:10:23.788273+00:00,1,0,2,40025.4,0.058326641635454396,2,0,0,validation
RD_004428,CUST_004101,1781411664.7889142,2026-06-14T04:34:24.788914+00:00,0,0,1,54052.2,0.2701166133112075,1,0,0,validation
RD_004151,CUST_003537,1781412024.3240383,2026-06-14T04:40:24.324038+00:00,0,0,1,1622.5,0.2906056270689401,1,0,0,validation
RD_005356,CUST_004536,1781413383.2064157,2026-06-14T05:03:03.206416+00:00,0,0,1,4978.1,0.13403084371528898,1,0,0,validation
RD_003045,CUST_004228,1781416123.5676308,2026-06-14T05:48:43.567631+00:00,0,0,1,3744.5,0.19861847572446759,1,0,0,validation
RD_001039,CUST_002396,1781417199.3006322,2026-06-14T06:06:39.300632+00:00,0,0,1,775.5,0.3352868587453466,1,0,0,validation
RD_003302,CUST_001912,1781418107.030782,2026-06-14T06:21:47.030782+00:00,0,0,1,111.8,0.20816722691810136,1,0,0,validation
RD_003659,CUST_002176,1781419683.7928262,2026-06-14T06:48:03.792826+00:00,0,0,1,5409.4,0.38870002794190534,1,0,0,validation
RD_004403,CUST_001856,1781420211.9782724,2026-06-14T06:56:51.978272+00:00,0,0,1,150.4,0.14022564501344992,1,0,0,validation
RD_003387,CUST_000396,1781420523.6350055,2026-06-14T07:02:03.635005+00:00,0,0,1,654.8,0.23662838894314264,1,0,0,validation
RD_003693,CUST_003784,1781421192.5192327,2026-06-14T07:13:12.519233+00:00,0,0,1,375.2,0.10514815635149138,1,0,0,validation
RD_002190,CUST_000082,1781421684.4998345,2026-06-14T07:21:24.499835+00:00,0,0,1,195.7,0.2958250924538037,1,0,0,validation
RD_003327,CUST_004536,1781423635.8829846,2026-06-14T07:53:55.882985+00:00,0,0,1,821.2,0.04837904614849329,1,0,0,validation
RD_004592,CUST_003138,1781428322.4827948,2026-06-14T09:12:02.482795+00:00,0,0,1,214.9,0.6704131236126049,1,0,0,validation
RD_000763,CUST_003365,1781429030.4525976,2026-06-14T09:23:50.452598+00:00,0,0,1,4162.7,0.15232715758914836,1,0,0,validation
RD_000851,CUST_002492,1781430226.4120808,2026-06-14T09:43:46.412081+00:00,0,0,1,2392.9,0.21686930302877955,1,0,0,validation
RD_005262,CUST_001094,1781430831.5599117,2026-06-14T09:53:51.559912+00:00,0,0,1,685.8,0.1306151591948758,1,0,0,validation
RD_002476,CUST_001505,1781432938.5132477,2026-06-14T10:28:58.513248+00:00,0,0,1,2190.0,0.10179566443388702,1,0,0,validation
RD_002617,CUST_002232,1781433386.91803,2026-06-14T10:36:26.918030+00:00,0,0,1,9728.2,0.35556883482369867,1,0,0,validation
RD_005382,CUST_000238,1781436127.8430042,2026-06-14T11:22:07.843004+00:00,0,0,1,158.8,0.19851675880128455,1,0,0,validation
RD_000234,CUST_000955,1781436596.0721552,2026-06-14T11:29:56.072155+00:00,0,0,1,5693.6,0.10744481034487516,1,0,0,validation
RD_001376,CUST_002568,1781437367.6234055,2026-06-14T11:42:47.623405+00:00,0,0,1,1168.3,0.43039063716366066,1,0,0,validation
RD_002742,CUST_000954,1781439833.927971,2026-06-14T12:23:53.927971+00:00,0,0,1,2780.0,0.1559074646435521,1,0,0,validation
RD_004282,CUST_002273,1781440953.5182369,2026-06-14T12:42:33.518237+00:00,0,1,1,823.2,0.34010591874021034,27,0,0,validation
RD_001728,CUST_000000,1781442707.080887,2026-06-14T13:11:47.080887+00:00,0,0,1,2015.2,0.15048644600498395,1,0,0,validation
RD_001474,CUST_003039,1781442811.3173466,2026-06-14T13:13:31.317347+00:00,0,0,1,286.0,0.00916841952572534,1,0,0,validation
RD_003902,CUST_003923,1781443033.4551365,2026-06-14T13:17:13.455137+00:00,0,0,1,794.4,0.059443454436505054,1,0,0,validation
RD_002178,CUST_004336,1781443482.9523401,2026-06-14T13:24:42.952340+00:00,0,0,1,2870.6,0.42461056471199926,1,0,0,validation
RD_000220,CUST_002064,1781443628.80309,2026-06-14T13:27:08.803090+00:00,0,0,1,429.8,0.2958032217754929,1,0,0,validation
RD_002268,CUST_000335,1781444107.6540475,2026-06-14T13:35:07.654047+00:00,0,0,1,510.6,0.07315084534053483,1,0,0,validation
RD_004725,CUST_001734,1781445430.4795587,2026-06-14T13:57:10.479559+00:00,0,0,1,6095.9,0.33005463663971785,1,0,0,validation
RD_002867,CUST_003329,1781446244.3215022,2026-06-14T14:10:44.321502+00:00,0,0,1,135.4,0.40492196560245486,1,0,0,validation
RD_002173,CUST_001190,1781446401.4651031,2026-06-14T14:13:21.465103+00:00,0,0,1,719.8,0.1817453007984954,1,0,0,validation
RD_002504,CUST_002317,1781451431.4363134,2026-06-14T15:37:11.436313+00:00,0,0,1,4985.6,0.0723065580584863,1,0,0,validation
RD_003633,CUST_002235,1781452280.1376438,2026-06-14T15:51:20.137644+00:00,0,0,1,66875.9,0.20887515993477154,1,0,0,validation
RD_005291,CUST_003118,1781458023.3955848,2026-06-14T17:27:03.395585+00:00,0,0,1,1484.5,0.3494620354338019,1,0,0,validation
RD_000918,CUST_001406,1781458463.8145764,2026-06-14T17:34:23.814576+00:00,0,0,1,3440.7,0.0937546840196781,1,0,0,validation
RD_000503,CUST_002865,1781459337.6207204,2026-06-14T17:48:57.620720+00:00,0,2,1,288.4,0.07935704268569692,35,0,0,validation
RD_000158,CUST_001770,1781459623.6458728,2026-06-14T17:53:43.645873+00:00,0,2,1,2484.5,0.4554111760523593,27,0,0,validation
RD_004776,CUST_003734,1781461729.5783002,2026-06-14T18:28:49.578300+00:00,0,0,1,4539.6,0.3560329903682851,1,0,0,validation
RD_005230,CUST_003961,1781465256.5796685,2026-06-14T19:27:36.579669+00:00,0,0,1,1719.9,0.1953655240486105,1,0,0,validation
RD_004390,CUST_001404,1781466281.1586373,2026-06-14T19:44:41.158637+00:00,0,1,1,1068.7,0.30795005473016346,16,0,0,validation
RD_000311,CUST_000615,1781467174.8676505,2026-06-14T19:59:34.867651+00:00,0,0,1,6298.1,0.34510289985462395,1,0,0,validation
RD_003892,CUST_000684,1781467963.832711,2026-06-14T20:12:43.832711+00:00,0,0,1,1330.2,0.3176647120217543,1,0,0,validation
RD_004369,CUST_000492,1781467999.6938894,2026-06-14T20:13:19.693889+00:00,0,0,1,3422.4,0.3832305910870514,1,0,0,validation
RD_000104,CUST_004228,1781468285.9555206,2026-06-14T20:18:05.955521+00:00,0,0,1,17885.7,0.42950318291518474,1,0,0,validation
RD_001641,CUST_003537,1781468836.2058704,2026-06-14T20:27:16.205870+00:00,0,0,1,11178.5,0.1683151754607933,1,0,0,validation
RD_003750,CUST_000866,1781469947.973476,2026-06-14T20:45:47.973476+00:00,0,0,1,5782.5,0.18636805968431372,1,0,0,validation
RD_001883,CUST_003680,1781469974.8178635,2026-06-14T20:46:14.817863+00:00,0,0,1,4326.5,0.1051073393860194,1,0,0,validation
RD_001870,CUST_004297,1781470029.2451296,2026-06-14T20:47:09.245130+00:00,0,0,1,1098.0,0.08417411708564794,4,0,0,validation
RD_003472,CUST_000602,1781470741.978056,2026-06-14T20:59:01.978056+00:00,0,0,1,417.7,0.011336002445868326,1,0,0,validation
RD_004185,CUST_001906,1781472691.9890258,2026-06-14T21:31:31.989026+00:00,0,0,1,291.2,0.15170479035932424,1,0,0,validation
RD_003748,CUST_002143,1781472809.9824212,2026-06-14T21:33:29.982421+00:00,0,0,1,6424.1,0.17381279465824168,1,0,0,validation
RD_001187,CUST_001905,1781473039.809668,2026-06-14T21:37:19.809668+00:00,0,0,1,1652.5,0.18774326420949974,1,0,0,validation
RD_001407,CUST_000986,1781474716.5214143,2026-06-14T22:05:16.521414+00:00,0,0,1,8197.9,0.2757640514608786,1,0,0,validation
RD_002482,CUST_002629,1781475237.0585608,2026-06-14T22:13:57.058561+00:00,0,0,1,3521.3,0.23834400428372546,1,0,0,validation
RD_003107,CUST_004305,1781476112.7229872,2026-06-14T22:28:32.722987+00:00,0,0,1,3933.2,0.24994825262783235,1,0,0,validation
RD_002821,CUST_003907,1781477149.7536385,2026-06-14T22:45:49.753639+00:00,0,0,1,560.7,0.1432230656154164,1,0,0,validation
RD_001040,CUST_001843,1781478358.444982,2026-06-14T23:05:58.444982+00:00,0,0,1,1081.5,0.2779967311593656,1,0,0,validation
RD_003629,CUST_001843,1781478634.8809924,2026-06-14T23:10:34.880992+00:00,0,0,1,2635.1,0.38991394456223755,1,0,0,validation
RD_005452,CUST_003496,1781478964.513893,2026-06-14T23:16:04.513893+00:00,0,0,1,1393.6,0.3337560783237258,1,0,0,validation
RD_000933,CUST_002456,1781481078.7595148,2026-06-14T23:51:18.759515+00:00,0,0,1,12884.0,0.04209913841439237,9,0,0,validation
RD_003270,CUST_002050,1781481756.0489733,2026-06-15T00:02:36.048973+00:00,1,0,3,1273.7,0.34748846069660033,3,0,0,validation
RD_000409,CUST_000439,1781481769.702311,2026-06-15T00:02:49.702311+00:00,0,0,3,1518.0,0.27039004642375714,4,0,0,validation
RD_003867,CUST_002396,1781483072.2014403,2026-06-15T00:24:32.201440+00:00,0,0,1,3258.3,0.15527376035470727,1,0,0,validation
RD_000601,CUST_003277,1781484362.7016256,2026-06-15T00:46:02.701626+00:00,0,0,1,314.6,0.15089591728808555,1,0,0,validation
RD_003144,CUST_000192,1781484465.0204055,2026-06-15T00:47:45.020406+00:00,0,0,1,818.4,0.2096881598374115,1,0,0,validation
RD_003486,CUST_000227,1781485254.4673994,2026-06-15T01:00:54.467399+00:00,0,0,1,204.2,0.19441006278800285,1,0,0,validation
RD_001240,CUST_000644,1781485365.6257038,2026-06-15T01:02:45.625704+00:00,0,0,1,62146.2,0.23509304428652444,1,0,0,validation
RD_005036,CUST_003811,1781486732.7907116,2026-06-15T01:25:32.790712+00:00,0,0,1,3360.6,0.3825729494128801,1,0,0,validation
RD_001934,CUST_000849,1781487712.6971593,2026-06-15T01:41:52.697159+00:00,0,0,1,55350.2,0.035067059676013944,1,0,0,validation
RD_003036,CUST_003707,1781488617.7396984,2026-06-15T01:56:57.739698+00:00,0,0,1,8797.9,0.17611097789008368,1,0,0,validation
RD_005098,CUST_003923,1781490029.01219,2026-06-15T02:20:29.012190+00:00,0,0,1,1693.9,0.31518137268657265,1,0,0,validation
RD_003781,CUST_003893,1781490050.4223135,2026-06-15T02:20:50.422313+00:00,0,0,1,7701.7,0.32396046534713674,1,0,0,validation
RD_004072,CUST_003343,1781490236.9941735,2026-06-15T02:23:56.994174+00:00,0,0,1,6075.5,0.20744337112868597,1,0,0,validation
RD_001479,CUST_002621,1781490702.0264204,2026-06-15T02:31:42.026420+00:00,1,0,2,97.9,0.3656710030836143,2,0,0,validation
RD_002899,CUST_003901,1781491527.2526748,2026-06-15T02:45:27.252675+00:00,0,0,1,4587.2,0.043008793527983084,1,0,0,validation
RD_002389,CUST_001298,1781492942.3757486,2026-06-15T03:09:02.375749+00:00,0,0,1,22595.7,0.37830534456941334,1,0,0,validation
RD_001850,CUST_003081,1781495620.9830182,2026-06-15T03:53:40.983018+00:00,0,0,1,1944.8,0.030692700262687087,1,0,0,validation
RD_000000,CUST_000506,1781498874.350902,2026-06-15T04:47:54.350902+00:00,0,0,3,3620.7,0.30694219198431866,3,0,0,validation
RD_002610,CUST_004367,1781499505.5416107,2026-06-15T04:58:25.541611+00:00,0,0,1,4029.7,0.03697168557537076,1,0,0,validation
RD_001953,CUST_003566,1781500653.6989477,2026-06-15T05:17:33.698948+00:00,0,0,1,2310.5,0.1532635592844652,1,0,0,validation
RD_005499,CUST_004020,1781500988.7943301,2026-06-15T05:23:08.794330+00:00,0,0,1,1586.0,0.26683094917817773,1,0,0,validation
RD_003447,CUST_003525,1781501089.2403934,2026-06-15T05:24:49.240393+00:00,0,0,1,704.5,0.26053798642191184,1,0,0,validation
RD_003538,CUST_003728,1781501398.8302171,2026-06-15T05:29:58.830217+00:00,0,0,1,86.7,0.3518817962539218,1,0,0,validation
RD_005050,CUST_004103,1781501710.752534,2026-06-15T05:35:10.752534+00:00,0,0,1,1016.3,0.17345431879909176,1,0,0,validation
RD_004300,CUST_000272,1781501845.7174523,2026-06-15T05:37:25.717452+00:00,0,0,1,4585.2,0.4145063442596381,1,0,0,validation
RD_004767,CUST_002813,1781501950.5659797,2026-06-15T05:39:10.565980+00:00,0,0,1,93.0,0.07122822608081675,1,0,0,validation
RD_003586,CUST_000726,1781502421.5494177,2026-06-15T05:47:01.549418+00:00,0,0,1,4175.7,0.24870052027797954,1,0,0,validation
RD_005429,CUST_004488,1781506875.8076055,2026-06-15T07:01:15.807606+00:00,0,0,1,548.6,0.03336290313540942,1,0,0,validation
RD_AB_00013_00,CUST_PA00013_00,1781508879.0189922,2026-06-15T07:34:39.018992+00:00,0,0,1,5.4,0.7398098106813747,4,0,1,validation
RD_AB_00013_01,CUST_PA00013_01,1781509468.3160636,2026-06-15T07:41:43.138420+00:00,1,1,2,10.7,0.8291214066952324,4,1,1,validation
RD_002154,CUST_002366,1781510666.8861341,2026-06-15T08:04:26.886134+00:00,0,0,1,684.1,0.15890978552119742,1,0,0,validation
RD_000230,CUST_004488,1781511457.7153387,2026-06-15T08:17:37.715339+00:00,0,0,1,882.7,0.06646593068768984,1,0,0,validation
RD_005439,CUST_000193,1781512341.0715647,2026-06-15T08:32:21.071565+00:00,0,2,1,1680.8,0.0941839169898798,11,0,0,validation
RD_004844,CUST_002915,1781512741.7886274,2026-06-15T08:39:01.788627+00:00,0,0,1,4400.4,0.11258186932527989,1,0,0,validation
RD_002693,CUST_003613,1781516518.2819486,2026-06-15T09:41:58.281949+00:00,0,0,1,162.0,0.07684156218664862,1,0,0,validation
RD_AB_00013_02,CUST_PA00013_02,1781519204.060581,2026-06-15T09:03:15.300319+00:00,2,2,3,40.1,0.2386810420117198,4,1,1,validation
RD_005462,CUST_004434,1781519965.9704878,2026-06-15T10:39:25.970488+00:00,0,0,1,5008.7,0.1279770424851525,1,0,0,validation
RD_AB_00013_03,CUST_PA00013_03,1781520553.901381,2026-06-15T11:03:03.497432+00:00,3,3,4,40.3,0.860745177107431,4,1,1,validation
RD_001005,CUST_000209,1781521227.879876,2026-06-15T11:00:27.879876+00:00,0,0,1,9873.0,0.1622903465229643,1,0,0,validation
RD_004488,CUST_003182,1781521295.9473085,2026-06-15T11:01:35.947309+00:00,0,0,1,1666.7,0.19547087150085138,1,0,0,validation
RD_002462,CUST_001328,1781521897.8754005,2026-06-15T11:11:37.875401+00:00,0,0,1,314.9,0.018446473497389464,1,0,0,validation
RD_001089,CUST_000034,1781521968.5310447,2026-06-15T11:12:48.531045+00:00,0,0,1,5553.9,0.16753968391377683,1,0,0,validation
RD_003315,CUST_002636,1781522436.4764254,2026-06-15T11:20:36.476425+00:00,0,1,1,2101.9,0.376814516051169,25,0,0,validation
RD_005149,CUST_003811,1781524177.2424276,2026-06-15T11:49:37.242428+00:00,0,0,1,729.1,0.1490701110190331,1,0,0,validation
RD_000874,CUST_003008,1781526788.1425729,2026-06-15T12:33:08.142573+00:00,0,0,1,71.8,0.12176416184477488,1,0,0,validation
RD_004259,CUST_001530,1781527599.8135924,2026-06-15T12:46:39.813592+00:00,0,0,1,869.2,0.1006252585199963,1,0,0,validation
RD_001552,CUST_000569,1781528910.9103146,2026-06-15T13:08:30.910315+00:00,0,0,1,3972.9,0.13361451731008073,1,0,0,validation
RD_001348,CUST_003989,1781530287.5284758,2026-06-15T13:31:27.528476+00:00,0,1,1,298.7,0.3496320136959144,12,0,0,validation
RD_002362,CUST_003449,1781530479.5908039,2026-06-15T13:34:39.590804+00:00,0,0,1,20554.3,0.0922565759050885,1,0,0,validation
RD_000651,CUST_000171,1781531618.8117511,2026-06-15T13:53:38.811751+00:00,0,0,1,7951.8,0.21120306439180503,1,0,0,validation
RD_003350,CUST_003470,1781531622.9475863,2026-06-15T13:53:42.947586+00:00,0,0,1,1752.2,0.14870839110815987,1,0,0,validation
RD_003004,CUST_000644,1781532732.1385603,2026-06-15T14:12:12.138560+00:00,0,0,1,242.5,0.20478764309417072,1,0,0,validation
RD_003241,CUST_002293,1781533543.113762,2026-06-15T14:25:43.113762+00:00,0,0,1,1186.7,0.4307632144498669,1,0,0,validation
RD_001714,CUST_003311,1781534428.3137355,2026-06-15T14:40:28.313735+00:00,0,0,1,10700.2,0.18303637726374422,1,0,0,validation
RD_005299,CUST_004242,1781534474.3342628,2026-06-15T14:41:14.334263+00:00,0,0,1,588.6,0.037885646138870244,1,0,0,validation
RD_000761,CUST_002466,1781535307.5494094,2026-06-15T14:55:07.549409+00:00,0,0,1,498.7,0.35570725190260716,1,0,0,validation
RD_003087,CUST_002621,1781536626.267719,2026-06-15T15:17:06.267719+00:00,1,0,3,10389.9,0.2688993413887433,3,0,0,validation
RD_001963,CUST_002017,1781541768.602981,2026-06-15T16:42:48.602981+00:00,0,0,1,343.5,0.1975267254563602,1,0,0,validation
RD_002646,CUST_000975,1781541865.5368826,2026-06-15T16:44:25.536883+00:00,0,0,1,168.0,0.15398231977288918,1,0,0,validation
RD_000585,CUST_001126,1781542461.5648344,2026-06-15T16:54:21.564834+00:00,0,0,1,8276.5,0.08184137062552295,1,0,0,validation
RD_004532,CUST_001445,1781544157.7945466,2026-06-15T17:22:37.794547+00:00,0,0,1,3598.0,0.19364913427429517,1,0,0,validation
RD_003641,CUST_003217,1781545026.5109324,2026-06-15T17:37:06.510932+00:00,0,0,1,2333.8,0.0750609025769202,1,0,0,validation
RD_002415,CUST_003580,1781545072.2824476,2026-06-15T17:37:52.282448+00:00,0,0,1,5995.4,0.03820855521325812,1,0,0,validation
RD_005131,CUST_004013,1781545481.824449,2026-06-15T17:44:41.824449+00:00,0,0,1,73.0,0.2863559985528912,25,0,0,validation
RD_000712,CUST_002794,1781546519.8917606,2026-06-15T18:01:59.891761+00:00,0,1,1,141.1,0.29204927515345014,15,0,0,validation
RD_002997,CUST_004452,1781546581.3307586,2026-06-15T18:03:01.330759+00:00,0,0,1,4767.7,0.5369329460041204,1,0,0,validation
RD_002624,CUST_002886,1781547837.14033,2026-06-15T18:23:57.140330+00:00,0,0,1,12825.7,0.19827958760909126,22,0,0,validation
RD_003783,CUST_003728,1781548687.822457,2026-06-15T18:38:07.822457+00:00,0,0,1,2487.1,0.3009859910422134,1,0,0,validation
RD_000474,CUST_004502,1781548825.5489244,2026-06-15T18:40:25.548924+00:00,0,0,1,3080.3,0.4741676260688025,1,0,0,validation
RD_002575,CUST_001414,1781549724.0475738,2026-06-15T18:55:24.047574+00:00,0,0,1,550.4,0.3567297234792263,1,0,0,validation
RD_004317,CUST_003138,1781549959.663834,2026-06-15T18:59:19.663834+00:00,0,0,1,563.0,0.07457493547756393,1,0,0,validation
RD_001029,CUST_003470,1781550041.801179,2026-06-15T19:00:41.801179+00:00,0,0,1,5989.0,0.07852272110667642,1,0,0,validation
RD_003254,CUST_003893,1781553739.306466,2026-06-15T20:02:19.306466+00:00,0,0,1,50180.5,0.04580309766202222,1,0,0,validation
RD_002900,CUST_000468,1781555692.1803632,2026-06-15T20:34:52.180363+00:00,0,0,1,777.5,0.02764280447375915,1,0,0,validation
RD_000013,CUST_003226,1781557564.4847262,2026-06-15T21:06:04.484726+00:00,0,0,1,496.0,0.29335537809156975,1,0,0,validation
RD_000574,CUST_003167,1781557796.6068926,2026-06-15T21:09:56.606893+00:00,0,0,1,117.5,0.14890343243824772,1,0,0,validation
RD_004174,CUST_000778,1781557812.6470706,2026-06-15T21:10:12.647071+00:00,0,0,1,2353.6,0.14408007919740293,1,0,0,validation
RD_000224,CUST_003329,1781557815.5599456,2026-06-15T21:10:15.559946+00:00,0,0,1,2496.8,0.48189662951265283,1,0,0,validation
RD_000051,CUST_000285,1781559286.7724545,2026-06-15T21:34:46.772455+00:00,0,0,1,1002.6,0.31445239334026437,1,0,0,validation
RD_003685,CUST_002865,1781559451.6558177,2026-06-15T21:37:31.655818+00:00,0,1,1,2308.9,0.18329061586374867,36,0,0,validation
RD_000443,CUST_001583,1781559994.3625133,2026-06-15T21:46:34.362513+00:00,0,0,1,2285.2,0.4511342767510873,1,0,0,validation
RD_001748,CUST_002958,1781560683.8217807,2026-06-15T21:58:03.821781+00:00,0,0,1,2335.4,0.10819605223408468,1,0,0,validation
RD_003621,CUST_002144,1781561929.8103292,2026-06-15T22:18:49.810329+00:00,0,0,1,1649.6,0.34046505880444505,1,0,0,validation
RD_004312,CUST_000549,1781562415.2513118,2026-06-15T22:26:55.251312+00:00,0,0,1,49.6,0.14485003512623612,1,0,0,validation
RD_002544,CUST_000519,1781562461.2563515,2026-06-15T22:27:41.256351+00:00,0,0,1,12330.4,0.4635646400225577,1,0,0,validation
RD_004443,CUST_000000,1781564581.5282824,2026-06-15T23:03:01.528282+00:00,0,0,1,537.1,0.11174788370018773,1,0,0,validation
RD_002511,CUST_002176,1781567171.1152227,2026-06-15T23:46:11.115223+00:00,0,0,1,89.7,0.24411507146272152,1,0,0,validation
RD_002771,CUST_000978,1781567766.1539733,2026-06-15T23:56:06.153973+00:00,0,0,1,1437.9,0.12864136573702123,1,0,0,validation
RD_003470,CUST_003563,1781567960.6302454,2026-06-15T23:59:20.630245+00:00,0,0,1,6071.2,0.03987874041910087,1,0,0,validation
RD_004119,CUST_003226,1781568876.1276526,2026-06-16T00:14:36.127653+00:00,0,0,1,2385.5,0.06642924259798123,1,0,0,validation
RD_004918,CUST_003553,1781571294.2712646,2026-06-16T00:54:54.271265+00:00,0,0,1,1453.8,0.09718758449906119,1,0,0,validation
RD_003378,CUST_004176,1781572406.5760741,2026-06-16T01:13:26.576074+00:00,0,0,1,4751.8,0.3803312015186028,1,0,0,validation
RD_004684,CUST_003049,1781572559.861132,2026-06-16T01:15:59.861132+00:00,0,0,1,1128.4,0.32979297201701396,1,0,0,validation
RD_003078,CUST_000396,1781572693.2257462,2026-06-16T01:18:13.225746+00:00,0,0,1,36364.3,0.18740560659581085,1,0,0,validation
RD_002910,CUST_000295,1781576006.2291267,2026-06-16T02:13:26.229127+00:00,0,0,1,4626.1,0.06664061202687481,1,0,0,validation
RD_004329,CUST_001649,1781576148.0692847,2026-06-16T02:15:48.069285+00:00,0,0,1,19679.7,0.23200096693598504,1,0,0,validation
RD_002382,CUST_003775,1781578850.2472365,2026-06-16T03:00:50.247236+00:00,0,0,1,3236.6,0.1541759397199567,1,0,0,validation
RD_003132,CUST_004442,1781579093.155933,2026-06-16T03:04:53.155933+00:00,0,0,1,509.5,0.34015977501105477,1,0,0,validation
RD_001616,CUST_000726,1781583734.8281727,2026-06-16T04:22:14.828173+00:00,0,0,1,864.1,0.34740096532889647,1,0,0,validation
RD_003094,CUST_003612,1781585957.1389825,2026-06-16T04:59:17.138983+00:00,0,0,1,1350.9,0.13585342844973894,1,0,0,validation
RD_004426,CUST_003577,1781586653.5452774,2026-06-16T05:10:53.545277+00:00,0,0,1,4647.5,0.03741006756552254,1,0,0,validation
RD_004491,CUST_001781,1781587492.6624258,2026-06-16T05:24:52.662426+00:00,0,0,1,294.8,0.4273546274768134,1,0,0,validation
RD_002883,CUST_002701,1781587548.6882663,2026-06-16T05:25:48.688266+00:00,0,0,1,16898.9,0.02170633032518998,1,0,0,validation
RD_002155,CUST_004239,1781588291.0563335,2026-06-16T05:38:11.056334+00:00,0,0,1,18888.3,0.09295238879637231,1,0,0,validation
RD_002354,CUST_000125,1781588454.4189181,2026-06-16T05:40:54.418918+00:00,0,0,1,215.0,0.0777145483058963,1,0,0,validation
RD_002349,CUST_004162,1781588739.3285396,2026-06-16T05:45:39.328540+00:00,0,0,1,1478.7,0.25366164825270177,1,0,0,validation
RD_000824,CUST_004077,1781588853.9403276,2026-06-16T05:47:33.940328+00:00,0,0,1,1872.6,0.10822805042105946,1,0,0,validation
RD_001041,CUST_003046,1781589096.3786774,2026-06-16T05:51:36.378677+00:00,0,0,1,224.6,0.12013271263122229,1,0,0,validation
RD_005151,CUST_000350,1781589226.4574544,2026-06-16T05:53:46.457454+00:00,0,0,1,38581.6,0.08369873467870097,20,0,0,validation
RD_003811,CUST_001509,1781592465.2403386,2026-06-16T06:47:45.240339+00:00,0,0,1,1813.7,0.0568654702902639,1,0,0,validation
RD_004320,CUST_000587,1781593573.9968746,2026-06-16T07:06:13.996875+00:00,0,0,1,4295.1,0.1968370565640103,1,0,0,validation
RD_003124,CUST_004336,1781593637.3557765,2026-06-16T07:07:17.355777+00:00,0,0,1,454.7,0.0778550237814321,1,0,0,validation
RD_003843,CUST_002820,1781594896.3666945,2026-06-16T07:28:16.366694+00:00,0,0,1,10506.0,0.05594126504681962,1,0,0,validation
RD_002791,CUST_003659,1781595974.4938397,2026-06-16T07:46:14.493840+00:00,0,2,1,201.1,0.320104878437858,8,0,0,validation
RD_003435,CUST_003992,1781596279.7486122,2026-06-16T07:51:19.748612+00:00,0,0,1,12838.4,0.32868625478666347,1,0,0,validation
RD_000709,CUST_000963,1781596878.334726,2026-06-16T08:01:18.334726+00:00,0,0,1,138.0,0.1939256237606,1,0,0,validation
RD_004215,CUST_002748,1781600108.2861197,2026-06-16T08:55:08.286120+00:00,0,0,1,36263.1,0.08949034010962871,1,0,0,validation
RD_002909,CUST_001135,1781601288.9201398,2026-06-16T09:14:48.920140+00:00,0,0,1,625.4,0.12651260160966696,1,0,0,validation
RD_003905,CUST_000701,1781601400.3787308,2026-06-16T09:16:40.378731+00:00,0,0,1,11419.9,0.17119993256585772,1,0,0,validation
RD_000646,CUST_000901,1781603629.3398223,2026-06-16T09:53:49.339822+00:00,0,0,1,1045.8,0.23813249680661489,1,0,0,validation
RD_001601,CUST_004337,1781608017.0040715,2026-06-16T11:06:57.004071+00:00,0,0,1,163.1,0.12004632257136558,1,0,0,validation
RD_001437,CUST_004305,1781608249.0801425,2026-06-16T11:10:49.080142+00:00,0,0,1,4668.0,0.1710066438586156,1,0,0,validation
RD_003802,CUST_002387,1781609029.384885,2026-06-16T11:23:49.384885+00:00,0,0,1,14987.2,0.23434576459537512,1,0,0,validation
RD_004392,CUST_000137,1781609258.531474,2026-06-16T11:27:38.531474+00:00,0,0,1,5849.2,0.38733443738337087,1,0,0,validation
RD_002257,CUST_001672,1781614558.451665,2026-06-16T12:55:58.451665+00:00,0,0,1,294.6,0.2505583622686783,1,0,0,validation
RD_002398,CUST_001682,1781614643.3062892,2026-06-16T12:57:23.306289+00:00,0,2,1,4922.1,0.14474492567850697,9,0,0,validation
RD_001012,CUST_003811,1781615073.9559612,2026-06-16T13:04:33.955961+00:00,0,0,1,38671.0,0.209255096399186,1,0,0,validation
RD_004841,CUST_002247,1781616289.6240284,2026-06-16T13:24:49.624028+00:00,0,0,1,206.1,0.1289820375880191,1,0,0,validation
RD_004874,CUST_003513,1781620108.8108108,2026-06-16T14:28:28.810811+00:00,0,0,1,9114.7,0.3042498724143357,1,0,0,validation
RD_005252,CUST_003747,1781620407.9477067,2026-06-16T14:33:27.947707+00:00,0,0,1,1485.4,0.13718921129651013,1,0,0,validation
RD_004727,CUST_004176,1781621457.1737194,2026-06-16T14:50:57.173719+00:00,0,0,1,564.9,0.06577796837808329,1,0,0,validation
RD_002164,CUST_003277,1781621823.902267,2026-06-16T14:57:03.902267+00:00,0,0,1,25678.4,0.37864493579628483,1,0,0,validation
RD_000997,CUST_002235,1781622144.013472,2026-06-16T15:02:24.013472+00:00,0,0,1,906.7,0.3202740148776217,1,0,0,validation
RD_003141,CUST_002038,1781623184.8809478,2026-06-16T15:19:44.880948+00:00,0,0,1,3461.4,0.24791611732447286,1,0,0,validation
RD_003230,CUST_000659,1781624589.4661458,2026-06-16T15:43:09.466146+00:00,0,0,1,29987.0,0.3920469723211157,1,0,0,validation
RD_003222,CUST_002577,1781625213.681695,2026-06-16T15:53:33.681695+00:00,0,0,1,1032.0,0.039942155010315734,1,0,0,validation
RD_000932,CUST_001448,1781625520.5965712,2026-06-16T15:58:40.596571+00:00,0,0,1,26038.6,0.10723211097017406,1,0,0,validation
RD_003199,CUST_003081,1781626446.8541226,2026-06-16T16:14:06.854123+00:00,0,0,1,256.6,0.1052122625329593,1,0,0,validation
RD_005323,CUST_001404,1781627518.094921,2026-06-16T16:31:58.094921+00:00,0,0,1,5901.8,0.33805175995779696,15,0,0,validation
RD_000607,CUST_004073,1781628583.9547486,2026-06-16T16:49:43.954749+00:00,0,0,1,3875.0,0.5092527060362492,1,0,0,validation
RD_005333,CUST_003285,1781628811.3337631,2026-06-16T16:53:31.333763+00:00,0,0,1,679.2,0.4850376900565872,1,0,0,validation
RD_002413,CUST_000644,1781628903.0132532,2026-06-16T16:55:03.013253+00:00,0,0,1,2539.9,0.29197359358298275,1,0,0,validation
RD_005377,CUST_000483,1781630149.8415017,2026-06-16T17:15:49.841502+00:00,0,0,1,2804.9,0.04842374775046331,1,0,0,validation
RD_001459,CUST_002933,1781630587.319862,2026-06-16T17:23:07.319862+00:00,0,0,1,7347.2,0.03205524393237946,8,0,0,validation
RD_002612,CUST_000867,1781631653.651001,2026-06-16T17:40:53.651001+00:00,0,0,1,5752.2,0.15244178601827785,1,0,0,validation
RD_000433,CUST_000083,1781632438.4927788,2026-06-16T17:53:58.492779+00:00,0,0,1,965.9,0.21574558767234134,1,0,0,validation
RD_004454,CUST_001961,1781634154.4019942,2026-06-16T18:22:34.401994+00:00,0,0,1,383.0,0.24068351064540702,1,0,0,validation
RD_000521,CUST_001957,1781635467.1852837,2026-06-16T18:44:27.185284+00:00,0,0,1,14319.8,0.2634290716225048,1,0,0,validation
RD_000842,CUST_002568,1781640093.2869987,2026-06-16T20:01:33.286999+00:00,0,0,1,121.6,0.18726220779513447,1,0,0,validation
RD_000043,CUST_001693,1781640099.2530794,2026-06-16T20:01:39.253079+00:00,0,0,1,6314.0,0.1995988720695789,1,0,0,validation
RD_000727,CUST_001136,1781642216.6225753,2026-06-16T20:36:56.622575+00:00,0,0,1,358.2,0.06669192901278935,1,0,0,validation
RD_004335,CUST_003308,1781643145.6945348,2026-06-16T20:52:25.694535+00:00,0,0,1,777.2,0.15233974590776705,1,0,0,validation
RD_005080,CUST_000161,1781644415.0168817,2026-06-16T21:13:35.016882+00:00,0,0,3,1106.5,0.38267647282153483,3,0,0,validation
RD_003741,CUST_000626,1781649554.0749204,2026-06-16T22:39:14.074920+00:00,0,0,1,4362.3,0.17698958197381967,1,0,0,validation
RD_000264,CUST_001912,1781651001.119259,2026-06-16T23:03:21.119259+00:00,0,0,1,489.5,0.1278662449734551,1,0,0,validation
RD_000124,CUST_001383,1781652238.8398173,2026-06-16T23:23:58.839817+00:00,0,0,1,969.4,0.34863398307477855,1,0,0,validation
RD_003635,CUST_000781,1781652806.2298305,2026-06-16T23:33:26.229831+00:00,0,0,1,18400.8,0.28228265004792064,1,0,0,validation
RD_003059,CUST_003992,1781656511.1757724,2026-06-17T00:35:11.175772+00:00,0,0,1,980.8,0.11904541952470167,1,0,0,validation
RD_000206,CUST_000778,1781657353.2827823,2026-06-17T00:49:13.282782+00:00,0,0,1,2441.3,0.059817510224461086,1,0,0,validation
RD_002603,CUST_003383,1781657504.6147668,2026-06-17T00:51:44.614767+00:00,0,0,1,177.1,0.24998123357861218,1,0,0,validation
RD_000771,CUST_003797,1781657585.127506,2026-06-17T00:53:05.127506+00:00,0,0,1,3045.4,0.39485560563079913,2,0,0,validation
RD_000936,CUST_000787,1781657819.854861,2026-06-17T00:56:59.854861+00:00,0,1,1,1764.9,0.315379088169871,13,0,0,validation
RD_004746,CUST_003837,1781658317.1418078,2026-06-17T01:05:17.141808+00:00,0,0,1,577.0,0.1132866161943389,2,0,0,validation
RD_002862,CUST_000584,1781658850.2160878,2026-06-17T01:14:10.216088+00:00,0,0,1,7709.4,0.12092812201511953,1,0,0,validation
RD_000290,CUST_003811,1781659542.9381812,2026-06-17T01:25:42.938181+00:00,0,0,1,181.7,0.2334822790334051,1,0,0,validation
RD_005433,CUST_001408,1781659800.7105854,2026-06-17T01:30:00.710585+00:00,0,0,1,6441.9,0.3408089241252489,1,0,0,validation
RD_005386,CUST_003172,1781660666.5680315,2026-06-17T01:44:26.568032+00:00,0,0,1,4352.8,0.10601681801868158,1,0,0,validation
RD_004364,CUST_002216,1781661949.2837095,2026-06-17T02:05:49.283710+00:00,0,0,1,842.0,0.38399438764446664,1,0,0,validation
RD_002649,CUST_004334,1781663097.3407965,2026-06-17T02:24:57.340796+00:00,0,0,1,555.6,0.4177259743038123,1,0,0,validation
RD_004307,CUST_003520,1781664561.771448,2026-06-17T02:49:21.771448+00:00,0,0,1,187.6,0.1959850832058296,1,0,0,validation
RD_000225,CUST_003679,1781667164.692741,2026-06-17T03:32:44.692741+00:00,0,1,1,540.1,0.1863198797154963,20,0,0,validation
RD_002568,CUST_000516,1781667361.168926,2026-06-17T03:36:01.168926+00:00,0,0,1,981.4,0.21387918049433652,1,0,0,validation
RD_005456,CUST_002703,1781669327.4085028,2026-06-17T04:08:47.408503+00:00,0,0,1,3284.1,0.21800954880675746,1,0,0,validation
RD_000150,CUST_000813,1781671257.6321247,2026-06-17T04:40:57.632125+00:00,0,0,3,31863.4,0.25164103560286255,4,0,0,validation
RD_002192,CUST_000930,1781672527.3928256,2026-06-17T05:02:07.392826+00:00,0,0,1,456.3,0.13332373756504093,10,0,0,validation
RD_004220,CUST_002017,1781674044.2133095,2026-06-17T05:27:24.213310+00:00,0,0,1,1338.6,0.3857043866667952,1,0,0,validation
RD_005105,CUST_002930,1781674180.6364064,2026-06-17T05:29:40.636406+00:00,0,0,1,3133.6,0.28946679074130655,1,0,0,validation
RD_004858,CUST_000609,1781674816.386446,2026-06-17T05:40:16.386446+00:00,0,0,3,3848.5,0.3453868074514193,2,0,0,validation
RD_000305,CUST_002018,1781675208.2936535,2026-06-17T05:46:48.293653+00:00,0,0,1,412.8,0.15947144341322167,1,0,0,validation
RD_002303,CUST_000532,1781676857.694111,2026-06-17T06:14:17.694111+00:00,0,2,1,747.4,0.29300645242522716,25,0,0,validation
RD_002985,CUST_004242,1781680741.8296347,2026-06-17T07:19:01.829635+00:00,0,0,1,520.0,0.18469834410514266,1,0,0,validation
RD_005024,CUST_002266,1781681788.0098765,2026-06-17T07:36:28.009876+00:00,0,0,1,1035.8,0.06034364764384187,1,0,0,validation
RD_001510,CUST_002466,1781682283.1972914,2026-06-17T07:44:43.197291+00:00,0,0,1,527.9,0.08902648766467702,1,0,0,validation
RD_003716,CUST_003378,1781683390.281718,2026-06-17T08:03:10.281718+00:00,0,0,1,23481.2,0.1404611959821882,1,0,0,validation
RD_000360,CUST_000871,1781684835.4116116,2026-06-17T08:27:15.411612+00:00,0,0,1,10605.7,0.06461131384598241,1,0,0,validation
RD_000475,CUST_004153,1781685217.999993,2026-06-17T08:33:37.999993+00:00,0,0,1,381.7,0.06689063922424561,1,0,0,validation
RD_002697,CUST_002456,1781685820.1878946,2026-06-17T08:43:40.187895+00:00,0,1,1,717.9,0.1901453924153291,16,0,0,validation
RD_001706,CUST_002001,1781687574.2279284,2026-06-17T09:12:54.227928+00:00,0,0,1,913.1,0.1156710631187416,1,0,0,validation
RD_004192,CUST_000083,1781688420.199056,2026-06-17T09:27:00.199056+00:00,0,0,1,740.5,0.1849011980723984,1,0,0,validation
RD_004402,CUST_002922,1781689053.8763926,2026-06-17T09:37:33.876393+00:00,0,0,1,7846.8,0.05702651737927401,1,0,0,validation
RD_004525,CUST_002769,1781689260.2147403,2026-06-17T09:41:00.214740+00:00,0,0,1,4511.3,0.09436728873383493,1,0,0,validation
RD_003823,CUST_001190,1781690225.198719,2026-06-17T09:57:05.198719+00:00,0,0,1,1524.6,0.15683916546308277,1,0,0,validation
RD_000339,CUST_002104,1781691929.4331613,2026-06-17T10:25:29.433161+00:00,0,0,1,614.1,0.19631860777786048,1,0,0,validation
RD_001739,CUST_003762,1781692266.426627,2026-06-17T10:31:06.426627+00:00,0,0,1,351.6,0.2812619927503339,1,0,0,validation
RD_001760,CUST_001762,1781694579.4687736,2026-06-17T11:09:39.468774+00:00,0,0,3,11591.2,0.143314850719069,3,0,0,validation
RD_005289,CUST_004396,1781694970.9607744,2026-06-17T11:16:10.960774+00:00,0,0,1,1465.7,0.42619719737017364,1,0,0,validation
RD_000237,CUST_000879,1781695613.698005,2026-06-17T11:26:53.698005+00:00,0,0,1,1948.9,0.07437922699106499,1,0,0,validation
RD_001826,CUST_002339,1781695750.9548872,2026-06-17T11:29:10.954887+00:00,0,0,1,452.5,0.29725763200606514,1,0,0,validation
RD_004068,CUST_000385,1781696033.7599604,2026-06-17T11:33:53.759960+00:00,0,0,1,6014.0,0.37366783603622605,1,0,0,validation
RD_002777,CUST_002038,1781696466.9077399,2026-06-17T11:41:06.907740+00:00,0,0,1,3333.4,0.4112889955779809,1,0,0,validation
RD_003607,CUST_000935,1781696713.9494007,2026-06-17T11:45:13.949401+00:00,0,0,1,19841.7,0.2987744883518576,1,0,0,validation
RD_004755,CUST_004354,1781699191.1986098,2026-06-17T12:26:31.198610+00:00,0,0,1,768.1,0.10422585264522909,1,0,0,validation
RD_001206,CUST_002144,1781699422.2662587,2026-06-17T12:30:22.266259+00:00,0,0,1,6410.3,0.05043174309084985,1,0,0,validation
RD_004467,CUST_000608,1781702584.2162282,2026-06-17T13:23:04.216228+00:00,0,0,1,4577.7,0.04014268265559382,1,0,0,validation
RD_000843,CUST_001870,1781704271.1314135,2026-06-17T13:51:11.131413+00:00,0,0,1,1088.1,0.1937541310083333,1,0,0,validation
RD_000376,CUST_004434,1781705667.3245258,2026-06-17T14:14:27.324526+00:00,0,0,1,1194.2,0.2512291411148967,1,0,0,validation
RD_002724,CUST_003520,1781706444.0483043,2026-06-17T14:27:24.048304+00:00,0,0,1,1931.7,0.5996174249991795,1,0,0,validation
RD_004925,CUST_003468,1781707223.3006938,2026-06-17T14:40:23.300694+00:00,0,0,1,5559.7,0.025489213031832558,1,0,0,validation
RD_002922,CUST_002292,1781707277.7759964,2026-06-17T14:41:17.775996+00:00,0,0,1,390.9,0.15168451600365135,1,0,0,validation
RD_001805,CUST_003468,1781708291.539718,2026-06-17T14:58:11.539718+00:00,0,0,1,3305.4,0.11218627246495831,1,0,0,validation
RD_003881,CUST_000516,1781710327.8832936,2026-06-17T15:32:07.883294+00:00,0,0,1,293.5,0.14062576781116246,1,0,0,validation
RD_002720,CUST_003239,1781712150.1218448,2026-06-17T16:02:30.121845+00:00,0,0,1,2885.9,0.4019562106092796,27,0,0,validation
RD_003866,CUST_004434,1781712946.8491104,2026-06-17T16:15:46.849110+00:00,0,0,1,4826.8,0.06112369741649809,1,0,0,validation
RD_003778,CUST_002339,1781713285.3552885,2026-06-17T16:21:25.355289+00:00,0,0,1,1871.7,0.24460567347245235,1,0,0,validation
RD_003578,CUST_001961,1781713668.7457492,2026-06-17T16:27:48.745749+00:00,0,0,1,3745.6,0.27243438954513566,1,0,0,validation
RD_002495,CUST_001295,1781714239.5382347,2026-06-17T16:37:19.538235+00:00,0,0,1,5955.9,0.2238451280878157,1,0,0,validation
RD_001092,CUST_000964,1781714663.7628744,2026-06-17T16:44:23.762874+00:00,0,0,1,11087.4,0.1840982747575397,1,0,0,validation
RD_002010,CUST_002266,1781715218.979804,2026-06-17T16:53:38.979804+00:00,0,0,1,1317.4,0.09336412604853944,1,0,0,validation
RD_000549,CUST_000513,1781716672.9304376,2026-06-17T17:17:52.930438+00:00,1,0,1,38008.0,0.37354427272139584,2,0,0,validation
RD_004339,CUST_002858,1781720722.4597955,2026-06-17T18:25:22.459795+00:00,0,0,1,555.7,0.17881475076998493,1,0,0,validation
RD_000023,CUST_003470,1781721443.3007119,2026-06-17T18:37:23.300712+00:00,0,0,1,13398.4,0.1842592326986709,1,0,0,validation
RD_004048,CUST_004169,1781721861.8163764,2026-06-17T18:44:21.816376+00:00,0,0,1,194.6,0.16567694722592938,1,0,0,validation
RD_004687,CUST_001298,1781721927.6351335,2026-06-17T18:45:27.635134+00:00,0,0,1,9765.4,0.08671361431180166,1,0,0,validation
RD_004252,CUST_000113,1781721948.249429,2026-06-17T18:45:48.249429+00:00,0,0,1,1347.6,0.3759164384668575,1,0,0,validation
RD_004883,CUST_002605,1781722819.1550038,2026-06-17T19:00:19.155004+00:00,0,0,1,5354.0,0.525731452634394,1,0,0,validation
RD_002301,CUST_004101,1781724517.1403694,2026-06-17T19:28:37.140369+00:00,0,0,1,1113.0,0.12196114393040153,1,0,0,validation
RD_001505,CUST_002682,1781727194.8411262,2026-06-17T20:13:14.841126+00:00,0,0,1,558.1,0.15955344583410433,1,0,0,validation
RD_000467,CUST_001429,1781727954.5598066,2026-06-17T20:25:54.559807+00:00,0,0,1,5493.2,0.29887859129599675,1,0,0,validation
RD_000014,CUST_002428,1781729276.408069,2026-06-17T20:47:56.408069+00:00,0,0,1,56.3,0.41085970628567037,1,0,0,validation
RD_002226,CUST_000456,1781731808.2452767,2026-06-17T21:30:08.245277+00:00,0,0,1,149.4,0.4424967365234774,1,0,0,validation
RD_000595,CUST_003531,1781732990.5434449,2026-06-17T21:49:50.543445+00:00,0,0,1,308.5,0.41466937839353213,1,0,0,validation
RD_003807,CUST_004239,1781734536.8236475,2026-06-17T22:15:36.823647+00:00,0,0,1,376.8,0.3140366106087523,1,0,0,validation
RD_001961,CUST_002292,1781734968.1711776,2026-06-17T22:22:48.171178+00:00,0,0,1,13075.7,0.2678955245135952,1,0,0,validation
RD_003189,CUST_000587,1781737243.5498161,2026-06-17T23:00:43.549816+00:00,0,0,1,1955.7,0.2595772972872669,1,0,0,validation
RD_001211,CUST_004037,1781737750.3925722,2026-06-17T23:09:10.392572+00:00,0,0,1,14446.9,0.25528099399620063,1,0,0,validation
RD_000170,CUST_004319,1781739609.613593,2026-06-17T23:40:09.613593+00:00,0,0,1,612.4,0.24627193605972858,1,0,0,validation
RD_001419,CUST_002132,1781739658.53243,2026-06-17T23:40:58.532430+00:00,0,0,1,6680.2,0.035868483208249965,1,0,0,validation
RD_004912,CUST_000813,1781740622.942791,2026-06-17T23:57:02.942791+00:00,0,0,2,2851.9,0.04817131829771378,3,0,0,validation
RD_005464,CUST_000062,1781740711.055835,2026-06-17T23:58:31.055835+00:00,0,0,1,7239.2,0.05610505523616068,30,0,0,validation
RD_002348,CUST_000807,1781742004.7570395,2026-06-18T00:20:04.757040+00:00,0,0,1,299.4,0.3260140402940861,1,0,0,validation
RD_004550,CUST_004279,1781742626.2316446,2026-06-18T00:30:26.231645+00:00,0,0,1,5404.5,0.04367828009764293,1,0,0,validation
RD_005066,CUST_003894,1781742953.349702,2026-06-18T00:35:53.349702+00:00,0,0,1,3770.2,0.04229877678003779,1,0,0,validation
RD_002175,CUST_001137,1781745354.5041738,2026-06-18T01:15:54.504174+00:00,0,2,1,50666.4,0.24101303338318625,39,0,0,validation
RD_002834,CUST_002182,1781748422.7921672,2026-06-18T02:07:02.792167+00:00,0,0,1,1551.1,0.12876776049780408,1,0,0,validation
RD_004645,CUST_003167,1781749231.0238252,2026-06-18T02:20:31.023825+00:00,0,0,1,1626.1,0.23775974370128128,1,0,0,validation
RD_001643,CUST_001519,1781749251.2868648,2026-06-18T02:20:51.286865+00:00,0,0,1,424.2,0.21465721102937527,1,0,0,validation
RD_001875,CUST_000393,1781749863.442286,2026-06-18T02:31:03.442286+00:00,1,0,3,372.5,0.15120090724273957,4,0,0,validation
RD_003049,CUST_000685,1781750096.28473,2026-06-18T02:34:56.284730+00:00,0,0,1,3501.3,0.08056958176791709,1,0,0,validation
RD_000930,CUST_000095,1781750787.4998574,2026-06-18T02:46:27.499857+00:00,0,0,1,70.1,0.21115337521175773,1,0,0,validation
RD_001802,CUST_000614,1781751632.4990196,2026-06-18T03:00:32.499020+00:00,0,0,1,3306.6,0.19946070373594296,1,0,0,validation
RD_002762,CUST_001568,1781751676.3717217,2026-06-18T03:01:16.371722+00:00,0,0,1,11883.5,0.21188988520383395,1,0,0,validation
RD_004662,CUST_004386,1781752554.1976562,2026-06-18T03:15:54.197656+00:00,0,0,1,3037.5,0.3139530256833425,1,0,0,validation
RD_000231,CUST_001136,1781752794.2150397,2026-06-18T03:19:54.215040+00:00,0,0,1,3111.7,0.29359071938211034,1,0,0,validation
RD_001191,CUST_003167,1781754245.1430402,2026-06-18T03:44:05.143040+00:00,0,0,1,6091.1,0.358823331002551,1,0,0,validation
RD_001162,CUST_000569,1781754423.8130076,2026-06-18T03:47:03.813008+00:00,0,0,1,69.5,0.10166636986027477,1,0,0,validation
RD_002809,CUST_001798,1781757596.7003112,2026-06-18T04:39:56.700311+00:00,0,0,1,7361.5,0.6058156473063367,1,0,0,validation
RD_004141,CUST_003782,1781758017.4239018,2026-06-18T04:46:57.423902+00:00,0,0,1,397.4,0.3855959130112161,1,0,0,validation
RD_001577,CUST_000306,1781758068.3113678,2026-06-18T04:47:48.311368+00:00,0,0,1,58.5,0.16487547919130974,1,0,0,validation
RD_000244,CUST_003744,1781759202.3134437,2026-06-18T05:06:42.313444+00:00,0,0,1,1221.9,0.17527725271784653,1,0,0,validation
RD_000921,CUST_000846,1781759674.592475,2026-06-18T05:14:34.592475+00:00,0,0,1,17471.3,0.26377891986150515,1,0,0,validation
RD_000205,CUST_001104,1781760311.384399,2026-06-18T05:25:11.384399+00:00,0,0,1,54.6,0.2236476954795513,1,0,0,validation
RD_004756,CUST_002456,1781760692.7834477,2026-06-18T05:31:32.783448+00:00,0,1,1,280.4,0.5062219754916957,33,0,0,validation
RD_003130,CUST_000335,1781761429.723278,2026-06-18T05:43:49.723278+00:00,0,0,1,521.3,0.20085959991410957,1,0,0,validation
RD_004602,CUST_002791,1781761892.0415344,2026-06-18T05:51:32.041534+00:00,0,0,1,5053.8,0.005636013763458639,1,0,0,validation
RD_001413,CUST_002266,1781761894.3520024,2026-06-18T05:51:34.352002+00:00,0,0,1,9591.1,0.03555672639849032,1,0,0,validation
RD_005082,CUST_000340,1781764221.034962,2026-06-18T06:30:21.034962+00:00,0,0,1,14117.2,0.21087096301660513,1,0,0,validation
RD_004338,CUST_003615,1781764377.629924,2026-06-18T06:32:57.629924+00:00,0,0,1,2132.0,0.4861770376613929,1,0,0,validation
RD_003109,CUST_002609,1781766159.9320254,2026-06-18T07:02:39.932025+00:00,0,0,1,205.3,0.3586955744836296,1,0,0,validation
RD_000157,CUST_002045,1781766989.911317,2026-06-18T07:16:29.911317+00:00,0,0,1,88405.7,0.23989315940065084,1,0,0,validation
RD_000350,CUST_002930,1781767485.6948473,2026-06-18T07:24:45.694847+00:00,0,0,1,4997.2,0.37593759949732836,1,0,0,validation
RD_002135,CUST_004434,1781767985.18382,2026-06-18T07:33:05.183820+00:00,0,0,1,677.0,0.31438782150373656,1,0,0,validation
RD_000258,CUST_003978,1781768863.707927,2026-06-18T07:47:43.707927+00:00,0,0,1,15592.2,0.4523169506217928,1,0,0,validation
RD_001994,CUST_003613,1781769683.9882998,2026-06-18T08:01:23.988300+00:00,0,0,1,1065.0,0.05322206751170097,1,0,0,validation
RD_004028,CUST_001190,1781769804.469251,2026-06-18T08:03:24.469251+00:00,0,0,1,3871.8,0.17814658519903975,1,0,0,validation
RD_004873,CUST_000666,1781770036.0640671,2026-06-18T08:07:16.064067+00:00,0,0,2,5882.8,0.4928091381894918,4,0,0,validation
RD_002317,CUST_003297,1781771095.1450448,2026-06-18T08:24:55.145045+00:00,0,0,1,4064.6,0.19247438091579053,1,0,0,validation
RD_002806,CUST_004279,1781771162.6656113,2026-06-18T08:26:02.665611+00:00,0,0,1,1582.6,0.009841281843509957,1,0,0,validation
RD_004904,CUST_001298,1781772693.67339,2026-06-18T08:51:33.673390+00:00,0,0,1,8990.4,0.08769799881935184,1,0,0,validation
RD_005394,CUST_001906,1781773793.92371,2026-06-18T09:09:53.923710+00:00,0,0,1,1916.6,0.16012029126437805,1,0,0,validation
RD_000463,CUST_001274,1781774541.404867,2026-06-18T09:22:21.404867+00:00,0,0,1,9802.0,0.1673286053177621,1,0,0,validation
RD_004042,CUST_002309,1781774731.6358204,2026-06-18T09:25:31.635820+00:00,0,1,1,10265.9,0.018770204234242686,19,0,0,validation
RD_004097,CUST_000306,1781774802.9328184,2026-06-18T09:26:42.932818+00:00,0,0,1,4488.2,0.17015703509744828,1,0,0,validation
RD_004345,CUST_000535,1781775401.242003,2026-06-18T09:36:41.242003+00:00,0,0,1,6097.0,0.29137196960634487,1,0,0,validation
RD_003744,CUST_003984,1781775569.14926,2026-06-18T09:39:29.149260+00:00,0,0,1,77058.3,0.1336880348908585,1,0,0,validation
RD_003481,CUST_002725,1781775698.1256135,2026-06-18T09:41:38.125613+00:00,0,0,1,2568.0,0.30830664109113504,1,0,0,validation
RD_002759,CUST_003220,1781775912.5948079,2026-06-18T09:45:12.594808+00:00,0,0,1,4109.7,0.1274782325586084,1,0,0,validation
RD_004169,CUST_000309,1781775950.7518837,2026-06-18T09:45:50.751884+00:00,0,0,1,1374.5,0.0277293700712682,1,0,0,validation
RD_001462,CUST_001242,1781776415.0115387,2026-06-18T09:53:35.011539+00:00,0,0,1,11525.3,0.39848408148674996,1,0,0,validation
RD_000789,CUST_001747,1781776563.1764562,2026-06-18T09:56:03.176456+00:00,0,0,1,20413.0,0.16115334401342837,1,0,0,validation
RD_003032,CUST_002682,1781777112.9792516,2026-06-18T10:05:12.979252+00:00,0,0,1,2190.1,0.14776733715125132,1,0,0,validation
RD_002277,CUST_000341,1781779046.0012221,2026-06-18T10:37:26.001222+00:00,0,0,1,3483.4,0.06942105641754184,1,0,0,validation
RD_004222,CUST_000245,1781781918.888729,2026-06-18T11:25:18.888729+00:00,0,0,1,8996.3,0.45043336441352794,1,0,0,validation
RD_002442,CUST_003960,1781782686.4711857,2026-06-18T11:38:06.471186+00:00,0,0,1,56066.3,0.15489568813163332,1,0,0,validation
RD_000045,CUST_000174,1781782904.7514174,2026-06-18T11:41:44.751417+00:00,0,0,1,6442.8,0.11582735127510825,1,0,0,validation
RD_001669,CUST_003297,1781783405.973593,2026-06-18T11:50:05.973593+00:00,0,0,1,1265.7,0.48157048764673066,1,0,0,validation
RD_003535,CUST_003081,1781784371.843504,2026-06-18T12:06:11.843504+00:00,0,0,1,2210.8,0.07623411954967187,1,0,0,validation
RD_002101,CUST_003613,1781785055.7951682,2026-06-18T12:17:35.795168+00:00,0,0,1,541.8,0.2891718403668968,1,0,0,validation
RD_000908,CUST_003801,1781785582.2888212,2026-06-18T12:26:22.288821+00:00,0,0,1,525.8,0.02828791461719635,1,0,0,validation
RD_003452,CUST_000285,1781785994.8600633,2026-06-18T12:33:14.860063+00:00,0,0,1,472.3,0.046958319886806286,1,0,0,validation
RD_002764,CUST_001242,1781787932.5572548,2026-06-18T13:05:32.557255+00:00,0,0,1,13295.3,0.0935519466804649,1,0,0,validation
RD_003889,CUST_003760,1781788348.2428367,2026-06-18T13:12:28.242837+00:00,0,0,1,2584.2,0.49504674750291017,1,0,0,validation
RD_002119,CUST_004228,1781788603.4351494,2026-06-18T13:16:43.435149+00:00,0,0,1,750.2,0.23786793230316317,1,0,0,validation
RD_000356,CUST_001837,1781789769.0957687,2026-06-18T13:36:09.095769+00:00,0,0,1,630.7,0.11304792678300177,1,0,0,validation
RD_002951,CUST_001649,1781790208.004649,2026-06-18T13:43:28.004649+00:00,0,0,1,13569.3,0.17171752339193652,1,0,0,validation
RD_001120,CUST_003992,1781790526.8624153,2026-06-18T13:48:46.862415+00:00,0,0,1,255.2,0.26418134035038315,1,0,0,validation
RD_002514,CUST_002341,1781790576.7263093,2026-06-18T13:49:36.726309+00:00,0,0,1,6669.6,0.6923863543041311,1,0,0,validation
RD_003058,CUST_002141,1781790882.481266,2026-06-18T13:54:42.481266+00:00,0,0,1,1994.8,0.11824062679183248,1,0,0,validation
RD_000811,CUST_001135,1781791909.5161188,2026-06-18T14:11:49.516119+00:00,0,0,1,412.8,0.34286016380228823,1,0,0,validation
RD_000612,CUST_001242,1781791932.2228267,2026-06-18T14:12:12.222827+00:00,0,0,1,9032.2,0.13919283418277234,1,0,0,validation
RD_003275,CUST_003364,1781793254.5610313,2026-06-18T14:34:14.561031+00:00,0,0,1,1676.0,0.09481068611619849,1,0,0,validation
RD_000478,CUST_001682,1781793735.407357,2026-06-18T14:42:15.407357+00:00,0,1,1,530.2,0.33660673985059364,37,0,0,validation
RD_001868,CUST_003811,1781795086.191334,2026-06-18T15:04:46.191334+00:00,0,0,1,4981.8,0.15556143582407425,1,0,0,validation
RD_003723,CUST_003408,1781796041.861857,2026-06-18T15:20:41.861857+00:00,0,0,1,1159.5,0.288693858059474,1,0,0,validation
RD_000406,CUST_000218,1781796520.9628603,2026-06-18T15:28:40.962860+00:00,1,0,1,199.8,0.054432852532238056,2,0,0,validation
RD_001410,CUST_002456,1781798332.1449282,2026-06-18T15:58:52.144928+00:00,0,1,1,30540.2,0.11349763384506946,36,0,0,validation
RD_003502,CUST_001880,1781799365.7908201,2026-06-18T16:16:05.790820+00:00,0,0,1,6049.2,0.15659957417557838,1,0,0,validation
RD_001929,CUST_000385,1781800360.225557,2026-06-18T16:32:40.225557+00:00,0,0,1,11877.7,0.33494911877646383,1,0,0,validation
RD_001678,CUST_003575,1781801117.777779,2026-06-18T16:45:17.777779+00:00,0,0,1,1933.2,0.2910436997646308,1,0,0,validation
RD_000400,CUST_001583,1781803077.1253827,2026-06-18T17:17:57.125383+00:00,0,0,1,422.3,0.3842820831498144,1,0,0,validation
RD_004368,CUST_001662,1781804502.6277928,2026-06-18T17:41:42.627793+00:00,0,0,1,543.8,0.26448786503833216,1,0,0,validation
RD_004772,CUST_003923,1781805409.0781567,2026-06-18T17:56:49.078157+00:00,0,0,1,2437.1,0.27921718378579413,1,0,0,validation
RD_003463,CUST_001219,1781807326.0121489,2026-06-18T18:28:46.012149+00:00,0,0,1,563.5,0.22035577948120613,2,0,0,validation
RD_005259,CUST_000831,1781808174.2739577,2026-06-18T18:42:54.273958+00:00,0,0,1,33571.0,0.12622604163846682,1,0,0,validation
RD_000460,CUST_000306,1781808490.6832016,2026-06-18T18:48:10.683202+00:00,0,0,1,608.2,0.25648630452523347,1,0,0,validation
RD_005217,CUST_004170,1781810222.6649754,2026-06-18T19:17:02.664975+00:00,0,0,1,7402.8,0.3060079532110219,1,0,0,validation
RD_005374,CUST_003405,1781813821.0255575,2026-06-18T20:17:01.025558+00:00,0,0,1,10562.3,0.06277293885192828,30,0,0,validation
RD_002302,CUST_001962,1781813846.435967,2026-06-18T20:17:26.435967+00:00,0,0,1,5376.0,0.1579664234484769,1,0,0,validation
RD_001097,CUST_003837,1781814057.3680568,2026-06-18T20:20:57.368057+00:00,1,0,2,1930.5,0.2841460091342431,3,0,0,validation
RD_001424,CUST_000392,1781814097.3721976,2026-06-18T20:21:37.372198+00:00,0,0,1,4214.6,0.07748542113717803,1,0,0,validation
RD_003968,CUST_000219,1781814215.0409675,2026-06-18T20:23:35.040967+00:00,0,1,1,3680.2,0.1790214924007013,28,0,0,validation
RD_001625,CUST_002144,1781814675.485648,2026-06-18T20:31:15.485648+00:00,0,0,1,5069.9,0.2116158981186877,1,0,0,validation
RD_000457,CUST_003358,1781815973.6673079,2026-06-18T20:52:53.667308+00:00,0,0,1,483.3,0.2721280409313808,1,0,0,validation
RD_001509,CUST_004077,1781816080.5116038,2026-06-18T20:54:40.511604+00:00,0,0,1,4429.3,0.07378564786028367,1,0,0,validation
RD_003760,CUST_000999,1781816238.7348542,2026-06-18T20:57:18.734854+00:00,0,0,1,196.4,0.3189284268337362,1,0,0,validation
RD_002080,CUST_000439,1781816922.1219473,2026-06-18T21:08:42.121947+00:00,0,0,2,1612.7,0.38564282010306283,3,0,0,validation
RD_002336,CUST_002636,1781821749.3064945,2026-06-18T22:29:09.306494+00:00,0,2,1,1940.2,0.11836263081118704,29,0,0,validation
RD_003063,CUST_000813,1781822444.2748876,2026-06-18T22:40:44.274888+00:00,1,0,1,336.1,0.09914093039118688,3,0,0,validation
RD_002250,CUST_003707,1781822667.1994014,2026-06-18T22:44:27.199401+00:00,0,0,1,1374.4,0.08220316379817237,1,0,0,validation
RD_001331,CUST_001762,1781823066.9505007,2026-06-18T22:51:06.950501+00:00,0,0,1,1096.1,0.07446919242523137,2,0,0,validation
RD_004535,CUST_004080,1781823736.763529,2026-06-18T23:02:16.763529+00:00,0,0,1,2333.9,0.06431936209420143,1,0,0,validation
RD_001764,CUST_000871,1781824268.0012002,2026-06-18T23:11:08.001200+00:00,0,0,1,3471.7,0.2795455024065098,1,0,0,validation
RD_000027,CUST_003336,1781824654.832251,2026-06-18T23:17:34.832251+00:00,0,0,1,391.1,0.23163856422538387,1,0,0,validation
RD_001414,CUST_002144,1781825486.3263426,2026-06-18T23:31:26.326343+00:00,0,0,1,1118.4,0.20825114002304282,1,0,0,validation
RD_001335,CUST_002636,1781826766.2298117,2026-06-18T23:52:46.229812+00:00,0,2,1,36.5,0.0568341057308953,36,0,0,validation
RD_000970,CUST_000930,1781828323.0568976,2026-06-19T00:18:43.056898+00:00,0,2,1,3635.5,0.2988754627804596,35,0,0,validation
RD_003933,CUST_000813,1781828435.0134163,2026-06-19T00:20:35.013416+00:00,1,0,3,112.0,0.3231977046392052,2,0,0,validation
RD_002188,CUST_004021,1781829263.162979,2026-06-19T00:34:23.162979+00:00,0,0,1,19239.6,0.05415848025287733,1,0,0,validation
RD_000737,CUST_004024,1781829529.1524436,2026-06-19T00:38:49.152444+00:00,0,0,1,156.8,0.03675437656324633,1,0,0,validation
RD_003761,CUST_004279,1781829560.7479913,2026-06-19T00:39:20.747991+00:00,0,0,1,22102.1,0.15075065284814762,1,0,0,validation
RD_000888,CUST_001440,1781829857.6175447,2026-06-19T00:44:17.617545+00:00,0,0,1,4457.8,0.06200627653356315,1,0,0,validation
RD_002044,CUST_001300,1781832172.1656618,2026-06-19T01:22:52.165662+00:00,0,0,1,6320.2,0.11755716042743099,1,0,0,validation
RD_004866,CUST_002639,1781832286.1188695,2026-06-19T01:24:46.118870+00:00,0,0,1,8093.1,0.3180937257281768,1,0,0,validation
RD_002470,CUST_000778,1781832728.5451415,2026-06-19T01:32:08.545141+00:00,0,0,1,9642.8,0.1803355831363018,1,0,0,validation
RD_003103,CUST_002232,1781834444.9148085,2026-06-19T02:00:44.914809+00:00,0,0,1,360.1,0.3924220358272652,1,0,0,validation
RD_005469,CUST_003753,1781835024.587696,2026-06-19T02:10:24.587696+00:00,0,0,1,46.0,0.09967871614271201,1,0,0,validation
RD_002053,CUST_000661,1781837184.3964746,2026-06-19T02:46:24.396475+00:00,0,0,1,41.7,0.23257248728471416,1,0,0,validation
RD_003409,CUST_004148,1781837730.7409928,2026-06-19T02:55:30.740993+00:00,0,0,1,132.8,0.516877454528071,1,0,0,validation
RD_001254,CUST_001141,1781838370.1749244,2026-06-19T03:06:10.174924+00:00,0,0,1,3901.5,0.03700556317928439,1,0,0,validation
RD_001002,CUST_002392,1781841006.3711398,2026-06-19T03:50:06.371140+00:00,0,0,1,231.2,0.15258544616666245,1,0,0,validation
RD_004039,CUST_002555,1781841851.5734289,2026-06-19T04:04:11.573429+00:00,0,2,1,1217.6,0.12061308915275332,38,0,0,validation
RD_003238,CUST_001141,1781842560.2313008,2026-06-19T04:16:00.231301+00:00,0,0,1,747.8,0.28279303272460665,1,0,0,validation
RD_000641,CUST_000037,1781842822.4749942,2026-06-19T04:20:22.474994+00:00,0,0,1,3189.4,0.4124114793173536,1,0,0,validation
RD_004509,CUST_003566,1781843447.4792535,2026-06-19T04:30:47.479254+00:00,0,0,1,5591.5,0.44233261144430513,1,0,0,validation
RD_003301,CUST_003811,1781845111.555265,2026-06-19T04:58:31.555265+00:00,0,0,1,3618.9,0.16015872097576328,1,0,0,validation
RD_002914,CUST_004467,1781845714.8825142,2026-06-19T05:08:34.882514+00:00,0,0,1,1215.4,0.041895231822580266,1,0,0,validation
RD_001979,CUST_001519,1781846041.2300997,2026-06-19T05:14:01.230100+00:00,0,0,1,1294.2,0.20731564595085294,1,0,0,validation
RD_004833,CUST_000128,1781846175.6175997,2026-06-19T05:16:15.617600+00:00,0,0,1,699.0,0.15407451198939967,1,0,0,validation
RD_001204,CUST_001435,1781847841.2718081,2026-06-19T05:44:01.271808+00:00,0,0,1,2334.2,0.22500114082881922,1,0,0,validation
RD_001228,CUST_003992,1781849761.5237515,2026-06-19T06:16:01.523751+00:00,0,0,1,7229.8,0.33258950490499173,1,0,0,validation
RD_000322,CUST_001222,1781852376.6788907,2026-06-19T06:59:36.678891+00:00,1,0,3,4214.3,0.30865932779658656,4,0,0,validation
RD_000362,CUST_001168,1781852978.774926,2026-06-19T07:09:38.774926+00:00,0,0,1,2461.4,0.1617997514938809,1,0,0,validation
RD_001801,CUST_001698,1781854699.6845965,2026-06-19T07:38:19.684597+00:00,0,0,1,127253.2,0.10380940998822143,1,0,0,validation
RD_003065,CUST_000661,1781854865.65957,2026-06-19T07:41:05.659570+00:00,0,0,1,649.7,0.2754649085128223,1,0,0,validation
RD_003831,CUST_004338,1781855709.3587124,2026-06-19T07:55:09.358712+00:00,0,0,1,966.9,0.45669088757994797,1,0,0,validation
RD_000730,CUST_002488,1781855756.6561599,2026-06-19T07:55:56.656160+00:00,0,0,1,44031.1,0.007833559410609385,1,0,0,validation
RD_AB_00085_00,CUST_PA00085_00,1781857304.6411524,2026-06-19T08:21:44.641152+00:00,0,0,1,21.4,0.657163021274427,3,0,1,validation
RD_002332,CUST_003470,1781858017.7369263,2026-06-19T08:33:37.736926+00:00,0,0,1,9545.6,0.09820735763120725,1,0,0,validation
RD_005430,CUST_002725,1781858901.5519514,2026-06-19T08:48:21.551951+00:00,0,0,1,19708.5,0.2386426002260085,1,0,0,validation
RD_004417,CUST_003378,1781860123.6732996,2026-06-19T09:08:43.673300+00:00,0,0,1,505.4,0.1171311325304951,1,0,0,validation
RD_AB_00085_01,CUST_PA00085_01,1781861670.938734,2026-06-19T08:41:03.466863+00:00,1,1,2,35.6,0.7444407668506069,3,0,1,validation
RD_004108,CUST_001883,1781863981.2658923,2026-06-19T10:13:01.265892+00:00,0,0,1,618.1,0.19162499878804215,1,0,0,validation
RD_AB_00085_02,CUST_PA00085_02,1781866642.99215,2026-06-19T08:55:26.758062+00:00,2,2,3,5.7,0.7794480832436181,3,0,1,validation
RD_005371,CUST_003138,1781869257.6912086,2026-06-19T11:40:57.691209+00:00,0,0,1,26700.7,0.7260247773985095,1,0,0,validation
RD_001144,CUST_001519,1781869622.5382624,2026-06-19T11:47:02.538262+00:00,0,0,1,855.2,0.06183849119724751,1,0,0,validation
RD_003935,CUST_000341,1781870093.925907,2026-06-19T11:54:53.925907+00:00,0,0,1,13604.0,0.1691628228384093,1,0,0,validation
RD_002766,CUST_004239,1781872244.384285,2026-06-19T12:30:44.384285+00:00,0,0,1,7125.4,0.15508499152929237,1,0,0,validation
RD_004241,CUST_002439,1781874678.174509,2026-06-19T13:11:18.174509+00:00,0,0,1,1902.8,0.12734275894640518,23,0,0,validation
RD_005107,CUST_003217,1781875564.9698815,2026-06-19T13:26:04.969882+00:00,0,0,1,3187.5,0.04803694419377322,1,0,0,validation
RD_AB_00038_00,CUST_PA00038_00,1781876217.2847736,2026-06-19T13:36:57.284774+00:00,0,0,1,12.0,0.8377746528961483,3,0,1,validation
RD_000106,CUST_003575,1781877280.672999,2026-06-19T13:54:40.672999+00:00,0,0,1,1126.1,0.08281582277743856,1,0,0,validation
RD_000094,CUST_003329,1781879087.0026908,2026-06-19T14:24:47.002691+00:00,0,0,1,4946.1,0.5605422239954133,1,0,0,validation
RD_003574,CUST_000781,1781879254.208644,2026-06-19T14:27:34.208644+00:00,0,0,1,2368.0,0.20588985230905826,1,0,0,validation
RD_AB_00038_01,CUST_PA00038_01,1781879549.3902347,2026-06-19T14:46:52.563704+00:00,1,1,2,66.9,0.8899364922785904,3,0,1,validation
RD_001213,CUST_004319,1781880268.5210898,2026-06-19T14:44:28.521090+00:00,0,0,1,7155.7,0.3080635275954677,1,0,0,validation
RD_004848,CUST_000434,1781880310.1751795,2026-06-19T14:45:10.175179+00:00,0,0,1,1005.7,0.1419111412560295,1,0,0,validation
RD_004082,CUST_000813,1781880349.2456264,2026-06-19T14:45:49.245626+00:00,1,0,1,1397.3,0.35024725027181713,4,0,0,validation
RD_003844,CUST_001698,1781881261.2905505,2026-06-19T15:01:01.290550+00:00,0,0,1,10847.1,0.34024783991535146,1,0,0,validation
RD_002807,CUST_003495,1781881854.5363374,2026-06-19T15:10:54.536337+00:00,0,0,1,3222.2,0.10871702272999849,1,0,0,validation
RD_002273,CUST_001281,1781882469.8363855,2026-06-19T15:21:09.836385+00:00,0,2,1,1116.5,0.1070390209738171,20,0,0,validation
RD_AB_00038_02,CUST_PA00038_02,1781883700.1286082,2026-06-19T15:34:38.973452+00:00,0,2,3,7.8,0.708598871255509,3,0,1,validation
RD_001784,CUST_003077,1781884634.5994384,2026-06-19T15:57:14.599438+00:00,0,0,1,916.7,0.0764552713790654,1,0,0,validation
RD_001182,CUST_003496,1781885390.8203685,2026-06-19T16:09:50.820369+00:00,0,0,1,1507.7,0.256389839073591,1,0,0,validation
RD_002451,CUST_003086,1781887107.1937337,2026-06-19T16:38:27.193734+00:00,0,1,1,4703.5,0.09083378330407664,37,0,0,validation
RD_003640,CUST_000909,1781887122.0757585,2026-06-19T16:38:42.075758+00:00,0,0,1,1080.0,0.10162359386633073,1,0,0,validation
RD_001806,CUST_002245,1781887130.770561,2026-06-19T16:38:50.770561+00:00,0,0,1,2141.1,0.550896847317186,1,0,0,validation
RD_004518,CUST_002016,1781888521.2243588,2026-06-19T17:02:01.224359+00:00,0,0,1,11610.7,0.08804866085809403,1,0,0,validation
RD_004196,CUST_001259,1781888793.443702,2026-06-19T17:06:33.443702+00:00,0,0,1,13595.4,0.5307100195005485,1,0,0,validation
RD_002892,CUST_001212,1781888885.988211,2026-06-19T17:08:05.988211+00:00,0,0,1,1138.6,0.07427649399017533,1,0,0,validation
RD_004549,CUST_002958,1781888907.7271285,2026-06-19T17:08:27.727129+00:00,0,0,1,11997.3,0.18614495529620356,1,0,0,validation
RD_001075,CUST_003476,1781890902.597871,2026-06-19T17:41:42.597871+00:00,0,0,1,1545.4,0.3133672377385831,1,0,0,validation
RD_004541,CUST_002620,1781891264.0171256,2026-06-19T17:47:44.017126+00:00,0,0,1,7659.9,0.08078494740756602,1,0,0,validation
RD_002118,CUST_004040,1781891616.5271893,2026-06-19T17:53:36.527189+00:00,0,0,1,145.2,0.035766936931125315,1,0,0,validation
RD_AB_00046_00,CUST_PA00046_00,1781893235.5639272,2026-06-19T18:20:35.563927+00:00,0,0,1,15.9,0.47827548027356964,3,0,1,validation
RD_002502,CUST_003212,1781893716.302781,2026-06-19T18:28:36.302781+00:00,0,0,1,573.4,0.09606798347687048,1,0,0,validation
RD_AB_00046_01,CUST_PA00046_01,1781894391.0914676,2026-06-19T18:56:59.332037+00:00,1,1,2,32.5,0.994201609133215,3,1,1,validation
RD_003847,CUST_002678,1781897176.2134082,2026-06-19T19:26:16.213408+00:00,0,0,1,4470.5,0.25650380801583317,1,0,0,validation
RD_AB_00046_02,CUST_PA00046_02,1781899543.6313372,2026-06-19T19:17:23.329438+00:00,2,2,1,42.9,0.5705986842183416,3,1,1,validation
RD_003131,CUST_001852,1781903672.071935,2026-06-19T21:14:32.071935+00:00,0,0,1,8490.3,0.32286366157040103,1,0,0,validation
RD_003887,CUST_001488,1781905992.7961812,2026-06-19T21:53:12.796181+00:00,1,0,3,3060.0,0.2639651622882061,3,0,0,validation
RD_005442,CUST_004336,1781908665.923301,2026-06-19T22:37:45.923301+00:00,0,0,1,4146.3,0.026785668350715174,1,0,0,validation
RD_004681,CUST_003167,1781911494.3314672,2026-06-19T23:24:54.331467+00:00,0,0,1,3767.1,0.49578270278842645,1,0,0,validation
RD_002540,CUST_003540,1781911924.8118038,2026-06-19T23:32:04.811804+00:00,0,0,1,1823.0,0.026128931621352238,1,0,0,validation
RD_002292,CUST_000909,1781914272.936216,2026-06-20T00:11:12.936216+00:00,0,0,1,12296.1,0.19793779203383016,1,0,0,validation
RD_005209,CUST_002287,1781914598.5745673,2026-06-20T00:16:38.574567+00:00,0,0,1,1785.3,0.053635890807154356,1,0,0,validation
RD_003618,CUST_002636,1781914827.9883978,2026-06-20T00:20:27.988398+00:00,0,1,1,2486.9,0.2532334131249357,17,0,0,validation
RD_000307,CUST_003056,1781915998.2131486,2026-06-20T00:39:58.213149+00:00,0,0,1,11324.8,0.0278260460471983,1,0,0,validation
RD_003326,CUST_003982,1781917319.5942822,2026-06-20T01:01:59.594282+00:00,0,0,1,492.5,0.355884092779773,1,0,0,validation
RD_000724,CUST_000559,1781917989.400192,2026-06-20T01:13:09.400192+00:00,0,0,1,25253.8,0.07779833336158987,1,0,0,validation
RD_001117,CUST_003039,1781918413.712976,2026-06-20T01:20:13.712976+00:00,0,0,1,323.7,0.13237446190997795,1,0,0,validation
RD_000681,CUST_000871,1781919334.7768111,2026-06-20T01:35:34.776811+00:00,0,0,1,250.4,0.4674343381814022,1,0,0,validation
RD_002591,CUST_001787,1781920086.0412924,2026-06-20T01:48:06.041292+00:00,0,0,1,7941.7,0.08735623268161323,1,0,0,validation
RD_005329,CUST_000306,1781920375.0736773,2026-06-20T01:52:55.073677+00:00,0,0,1,2948.9,0.30309625066042817,1,0,0,validation
RD_004442,CUST_004440,1781921841.7511137,2026-06-20T02:17:21.751114+00:00,0,0,1,425.1,0.1279285148094843,1,0,0,validation
RD_002112,CUST_004354,1781922750.4421148,2026-06-20T02:32:30.442115+00:00,0,0,1,645.2,0.12974725424274486,1,0,0,validation
RD_001495,CUST_004077,1781923159.1006646,2026-06-20T02:39:19.100665+00:00,0,0,1,1615.8,0.29162946590447786,1,0,0,validation
RD_005379,CUST_002018,1781924256.156394,2026-06-20T02:57:36.156394+00:00,0,0,1,389.2,0.11401555208967704,1,0,0,validation
RD_002558,CUST_000408,1781924764.417088,2026-06-20T03:06:04.417088+00:00,0,0,3,1445.8,0.30318569591256234,3,0,0,validation
RD_002763,CUST_002950,1781925636.5817456,2026-06-20T03:20:36.581746+00:00,0,0,1,2262.8,0.1649763257786713,1,0,0,validation
RD_001277,CUST_001126,1781926659.1482496,2026-06-20T03:37:39.148250+00:00,0,0,1,3978.4,0.23542943484387124,1,0,0,validation
RD_001908,CUST_004473,1781929571.8696513,2026-06-20T04:26:11.869651+00:00,0,0,1,13395.5,0.45181283654103294,1,0,0,validation
RD_001745,CUST_004180,1781929597.7237592,2026-06-20T04:26:37.723759+00:00,0,0,1,1858.6,0.15697603585818726,1,0,0,validation
RD_000215,CUST_003410,1781930390.0244775,2026-06-20T04:39:50.024477+00:00,0,2,1,4039.4,0.14249185235919798,15,0,0,validation
RD_000396,CUST_000306,1781931761.4594152,2026-06-20T05:02:41.459415+00:00,0,0,1,15067.8,0.07000863224673086,1,0,0,validation
RD_001454,CUST_001303,1781932923.6187766,2026-06-20T05:22:03.618777+00:00,0,0,1,1260.1,0.4911091478069439,1,0,0,validation
RD_004423,CUST_004261,1781933401.1089501,2026-06-20T05:30:01.108950+00:00,0,0,1,519.9,0.13319005555383598,1,0,0,validation
RD_005073,CUST_002728,1781935145.2032802,2026-06-20T05:59:05.203280+00:00,0,0,1,492.7,0.42250867260296077,1,0,0,validation
RD_003878,CUST_000083,1781935213.810437,2026-06-20T06:00:13.810437+00:00,0,0,1,207.9,0.047274873415868286,1,0,0,validation
RD_001707,CUST_004024,1781936118.3338265,2026-06-20T06:15:18.333827+00:00,0,0,1,12943.4,0.36929640493165955,1,0,0,validation
RD_000149,CUST_001404,1781938254.3575447,2026-06-20T06:50:54.357545+00:00,0,1,1,1484.8,0.3789179896639166,29,0,0,validation
RD_000177,CUST_000978,1781938330.2564545,2026-06-20T06:52:10.256454+00:00,0,0,1,21516.8,0.20867895770995734,1,0,0,validation
RD_003948,CUST_003893,1781938668.097698,2026-06-20T06:57:48.097698+00:00,0,0,1,1023.4,0.27747216999679875,1,0,0,validation
RD_000940,CUST_003212,1781944641.3903074,2026-06-20T08:37:21.390307+00:00,0,0,1,17178.9,0.12048170506834362,1,0,0,validation
RD_000886,CUST_003513,1781946821.1435556,2026-06-20T09:13:41.143556+00:00,0,0,1,4351.4,0.24271814431526978,1,0,0,validation
RD_005481,CUST_000329,1781946982.5111816,2026-06-20T09:16:22.511182+00:00,0,0,1,1458.3,0.3105930524276813,1,0,0,validation
RD_003903,CUST_003561,1781947665.917895,2026-06-20T09:27:45.917895+00:00,0,0,1,2464.1,0.28369307923124537,1,0,0,validation
RD_000599,CUST_003747,1781948272.920776,2026-06-20T09:37:52.920776+00:00,0,0,1,941.4,0.5998408245238722,1,0,0,validation
RD_002199,CUST_002249,1781949417.3696418,2026-06-20T09:56:57.369642+00:00,0,0,1,88.2,0.22205570197809468,2,0,0,validation
RD_000145,CUST_003016,1781949514.148934,2026-06-20T09:58:34.148934+00:00,0,0,1,1117.4,0.0608906649672978,1,0,0,validation
RD_000587,CUST_000086,1781949686.5960147,2026-06-20T10:01:26.596015+00:00,0,0,1,362.4,0.1326605897138339,1,0,0,validation
RD_005434,CUST_000621,1781950498.905432,2026-06-20T10:14:58.905432+00:00,0,0,1,756.4,0.16144168901733288,1,0,0,validation
RD_001632,CUST_000912,1781950663.9728167,2026-06-20T10:17:43.972817+00:00,0,2,1,399.6,0.13430729430056457,34,0,0,validation
RD_004787,CUST_002392,1781951109.0183382,2026-06-20T10:25:09.018338+00:00,0,0,1,7071.7,0.39326900685772903,1,0,0,validation
RD_000347,CUST_004533,1781951602.0647268,2026-06-20T10:33:22.064727+00:00,0,0,1,2836.6,0.09402396179610059,1,0,0,validation
RD_002688,CUST_002818,1781951927.1898124,2026-06-20T10:38:47.189812+00:00,0,0,1,43.7,0.061125224675139866,1,0,0,validation
RD_004204,CUST_002503,1781952878.7109377,2026-06-20T10:54:38.710938+00:00,0,1,1,6793.9,0.05102880253378196,40,0,0,validation
RD_000434,CUST_000385,1781953928.4808536,2026-06-20T11:12:08.480854+00:00,0,0,1,1174.0,0.1607993890440798,1,0,0,validation
RD_003614,CUST_004270,1781954081.0538595,2026-06-20T11:14:41.053859+00:00,0,0,1,764.2,0.00032401624332564083,1,0,0,validation
RD_000416,CUST_001509,1781954779.8032308,2026-06-20T11:26:19.803231+00:00,0,0,1,3114.7,0.18970690372339505,1,0,0,validation
RD_000435,CUST_003524,1781956423.49038,2026-06-20T11:53:43.490380+00:00,0,0,1,3265.2,0.14510486450535248,1,0,0,validation
RD_003519,CUST_004176,1781956445.0523632,2026-06-20T11:54:05.052363+00:00,0,0,1,1183.7,0.3925206647992563,1,0,0,validation
RD_003686,CUST_001271,1781957292.0927098,2026-06-20T12:08:12.092710+00:00,0,0,1,2097.2,0.5451331720876773,1,0,0,validation
RD_002253,CUST_000975,1781957993.0579615,2026-06-20T12:19:53.057961+00:00,0,0,1,1179.3,0.11450470812596841,1,0,0,validation
RD_001516,CUST_003513,1781958069.2484162,2026-06-20T12:21:09.248416+00:00,0,0,1,319.1,0.5120034268243472,1,0,0,validation
RD_004700,CUST_000418,1781959028.6707222,2026-06-20T12:37:08.670722+00:00,0,0,1,1101.1,0.0856002272965122,1,0,0,validation
RD_002524,CUST_002651,1781960606.277889,2026-06-20T13:03:26.277889+00:00,0,0,1,1084.3,0.07869442497212392,1,0,0,validation
RD_002752,CUST_001522,1781961253.0151427,2026-06-20T13:14:13.015143+00:00,0,0,1,725.2,0.15190792505455958,1,0,0,validation
RD_005286,CUST_004426,1781963440.0639703,2026-06-20T13:50:40.063970+00:00,0,0,1,8043.0,0.09015763073167596,1,0,0,validation
RD_004086,CUST_003898,1781963885.88108,2026-06-20T13:58:05.881080+00:00,0,0,1,2855.9,0.5961619248255886,1,0,0,validation
RD_004802,CUST_002543,1781964320.9052064,2026-06-20T14:05:20.905206+00:00,0,0,1,3431.0,0.3767258569234218,1,0,0,validation
RD_000358,CUST_002933,1781964678.6430035,2026-06-20T14:11:18.643003+00:00,0,1,1,354.7,0.14790555242112038,8,0,0,validation
RD_AB_00086_00,CUST_PA00086_00,1781966517.401075,2026-06-20T14:41:57.401075+00:00,0,0,1,13.8,0.41414305303709825,5,0,1,validation
RD_000713,CUST_001870,1781967888.9091563,2026-06-20T15:04:48.909156+00:00,0,0,1,3065.7,0.0521641779489503,1,0,0,validation
RD_AB_00086_02,CUST_PA00086_02,1781967965.526508,2026-06-20T15:41:04.953741+00:00,0,2,1,35.6,0.9230479492403276,5,0,1,validation
RD_002196,CUST_003428,1781968065.8226912,2026-06-20T15:07:45.822691+00:00,0,0,1,2782.5,0.27348707793554616,1,0,0,validation
RD_001936,CUST_003156,1781969230.5366783,2026-06-20T15:27:10.536678+00:00,0,0,1,4659.0,0.22553991243330299,1,0,0,validation
RD_AB_00086_01,CUST_PA00086_01,1781969394.567481,2026-06-20T15:13:47.654373+00:00,1,1,2,13.5,0.4785383322576812,5,0,1,validation
RD_004129,CUST_003057,1781969452.1803813,2026-06-20T15:30:52.180381+00:00,0,0,1,513.4,0.06646907894990318,1,0,0,validation
RD_004069,CUST_000269,1781970053.2559407,2026-06-20T15:40:53.255941+00:00,0,0,1,7803.8,0.15195391031433267,1,0,0,validation
RD_002681,CUST_001274,1781972341.6681454,2026-06-20T16:19:01.668145+00:00,0,0,1,4333.5,0.057693140841409994,1,0,0,validation
RD_005431,CUST_004193,1781972344.3055472,2026-06-20T16:19:04.305547+00:00,0,0,1,1527.2,0.2255138355979455,1,0,0,validation
RD_000200,CUST_000408,1781972917.59882,2026-06-20T16:28:37.598820+00:00,0,0,3,22304.3,0.32416269593318814,2,0,0,validation
RD_005235,CUST_001841,1781975542.7490866,2026-06-20T17:12:22.749087+00:00,0,0,1,4977.9,0.2795089076470525,1,0,0,validation
RD_005164,CUST_000376,1781975827.7975771,2026-06-20T17:17:07.797577+00:00,0,0,1,994.0,0.38559478901012123,1,0,0,validation
RD_002623,CUST_000083,1781977193.3859622,2026-06-20T17:39:53.385962+00:00,0,0,1,633.2,0.07597621208084895,1,0,0,validation
RD_001393,CUST_003077,1781978652.1393535,2026-06-20T18:04:12.139354+00:00,0,0,1,7027.5,0.18930570719961373,1,0,0,validation
RD_AB_00086_03,CUST_PA00086_03,1781978948.9022841,2026-06-20T18:22:53.529969+00:00,3,3,4,10.0,0.8424223732371663,5,0,1,validation
RD_003868,CUST_000468,1781980037.3267279,2026-06-20T18:27:17.326728+00:00,0,0,1,38145.6,0.17611244349070662,1,0,0,validation
RD_002179,CUST_000012,1781980342.1626663,2026-06-20T18:32:22.162666+00:00,0,0,1,5362.8,0.09407350325503079,1,0,0,validation
RD_AB_00086_04,CUST_PA00086_04,1781981803.0954056,2026-06-20T20:10:04.245328+00:00,4,4,5,26.8,0.8490320815043823,5,0,1,validation
RD_001984,CUST_002651,1781983630.7622838,2026-06-20T19:27:10.762284+00:00,0,0,1,5153.1,0.01475096141837483,1,0,0,validation
RD_004270,CUST_002480,1781984066.4497821,2026-06-20T19:34:26.449782+00:00,0,0,1,731.0,0.2536202382053274,12,0,0,validation
RD_001131,CUST_001239,1781985657.7001524,2026-06-20T20:00:57.700152+00:00,0,0,1,3556.2,0.21226095492389388,1,0,0,validation
RD_005225,CUST_002176,1781987180.1309981,2026-06-20T20:26:20.130998+00:00,0,0,1,32.8,0.1255602247628005,1,0,0,validation
RD_000791,CUST_001298,1781987306.1725698,2026-06-20T20:28:26.172570+00:00,0,0,1,3777.0,0.22026636152461312,1,0,0,validation
RD_001159,CUST_000021,1781988172.2398217,2026-06-20T20:42:52.239822+00:00,0,0,1,480.1,0.3513413051256328,1,0,0,validation
RD_004483,CUST_004080,1781988303.7803218,2026-06-20T20:45:03.780322+00:00,0,0,1,13787.6,0.16789536851463785,1,0,0,validation
RD_003095,CUST_002492,1781990245.1684597,2026-06-20T21:17:25.168460+00:00,0,0,1,1439.0,0.34546645731923725,1,0,0,validation
RD_004846,CUST_000161,1781990689.027333,2026-06-20T21:24:49.027333+00:00,1,0,2,1726.1,0.2533817146368016,4,0,0,validation
RD_002327,CUST_000978,1781990756.768648,2026-06-20T21:25:56.768648+00:00,0,0,1,833.4,0.33384082943457294,1,0,0,validation
RD_000441,CUST_003212,1781992349.081651,2026-06-20T21:52:29.081651+00:00,0,0,1,265.6,0.3411979089782294,1,0,0,validation
RD_001326,CUST_004021,1781992668.5878928,2026-06-20T21:57:48.587893+00:00,0,0,1,1690.2,0.19357578249216253,1,0,0,validation
RD_000331,CUST_003084,1781994608.7064703,2026-06-20T22:30:08.706470+00:00,0,0,1,800.3,0.2536825330458899,1,0,0,validation
RD_004997,CUST_002144,1781996328.464544,2026-06-20T22:58:48.464544+00:00,0,0,1,333.5,0.14605856919757834,1,0,0,validation
RD_001872,CUST_001554,1781996592.0083404,2026-06-20T23:03:12.008340+00:00,1,0,3,199.2,0.08068730580706644,4,0,0,validation
RD_005168,CUST_003470,1781997353.817516,2026-06-20T23:15:53.817516+00:00,0,0,1,170.6,0.10404545529482594,1,0,0,validation
RD_002869,CUST_004134,1781998761.9811308,2026-06-20T23:39:21.981131+00:00,0,0,1,2426.7,0.29116895310143814,32,0,0,validation
RD_000166,CUST_002260,1782000226.0799844,2026-06-21T00:03:46.079984+00:00,0,0,1,8353.6,0.11773246182963329,1,0,0,validation
RD_001230,CUST_002832,1782000537.6412506,2026-06-21T00:08:57.641251+00:00,0,0,1,4036.3,0.36584850328421614,1,0,0,validation
RD_002662,CUST_004418,1782001615.3281686,2026-06-21T00:26:55.328169+00:00,0,0,1,3690.1,0.20862159834055874,1,0,0,validation
RD_000052,CUST_000021,1782003168.3572996,2026-06-21T00:52:48.357300+00:00,0,0,1,1611.2,0.13234146624097118,1,0,0,validation
RD_004659,CUST_002703,1782004752.35012,2026-06-21T01:19:12.350120+00:00,0,0,1,265.6,0.2754473473760598,1,0,0,validation
RD_000731,CUST_002392,1782005201.5493345,2026-06-21T01:26:41.549335+00:00,0,0,1,1053.9,0.14239861524223266,1,0,0,validation
RD_004731,CUST_000113,1782006178.3136952,2026-06-21T01:42:58.313695+00:00,0,0,1,344.3,0.523961780461417,1,0,0,validation
RD_005451,CUST_004536,1782006477.3365054,2026-06-21T01:47:57.336505+00:00,0,0,1,121.3,0.06346337890399527,1,0,0,validation
RD_003442,CUST_000867,1782006924.2336204,2026-06-21T01:55:24.233620+00:00,0,0,1,1378.6,0.13176452592127164,1,0,0,validation
RD_003210,CUST_000564,1782008125.7544923,2026-06-21T02:15:25.754492+00:00,0,0,1,926.0,0.15609682666866895,1,0,0,validation
RD_000511,CUST_004242,1782009873.4778047,2026-06-21T02:44:33.477805+00:00,0,0,1,2229.5,0.1273277330264098,1,0,0,validation
RD_000827,CUST_003093,1782010112.1982694,2026-06-21T02:48:32.198269+00:00,0,0,1,376.0,0.11040697186764804,1,0,0,validation
RD_001638,CUST_001136,1782011278.6032324,2026-06-21T03:07:58.603232+00:00,0,0,1,1991.0,0.618036355524665,1,0,0,validation
RD_000017,CUST_004059,1782011849.2242775,2026-06-21T03:17:29.224277+00:00,0,0,1,469.9,0.1865981500236858,1,0,0,validation
RD_002082,CUST_004514,1782013635.8192334,2026-06-21T03:47:15.819233+00:00,0,0,1,43123.1,0.31008482299498225,1,0,0,validation
RD_001843,CUST_001274,1782013689.5293024,2026-06-21T03:48:09.529302+00:00,0,0,1,1408.8,0.16706774030045068,1,0,0,validation
RD_000236,CUST_003530,1782013864.9482791,2026-06-21T03:51:04.948279+00:00,0,0,1,33267.1,0.0861028181165944,1,0,0,validation
RD_003840,CUST_000339,1782016592.9028223,2026-06-21T04:36:32.902822+00:00,0,0,1,2093.7,0.14959753250970115,1,0,0,validation
RD_002815,CUST_002466,1782016660.9024644,2026-06-21T04:37:40.902464+00:00,0,0,1,3276.9,0.03282234542755603,1,0,0,validation
RD_001887,CUST_000807,1782016794.7552516,2026-06-21T04:39:54.755252+00:00,0,0,1,554.6,0.23454738180128204,1,0,0,validation
RD_000361,CUST_000909,1782019064.7491434,2026-06-21T05:17:44.749143+00:00,0,0,1,5900.0,0.31536572568457083,1,0,0,validation
RD_004576,CUST_003634,1782019229.387529,2026-06-21T05:20:29.387529+00:00,0,0,1,1702.2,0.24718452536768915,1,0,0,validation
RD_004425,CUST_000587,1782020852.3679414,2026-06-21T05:47:32.367941+00:00,0,0,1,9091.4,0.037806918247142225,1,0,0,validation
RD_001463,CUST_000930,1782021484.3925688,2026-06-21T05:58:04.392569+00:00,0,0,1,3287.1,0.29991645275996254,29,0,0,validation
RD_003569,CUST_001539,1782023137.6836638,2026-06-21T06:25:37.683664+00:00,0,0,1,3297.9,0.3734478892225291,1,0,0,validation
RD_003897,CUST_000573,1782024597.4448698,2026-06-21T06:49:57.444870+00:00,0,0,1,17858.7,0.149310170245815,1,0,0,validation
RD_001913,CUST_004331,1782024906.061452,2026-06-21T06:55:06.061452+00:00,0,0,1,4295.9,0.14618251910425803,1,0,0,validation
RD_002171,CUST_004080,1782026020.733073,2026-06-21T07:13:40.733073+00:00,0,0,1,76079.5,0.2642913544471077,1,0,0,validation
RD_002324,CUST_003513,1782026482.798986,2026-06-21T07:21:22.798986+00:00,0,0,1,930.2,0.39745213103098764,1,0,0,validation
RD_002973,CUST_001142,1782027659.8975189,2026-06-21T07:40:59.897519+00:00,0,0,1,33084.2,0.5695814533348788,1,0,0,validation
RD_003028,CUST_000219,1782028017.8383589,2026-06-21T07:46:57.838359+00:00,0,0,1,1491.4,0.10901953148363591,31,0,0,validation
RD_003858,CUST_002701,1782029148.2232168,2026-06-21T08:05:48.223217+00:00,0,0,1,1703.0,0.46077016043656877,1,0,0,validation
RD_005332,CUST_000559,1782029387.327636,2026-06-21T08:09:47.327636+00:00,0,0,1,1025.0,0.46081184216312876,1,0,0,validation
RD_003985,CUST_002682,1782030824.590503,2026-06-21T08:33:44.590503+00:00,0,0,1,3559.9,0.13960538340018472,1,0,0,validation
RD_004764,CUST_000086,1782034987.1851976,2026-06-21T09:43:07.185198+00:00,0,0,1,3679.9,0.32267337929231826,1,0,0,validation
RD_000153,CUST_002907,1782037515.899044,2026-06-21T10:25:15.899044+00:00,1,0,3,379.2,0.18418979322976153,3,0,0,validation
RD_002399,CUST_000740,1782037620.2512088,2026-06-21T10:27:00.251209+00:00,0,0,1,2233.5,0.16935254340064942,1,0,0,validation
RD_004011,CUST_000439,1782038795.7286997,2026-06-21T10:46:35.728700+00:00,1,0,2,1781.1,0.11745500915013087,4,0,0,validation
RD_003944,CUST_004167,1782038875.7789898,2026-06-21T10:47:55.778990+00:00,0,0,1,613.4,0.03191853307592959,1,0,0,validation
RD_000131,CUST_001843,1782039512.112201,2026-06-21T10:58:32.112201+00:00,0,0,1,544.2,0.03434586123736552,1,0,0,validation
RD_004424,CUST_001847,1782041391.0627394,2026-06-21T11:29:51.062739+00:00,0,0,1,30016.1,0.12185145821022417,1,0,0,validation
RD_003973,CUST_000219,1782041867.2904246,2026-06-21T11:37:47.290425+00:00,0,0,1,1785.2,0.022221342187527044,15,0,0,validation
RD_003244,CUST_001520,1782043321.1870615,2026-06-21T12:02:01.187062+00:00,0,0,1,1075.5,0.19345459667501394,1,0,0,validation
RD_004667,CUST_000439,1782043709.120233,2026-06-21T12:08:29.120233+00:00,0,0,3,60.3,0.007467090193802151,2,0,0,validation
RD_004948,CUST_004488,1782044646.6771746,2026-06-21T12:24:06.677175+00:00,0,0,1,355.7,0.2125201081975935,1,0,0,validation
RD_002266,CUST_002824,1782045002.9148226,2026-06-21T12:30:02.914823+00:00,0,0,1,5080.9,0.09714577973049227,1,0,0,validation
RD_004134,CUST_002095,1782045298.7608397,2026-06-21T12:34:58.760840+00:00,0,0,1,14894.4,0.4395263938701129,18,0,0,validation
RD_002813,CUST_000547,1782046095.8165739,2026-06-21T12:48:15.816574+00:00,0,0,1,2419.9,0.24145114072806192,1,0,0,validation
RD_000828,CUST_000278,1782046766.7066207,2026-06-21T12:59:26.706621+00:00,0,0,1,15374.0,0.03736926187239588,37,0,0,validation
RD_004180,CUST_000617,1782047127.8211,2026-06-21T13:05:27.821100+00:00,0,0,1,221.7,0.580340549329379,1,0,0,validation
RD_004982,CUST_000285,1782049744.7511368,2026-06-21T13:49:04.751137+00:00,0,0,1,644.1,0.45097139857233115,1,0,0,validation
RD_000192,CUST_004024,1782051578.1928208,2026-06-21T14:19:38.192821+00:00,0,0,1,318.9,0.38082852162839936,1,0,0,validation
RD_001241,CUST_000067,1782051769.079663,2026-06-21T14:22:49.079663+00:00,0,0,1,3538.0,0.30616922722675766,1,0,0,validation
RD_003692,CUST_002818,1782051858.920097,2026-06-21T14:24:18.920097+00:00,0,0,1,7064.9,0.3365526941516739,1,0,0,validation
RD_004539,CUST_002287,1782052048.8344243,2026-06-21T14:27:28.834424+00:00,0,0,1,763.1,0.30479567914145766,1,0,0,validation
RD_005328,CUST_002568,1782052612.2244241,2026-06-21T14:36:52.224424+00:00,0,0,1,648.2,0.12284849450270652,1,0,0,validation
RD_005170,CUST_003839,1782053383.7949786,2026-06-21T14:49:43.794979+00:00,1,0,2,5128.0,0.24798963056390785,4,0,0,validation
RD_002987,CUST_001676,1782053730.5237536,2026-06-21T14:55:30.523754+00:00,0,0,1,635.0,0.20562244424978865,1,0,0,validation
RD_002569,CUST_000245,1782055024.7875528,2026-06-21T15:17:04.787553+00:00,0,0,1,1414.4,0.18351523059674585,1,0,0,validation
RD_004882,CUST_000272,1782055167.8860688,2026-06-21T15:19:27.886069+00:00,0,0,1,1755.6,0.10483765381829989,1,0,0,validation
RD_002978,CUST_002636,1782057924.9318008,2026-06-21T16:05:24.931801+00:00,0,2,1,547.9,0.3304802871794994,40,0,0,validation
RD_005441,CUST_004059,1782059637.8508244,2026-06-21T16:33:57.850824+00:00,0,0,1,578.9,0.18029440715629688,1,0,0,validation
RD_002052,CUST_003031,1782060397.4742,2026-06-21T16:46:37.474200+00:00,0,0,1,19283.7,0.24159130818627383,1,0,0,validation
RD_001604,CUST_000807,1782062495.773199,2026-06-21T17:21:35.773199+00:00,0,0,1,2494.7,0.4273971738439854,1,0,0,validation
RD_002084,CUST_000263,1782062663.2885015,2026-06-21T17:24:23.288502+00:00,0,0,1,1417.7,0.11202196160269297,1,0,0,validation
RD_003033,CUST_002235,1782067763.9828482,2026-06-21T18:49:23.982848+00:00,0,0,1,4195.7,0.05176064435620013,1,0,0,validation
RD_002708,CUST_003801,1782067807.4333665,2026-06-21T18:50:07.433367+00:00,0,0,1,2511.4,0.20742504648646481,1,0,0,validation
RD_004376,CUST_002037,1782069221.6231935,2026-06-21T19:13:41.623194+00:00,0,0,1,1352.5,0.2511512803422321,1,0,0,validation
RD_003999,CUST_002621,1782069790.4121914,2026-06-21T19:23:10.412191+00:00,0,0,3,2945.9,0.145128932706197,4,0,0,validation
RD_001797,CUST_004305,1782071575.3666344,2026-06-21T19:52:55.366634+00:00,0,0,1,980.1,0.04866209178219131,1,0,0,validation
RD_000523,CUST_004228,1782071641.2880387,2026-06-21T19:54:01.288039+00:00,0,0,1,519.6,0.25147203235750937,1,0,0,validation
RD_005072,CUST_003520,1782071713.890453,2026-06-21T19:55:13.890453+00:00,0,0,1,18560.6,0.2346764170679142,1,0,0,validation
RD_002919,CUST_003336,1782071772.7722497,2026-06-21T19:56:12.772250+00:00,0,0,1,2359.2,0.1586971302710089,1,0,0,validation
RD_004935,CUST_003960,1782072181.84191,2026-06-21T20:03:01.841910+00:00,0,0,1,657.7,0.010945601815308771,1,0,0,validation
RD_005102,CUST_002144,1782073338.9851508,2026-06-21T20:22:18.985151+00:00,0,0,1,847.4,0.14819823405082683,1,0,0,validation
RD_004513,CUST_004488,1782073842.8524537,2026-06-21T20:30:42.852454+00:00,0,0,1,3809.1,0.1043052609838899,1,0,0,validation
RD_000352,CUST_001719,1782075550.1780958,2026-06-21T20:59:10.178096+00:00,0,0,1,1796.8,0.3193120954927669,1,0,0,validation
RD_002223,CUST_004021,1782076020.6416316,2026-06-21T21:07:00.641632+00:00,0,0,1,43603.9,0.15601168049540104,1,0,0,validation
RD_001119,CUST_000000,1782078271.2771032,2026-06-21T21:44:31.277103+00:00,0,0,1,2525.9,0.1972338565011762,1,0,0,validation
RD_004030,CUST_001300,1782078820.1032312,2026-06-21T21:53:40.103231+00:00,0,0,1,198.7,0.12601544734886538,1,0,0,validation
RD_004367,CUST_001747,1782080188.137001,2026-06-21T22:16:28.137001+00:00,0,0,1,6903.3,0.0775492518642647,1,0,0,validation
RD_001702,CUST_003762,1782081274.5506942,2026-06-21T22:34:34.550694+00:00,0,0,1,940.7,0.3656071496569916,1,0,0,validation
RD_001885,CUST_003837,1782081724.7948997,2026-06-21T22:42:04.794900+00:00,0,0,3,9109.3,0.5926209613246077,4,0,0,validation
RD_003906,CUST_004088,1782081901.863891,2026-06-21T22:45:01.863891+00:00,0,0,1,7683.1,0.15049614520596996,1,0,0,validation
RD_000439,CUST_003901,1782082002.9710314,2026-06-21T22:46:42.971031+00:00,0,0,1,246.1,0.2864656708746309,1,0,0,validation
RD_002163,CUST_001893,1782083196.3856273,2026-06-21T23:06:36.385627+00:00,0,0,1,1309.4,0.10568234744487852,1,0,0,validation
RD_003696,CUST_000750,1782084931.6244898,2026-06-21T23:35:31.624490+00:00,0,0,1,28108.6,0.0860168230957329,1,0,0,validation
RD_001358,CUST_003031,1782085616.6430006,2026-06-21T23:46:56.643001+00:00,0,0,1,1363.9,0.19247843614134827,1,0,0,validation
RD_000674,CUST_003455,1782086983.8379445,2026-06-22T00:09:43.837945+00:00,0,0,1,9394.4,0.14357469382418392,1,0,0,validation
RD_000569,CUST_001057,1782087854.7556722,2026-06-22T00:24:14.755672+00:00,0,0,1,447.6,0.45694597587628744,4,0,0,validation
RD_000138,CUST_004037,1782088452.3416367,2026-06-22T00:34:12.341637+00:00,0,0,1,160.9,0.21650605972572115,1,0,0,validation
RD_001948,CUST_000963,1782091389.2008045,2026-06-22T01:23:09.200804+00:00,0,0,1,17268.8,0.15363985082288945,1,0,0,validation
RD_001387,CUST_004024,1782091896.5802443,2026-06-22T01:31:36.580244+00:00,0,0,1,8220.4,0.16823531397323163,1,0,0,validation
RD_000437,CUST_000268,1782092287.4264212,2026-06-22T01:38:07.426421+00:00,0,0,1,1381.1,0.563127975587951,1,0,0,validation
RD_002156,CUST_000675,1782093064.6703851,2026-06-22T01:51:04.670385+00:00,0,0,1,1617.2,0.25497747936202714,1,0,0,validation
RD_000065,CUST_002568,1782093331.7779732,2026-06-22T01:55:31.777973+00:00,0,0,1,1157.5,0.514744065035047,1,0,0,validation
RD_002045,CUST_000430,1782094959.723667,2026-06-22T02:22:39.723667+00:00,0,0,1,1556.8,0.16875292617548424,1,0,0,validation
RD_AB_00044_00,CUST_PA00044_00,1782095493.3856761,2026-06-22T02:31:33.385676+00:00,0,0,1,49.3,0.6634004786766297,5,0,1,validation
RD_003542,CUST_004502,1782096185.4337559,2026-06-22T02:43:05.433756+00:00,0,0,1,970.7,0.4861201711110807,1,0,0,validation
RD_000249,CUST_000285,1782096754.511323,2026-06-22T02:52:34.511323+00:00,0,0,1,839.2,0.2771290542539542,1,0,0,validation
RD_AB_00044_03,CUST_PA00044_03,1782096972.1874702,2026-06-22T05:32:48.594926+00:00,3,3,1,35.2,0.8439877102845299,5,1,1,validation
RD_005265,CUST_002585,1782097211.3795948,2026-06-22T03:00:11.379595+00:00,0,0,1,7243.0,0.2022247135062441,1,0,0,validation
RD_000483,CUST_003778,1782097566.6650922,2026-06-22T03:06:06.665092+00:00,0,0,1,5314.8,0.592971633720317,1,0,0,validation
RD_002953,CUST_003841,1782097950.1010668,2026-06-22T03:12:30.101067+00:00,0,0,1,220.5,0.26852742114392036,1,0,0,validation
RD_002206,CUST_002499,1782098022.4164968,2026-06-22T03:13:42.416497+00:00,0,0,1,14360.7,0.46136349770822266,1,0,0,validation
RD_000745,CUST_000329,1782099063.3559127,2026-06-22T03:31:03.355913+00:00,0,0,1,486.8,0.08827819432734436,1,0,0,validation
RD_AB_00044_01,CUST_PA00044_01,1782099172.7403343,2026-06-22T02:40:29.989070+00:00,1,1,2,25.6,0.9112867603337234,5,1,1,validation
RD_003496,CUST_004228,1782099246.4552922,2026-06-22T03:34:06.455292+00:00,0,0,1,7629.3,0.26792613636484164,1,0,0,validation
RD_AB_00044_04,CUST_PA00044_04,1782100671.054466,2026-06-22T05:34:38.738218+00:00,0,4,5,151.4,0.8262847310389665,5,1,1,validation
RD_AB_00044_02,CUST_PA00044_02,1782101991.143579,2026-06-22T02:46:29.987035+00:00,2,2,3,11.5,0.7286074533109747,5,1,1,validation
RD_000795,CUST_001583,1782102192.6101747,2026-06-22T04:23:12.610175+00:00,0,0,1,22685.6,0.34003755385097145,1,0,0,validation
RD_000432,CUST_003906,1782102673.0281832,2026-06-22T04:31:13.028183+00:00,0,0,1,1191.7,0.08161722648270327,1,0,0,validation
RD_003929,CUST_000559,1782102839.810049,2026-06-22T04:33:59.810049+00:00,0,0,1,1403.5,0.10219004159090816,1,0,0,validation
RD_002699,CUST_003428,1782103667.3441818,2026-06-22T04:47:47.344182+00:00,0,0,1,169.8,0.01626762280226077,1,0,0,validation
RD_003163,CUST_000912,1782103721.1130464,2026-06-22T04:48:41.113046+00:00,0,1,1,6179.4,0.13765999784176988,27,0,0,validation
RD_004051,CUST_002038,1782104262.258452,2026-06-22T04:57:42.258452+00:00,0,0,1,974.3,0.2263098804664542,1,0,0,validation
RD_003137,CUST_003250,1782105191.4662192,2026-06-22T05:13:11.466219+00:00,0,0,1,2977.1,0.16244334701505242,1,0,0,validation
RD_005271,CUST_001676,1782106125.6871624,2026-06-22T05:28:45.687162+00:00,0,0,1,2930.9,0.05202227228163746,1,0,0,validation
RD_000481,CUST_000209,1782106403.7961614,2026-06-22T05:33:23.796161+00:00,0,0,1,2946.9,0.029471121990508675,1,0,0,validation
RD_004968,CUST_001661,1782106644.8829255,2026-06-22T05:37:24.882926+00:00,0,0,1,4291.3,0.13783452882332697,1,0,0,validation
RD_002201,CUST_003747,1782109556.8786077,2026-06-22T06:25:56.878608+00:00,0,0,1,31679.0,0.15400984267668466,1,0,0,validation
RD_005086,CUST_004305,1782111018.414894,2026-06-22T06:50:18.414894+00:00,0,0,1,13199.5,0.15453746085598596,1,0,0,validation
RD_001389,CUST_002585,1782111355.8839278,2026-06-22T06:55:55.883928+00:00,0,0,1,19519.0,0.2791842069286305,1,0,0,validation
RD_003978,CUST_000025,1782111530.0719903,2026-06-22T06:58:50.071990+00:00,0,0,1,2685.7,0.28171618961177747,1,0,0,validation
RD_001958,CUST_000350,1782111947.5939894,2026-06-22T07:05:47.593989+00:00,0,2,1,12624.1,0.08324021719778656,15,0,0,validation
RD_002715,CUST_000306,1782112552.0141115,2026-06-22T07:15:52.014112+00:00,0,0,1,2484.8,0.23384034643662469,1,0,0,validation
RD_001367,CUST_004008,1782114735.1615937,2026-06-22T07:52:15.161594+00:00,0,2,1,210.4,0.2934461325698507,20,0,0,validation
RD_001967,CUST_002813,1782115629.317355,2026-06-22T08:07:09.317355+00:00,0,0,1,1394.2,0.28604235999714567,1,0,0,test
RD_002313,CUST_003049,1782116878.838564,2026-06-22T08:27:58.838564+00:00,0,0,1,429.1,0.1476541060389791,1,0,0,test
RD_001137,CUST_002143,1782117608.8815536,2026-06-22T08:40:08.881554+00:00,0,0,1,3113.6,0.10581429149731184,1,0,0,test
RD_001542,CUST_001238,1782119874.0407758,2026-06-22T09:17:54.040776+00:00,0,0,1,5002.1,0.18536054174059813,1,0,0,test
RD_003126,CUST_002085,1782121889.3053277,2026-06-22T09:51:29.305328+00:00,0,2,1,12684.6,0.37412203829230406,12,0,0,test
RD_002779,CUST_004279,1782125541.0356252,2026-06-22T10:52:21.035625+00:00,0,0,1,1246.1,0.062295163631360534,1,0,0,test
RD_001916,CUST_002318,1782126520.849463,2026-06-22T11:08:40.849463+00:00,0,0,1,5139.6,0.333678716652176,1,0,0,test
RD_003062,CUST_003056,1782127619.1128662,2026-06-22T11:26:59.112866+00:00,0,0,1,1243.1,0.13623429365888484,1,0,0,test
RD_003013,CUST_001843,1782128159.582552,2026-06-22T11:35:59.582552+00:00,0,0,1,82.6,0.167753964547342,1,0,0,test
RD_001726,CUST_003470,1782128370.2238886,2026-06-22T11:39:30.223889+00:00,0,0,1,4084.7,0.5337659484326313,1,0,0,test
RD_000527,CUST_000021,1782129341.5965884,2026-06-22T11:55:41.596588+00:00,0,0,1,1667.9,0.2613399862318312,1,0,0,test
RD_001947,CUST_004134,1782130650.8084629,2026-06-22T12:17:30.808463+00:00,0,1,1,1077.6,0.11871078513189694,18,0,0,test
RD_000606,CUST_003455,1782131210.949173,2026-06-22T12:26:50.949173+00:00,0,0,1,166.6,0.19724288162607556,1,0,0,test
RD_002503,CUST_002818,1782131460.1869466,2026-06-22T12:31:00.186947+00:00,0,0,1,9256.4,0.06714269084394386,1,0,0,test
RD_002539,CUST_004171,1782131475.259263,2026-06-22T12:31:15.259263+00:00,1,0,1,513.2,0.06301946165831335,4,0,0,test
RD_001314,CUST_002958,1782132141.693929,2026-06-22T12:42:21.693929+00:00,0,0,1,504.3,0.07738561250729493,1,0,0,test
RD_003814,CUST_003165,1782132535.3545794,2026-06-22T12:48:55.354579+00:00,0,0,1,4036.8,0.39694704905606365,1,0,0,test
RD_001317,CUST_000021,1782132589.8735101,2026-06-22T12:49:49.873510+00:00,0,0,1,4297.9,0.02355352367596798,1,0,0,test
RD_000524,CUST_002374,1782132889.4842668,2026-06-22T12:54:49.484267+00:00,0,0,1,1404.5,0.6166403433738061,1,0,0,test
RD_003311,CUST_002259,1782132925.2359161,2026-06-22T12:55:25.235916+00:00,0,0,1,28033.5,0.06445304869578557,1,0,0,test
RD_001486,CUST_000935,1782133292.576896,2026-06-22T13:01:32.576896+00:00,0,0,1,496.9,0.1713211462577924,1,0,0,test
RD_003173,CUST_003989,1782134501.8868496,2026-06-22T13:21:41.886850+00:00,0,2,1,392.2,0.29290554990602113,28,0,0,test
RD_003567,CUST_003839,1782135269.4371386,2026-06-22T13:34:29.437139+00:00,0,0,3,3525.8,0.19393976999135568,2,0,0,test
RD_000335,CUST_003742,1782136416.2116864,2026-06-22T13:53:36.211686+00:00,0,0,1,2281.9,0.22518001602931223,1,0,0,test
RD_001675,CUST_001902,1782137014.97345,2026-06-22T14:03:34.973450+00:00,0,0,1,796.9,0.381507821937688,1,0,0,test
RD_001692,CUST_000813,1782139458.7455797,2026-06-22T14:44:18.745580+00:00,0,0,1,7860.4,0.3710483412676149,4,0,0,test
RD_000430,CUST_001920,1782140249.3706408,2026-06-22T14:57:29.370641+00:00,0,0,1,7643.7,0.16737852758076877,1,0,0,test
RD_004569,CUST_000238,1782140487.929665,2026-06-22T15:01:27.929665+00:00,0,0,1,329.5,0.011541684235435973,1,0,0,test
RD_000794,CUST_000549,1782140676.7176867,2026-06-22T15:04:36.717687+00:00,0,0,1,5033.0,0.2245129600927585,1,0,0,test
RD_004810,CUST_003476,1782142605.9271455,2026-06-22T15:36:45.927145+00:00,0,0,1,6465.9,0.35858704940280645,1,0,0,test
RD_001717,CUST_001570,1782142896.3453655,2026-06-22T15:41:36.345366+00:00,1,0,1,24107.1,0.42355472050778126,4,0,0,test
RD_001195,CUST_002738,1782143298.512209,2026-06-22T15:48:18.512209+00:00,0,0,1,9915.8,0.3190844951958888,1,0,0,test
RD_004346,CUST_000439,1782143925.3675268,2026-06-22T15:58:45.367527+00:00,1,0,3,2000.3,0.37344672157550046,3,0,0,test
RD_002627,CUST_000922,1782146389.118833,2026-06-22T16:39:49.118833+00:00,0,0,1,21620.4,0.11142236478273435,1,0,0,test
RD_003261,CUST_002903,1782148485.6359024,2026-06-22T17:14:45.635902+00:00,0,0,1,230.8,0.03012196272330067,1,0,0,test
RD_003953,CUST_003359,1782149029.7751253,2026-06-22T17:23:49.775125+00:00,0,2,1,97.6,0.04772664181267603,33,0,0,test
RD_002003,CUST_000472,1782149813.026433,2026-06-22T17:36:53.026433+00:00,0,0,1,933.3,0.5294274894416926,1,0,0,test
RD_005334,CUST_002568,1782150062.1677742,2026-06-22T17:41:02.167774+00:00,0,0,1,1181.1,0.2664972101358452,1,0,0,test
RD_003828,CUST_001392,1782151833.9470654,2026-06-22T18:10:33.947065+00:00,1,0,3,404.4,0.22696189857156163,3,0,0,test
RD_000241,CUST_003882,1782152324.1232245,2026-06-22T18:18:44.123224+00:00,1,0,3,2488.2,0.0822331200382668,2,0,0,test
RD_001814,CUST_002260,1782153361.6618755,2026-06-22T18:36:01.661875+00:00,0,0,1,2989.8,0.026315279416925633,1,0,0,test
RD_003166,CUST_002266,1782153550.8691146,2026-06-22T18:39:10.869115+00:00,0,0,1,902.0,0.019812316446511234,1,0,0,test
RD_003593,CUST_000548,1782153868.1983519,2026-06-22T18:44:28.198352+00:00,0,0,1,9712.6,0.14617211787079074,1,0,0,test
RD_004380,CUST_001682,1782155515.004001,2026-06-22T19:11:55.004001+00:00,0,1,1,1143.0,0.28069710457591285,26,0,0,test
RD_005258,CUST_002466,1782155756.4117188,2026-06-22T19:15:56.411719+00:00,0,0,1,2869.3,0.29586414508149994,1,0,0,test
RD_004950,CUST_000227,1782156434.1886284,2026-06-22T19:27:14.188628+00:00,0,0,1,1038.4,0.29649752940767327,1,0,0,test
RD_002565,CUST_000559,1782157101.3930302,2026-06-22T19:38:21.393030+00:00,0,0,1,11142.6,0.30980764271842476,1,0,0,test
RD_001738,CUST_004148,1782157133.495227,2026-06-22T19:38:53.495227+00:00,0,0,1,901.4,0.3722297507044288,1,0,0,test
RD_000096,CUST_002946,1782157740.7262607,2026-06-22T19:49:00.726261+00:00,1,0,1,754.7,0.0831239232207538,3,0,0,test
RD_003119,CUST_000103,1782158093.6304173,2026-06-22T19:54:53.630417+00:00,0,0,1,6900.7,0.30310107828834254,1,0,0,test
RD_002474,CUST_004441,1782158887.4037998,2026-06-22T20:08:07.403800+00:00,0,0,1,2034.7,0.2978378396250437,1,0,0,test
RD_001440,CUST_001920,1782159213.8673136,2026-06-22T20:13:33.867314+00:00,0,0,1,1289.5,0.06393669065563541,1,0,0,test
RD_002545,CUST_003901,1782159296.6902134,2026-06-22T20:14:56.690213+00:00,0,0,1,5558.9,0.06389877209897724,1,0,0,test
RD_001799,CUST_004089,1782159586.1745894,2026-06-22T20:19:46.174589+00:00,0,1,1,1202.7,0.13132176110158536,31,0,0,test
RD_003899,CUST_002636,1782160016.3952155,2026-06-22T20:26:56.395216+00:00,0,2,1,9885.2,0.2725089561977398,32,0,0,test
RD_001336,CUST_002132,1782160729.05194,2026-06-22T20:38:49.051940+00:00,0,0,1,92798.2,0.27944296409144714,1,0,0,test
RD_004583,CUST_003801,1782161766.7124026,2026-06-22T20:56:06.712403+00:00,0,0,1,39843.2,0.16370489541216252,1,0,0,test
RD_001126,CUST_001961,1782162377.9657946,2026-06-22T21:06:17.965795+00:00,0,0,1,3136.8,0.11542069052611043,1,0,0,test
RD_003964,CUST_003963,1782162636.6924489,2026-06-22T21:10:36.692449+00:00,0,0,1,605.0,0.16640835186515102,1,0,0,test
RD_000064,CUST_000304,1782162827.1758113,2026-06-22T21:13:47.175811+00:00,0,0,1,1466.9,0.07002005578506151,1,0,0,test
RD_004685,CUST_004334,1782163750.924855,2026-06-22T21:29:10.924855+00:00,0,0,1,12434.4,0.28127407874042887,1,0,0,test
RD_001330,CUST_004103,1782165079.5563767,2026-06-22T21:51:19.556377+00:00,0,0,1,1849.8,0.24642045080382688,1,0,0,test
RD_003901,CUST_002018,1782165427.0558388,2026-06-22T21:57:07.055839+00:00,0,0,1,1439.8,0.2506349683048381,1,0,0,test
RD_002267,CUST_001239,1782166365.9251654,2026-06-22T22:12:45.925165+00:00,0,0,1,1211.1,0.23952863787035542,1,0,0,test
RD_004664,CUST_000535,1782167019.1210284,2026-06-22T22:23:39.121028+00:00,0,0,1,2853.7,0.31392002149306797,1,0,0,test
RD_004722,CUST_004080,1782168425.8971703,2026-06-22T22:47:05.897170+00:00,0,0,1,15754.3,0.1621761234406167,1,0,0,test
RD_000086,CUST_001520,1782170090.0913582,2026-06-22T23:14:50.091358+00:00,0,0,1,2594.6,0.14857660330050765,1,0,0,test
RD_002397,CUST_001376,1782170865.6861122,2026-06-22T23:27:45.686112+00:00,0,0,1,84798.0,0.14882952480864764,1,0,0,test
RD_004308,CUST_002800,1782171158.7000327,2026-06-22T23:32:38.700033+00:00,0,1,1,398.0,0.17136240734573538,37,0,0,test
RD_003150,CUST_003960,1782172272.8189032,2026-06-22T23:51:12.818903+00:00,0,0,1,844.0,0.4369899648757619,1,0,0,test
RD_003240,CUST_001985,1782172427.2907205,2026-06-22T23:53:47.290720+00:00,0,0,1,3994.1,0.10199379859521249,1,0,0,test
RD_001316,CUST_000865,1782172598.3048475,2026-06-22T23:56:38.304847+00:00,0,0,1,9076.2,0.07403489540204868,1,0,0,test
RD_001530,CUST_000466,1782173164.8835034,2026-06-23T00:06:04.883503+00:00,0,1,1,3092.0,0.45138390391609295,8,0,0,test
RD_003252,CUST_003121,1782173214.5384498,2026-06-23T00:06:54.538450+00:00,0,0,1,3430.6,0.2964919381533027,1,0,0,test
RD_001418,CUST_000668,1782175172.2216518,2026-06-23T00:39:32.221652+00:00,0,0,1,1815.8,0.2991419971120841,1,0,0,test
RD_001171,CUST_002266,1782177162.7297678,2026-06-23T01:12:42.729768+00:00,0,0,1,1704.6,0.3617797905070447,1,0,0,test
RD_001978,CUST_004193,1782177348.507252,2026-06-23T01:15:48.507252+00:00,0,0,1,70948.9,0.08331110702526288,1,0,0,test
RD_005194,CUST_002636,1782178840.6668813,2026-06-23T01:40:40.666881+00:00,0,0,1,8355.5,0.1689520921832023,28,0,0,test
RD_003557,CUST_000731,1782179172.7994773,2026-06-23T01:46:12.799477+00:00,0,0,1,801.6,0.2795527441578115,1,0,0,test
RD_001234,CUST_002865,1782179881.1646142,2026-06-23T01:58:01.164614+00:00,0,0,1,4985.2,0.14359778351826435,27,0,0,test
RD_003522,CUST_004242,1782181914.8347728,2026-06-23T02:31:54.834773+00:00,0,0,1,1214.2,0.23152700818609848,1,0,0,test
RD_002745,CUST_000016,1782182829.0015633,2026-06-23T02:47:09.001563+00:00,0,0,1,14875.0,0.30558212561355436,1,0,0,test
RD_004637,CUST_000194,1782182983.3242657,2026-06-23T02:49:43.324266+00:00,0,0,1,679.1,0.3047215240477896,1,0,0,test
RD_002150,CUST_001356,1782183135.760508,2026-06-23T02:52:15.760508+00:00,0,0,3,496.7,0.24454656759658433,3,0,0,test
RD_003791,CUST_001145,1782183993.0676672,2026-06-23T03:06:33.067667+00:00,0,2,1,70.2,0.22033509082500533,27,0,0,test
RD_004573,CUST_002808,1782185456.2243578,2026-06-23T03:30:56.224358+00:00,0,0,1,3255.2,0.09386752895893118,1,0,0,test
RD_000423,CUST_000192,1782186384.2420394,2026-06-23T03:46:24.242039+00:00,0,0,1,1030.6,0.044409728731156686,1,0,0,test
RD_000817,CUST_002273,1782186484.9842956,2026-06-23T03:48:04.984296+00:00,0,1,1,4369.6,0.014700305573564453,37,0,0,test
RD_003501,CUST_002933,1782186972.1530876,2026-06-23T03:56:12.153088+00:00,0,2,1,34.1,0.020676365848786005,26,0,0,test
RD_003971,CUST_000103,1782188238.696102,2026-06-23T04:17:18.696102+00:00,0,0,1,2592.8,0.25163901947654777,1,0,0,test
RD_001549,CUST_004024,1782188729.649713,2026-06-23T04:25:29.649713+00:00,0,0,1,570.9,0.1832360238675335,1,0,0,test
RD_000858,CUST_000532,1782189279.3102868,2026-06-23T04:34:39.310287+00:00,0,0,1,9151.1,0.27393856129007543,30,0,0,test
RD_000605,CUST_002915,1782190310.4293318,2026-06-23T04:51:50.429332+00:00,0,0,1,73.7,0.18310162750240636,1,0,0,test
RD_001379,CUST_000671,1782191802.025828,2026-06-23T05:16:42.025828+00:00,0,0,1,1307.9,0.05421253693014213,13,0,0,test
RD_005254,CUST_001971,1782192546.2335484,2026-06-23T05:29:06.233548+00:00,0,0,1,854.8,0.3287155204991344,1,0,0,test
RD_004852,CUST_003525,1782192763.7935004,2026-06-23T05:32:43.793500+00:00,0,0,1,1253.9,0.4593344316139972,1,0,0,test
RD_003682,CUST_004178,1782193143.4751017,2026-06-23T05:39:03.475102+00:00,0,0,1,4084.0,0.060436346179510915,1,0,0,test
RD_000783,CUST_000592,1782194504.7308264,2026-06-23T06:01:44.730826+00:00,0,0,1,836.1,0.22126099877904437,1,0,0,test
RD_005335,CUST_000305,1782194627.1075003,2026-06-23T06:03:47.107500+00:00,1,0,2,7505.4,0.05642682228479599,2,0,0,test
RD_000099,CUST_003212,1782195224.3697636,2026-06-23T06:13:44.369764+00:00,0,0,1,2760.2,0.24033483056050467,1,0,0,test
RD_005399,CUST_003212,1782196624.1153584,2026-06-23T06:37:04.115358+00:00,0,0,1,260.1,0.36743018135936106,1,0,0,test
RD_004188,CUST_002620,1782196830.87101,2026-06-23T06:40:30.871010+00:00,0,0,1,1750.8,0.17292487568234013,1,0,0,test
RD_003789,CUST_001902,1782197130.8346078,2026-06-23T06:45:30.834608+00:00,0,0,1,3127.6,0.14937246036739746,1,0,0,test
RD_004886,CUST_001676,1782197610.5312188,2026-06-23T06:53:30.531219+00:00,0,0,1,3920.0,0.005243672554470346,1,0,0,test
RD_002743,CUST_000083,1782198630.8253012,2026-06-23T07:10:30.825301+00:00,0,0,1,202.6,0.11890935254371224,1,0,0,test
RD_000560,CUST_003286,1782200232.0750792,2026-06-23T07:37:12.075079+00:00,0,0,1,181.5,0.12026472713556166,1,0,0,test
RD_000198,CUST_003496,1782201897.2091703,2026-06-23T08:04:57.209170+00:00,0,0,1,968.3,0.24107762404696695,1,0,0,test
RD_005020,CUST_003220,1782202357.8285227,2026-06-23T08:12:37.828523+00:00,0,0,1,1218.2,0.2643782078994821,1,0,0,test
RD_003053,CUST_003212,1782202717.9948778,2026-06-23T08:18:37.994878+00:00,0,0,1,3403.1,0.18937125849115033,1,0,0,test
RD_004851,CUST_001298,1782205135.6155057,2026-06-23T08:58:55.615506+00:00,0,0,1,798.4,0.07943995737542535,1,0,0,test
RD_000716,CUST_003632,1782205664.524907,2026-06-23T09:07:44.524907+00:00,0,0,1,185.2,0.07039053616265382,1,0,0,test
RD_005106,CUST_000867,1782206825.2294395,2026-06-23T09:27:05.229439+00:00,0,0,1,11882.1,0.2662284089884593,1,0,0,test
RD_000533,CUST_003744,1782206828.2972028,2026-06-23T09:27:08.297203+00:00,0,0,1,1555.8,0.20236504959754967,1,0,0,test
RD_003775,CUST_004279,1782207487.3046632,2026-06-23T09:38:07.304663+00:00,0,0,1,3765.8,0.33093324987342027,1,0,0,test
RD_005392,CUST_003167,1782207706.7358682,2026-06-23T09:41:46.735868+00:00,0,0,1,1157.8,0.2720430736521389,1,0,0,test
RD_003176,CUST_003530,1782209295.8861358,2026-06-23T10:08:15.886136+00:00,0,0,1,10861.0,0.25059048909601933,1,0,0,test
RD_000427,CUST_002855,1782209911.786101,2026-06-23T10:18:31.786101+00:00,0,0,1,703.0,0.1097521592663358,1,0,0,test
RD_002202,CUST_003561,1782210311.4299903,2026-06-23T10:25:11.429990+00:00,0,0,1,724.8,0.3451877827666251,1,0,0,test
RD_005041,CUST_004493,1782212124.3100133,2026-06-23T10:55:24.310013+00:00,0,0,1,1324.8,0.2908936878934385,1,0,0,test
RD_003296,CUST_001821,1782212844.1082082,2026-06-23T11:07:24.108208+00:00,0,0,1,8370.4,0.15482396448635657,1,0,0,test
RD_000561,CUST_004242,1782213516.9926794,2026-06-23T11:18:36.992679+00:00,0,0,1,1444.4,0.20478977364275147,1,0,0,test
RD_002298,CUST_004490,1782214265.9287214,2026-06-23T11:31:05.928721+00:00,0,0,1,8975.1,0.1455759378993305,1,0,0,test
RD_004820,CUST_003056,1782215409.6241825,2026-06-23T11:50:09.624182+00:00,0,0,1,316.8,0.06475249829791516,1,0,0,test
RD_003075,CUST_000930,1782217472.4495065,2026-06-23T12:24:32.449507+00:00,0,2,1,8604.7,0.1266225222276845,39,0,0,test
RD_004493,CUST_003557,1782217989.03941,2026-06-23T12:33:09.039410+00:00,0,0,1,310.4,0.22803800141911537,1,0,0,test
RD_000706,CUST_001961,1782218376.4873273,2026-06-23T12:39:36.487327+00:00,0,0,1,7056.7,0.2812965854735602,1,0,0,test
RD_005064,CUST_000809,1782219679.9672124,2026-06-23T13:01:19.967212+00:00,0,0,1,42.9,0.3445350747702601,1,0,0,test
RD_001371,CUST_003220,1782220013.326793,2026-06-23T13:06:53.326793+00:00,0,0,1,3925.2,0.12181091844824857,1,0,0,test
RD_001111,CUST_001173,1782220372.25996,2026-06-23T13:12:52.259960+00:00,0,0,1,3405.7,0.6068019752671072,1,0,0,test
RD_001047,CUST_000879,1782220819.6458652,2026-06-23T13:20:19.645865+00:00,0,0,1,2680.1,0.2915909104507579,1,0,0,test
RD_005472,CUST_003258,1782221737.7662473,2026-06-23T13:35:37.766247+00:00,0,0,1,40765.7,0.12545163314509897,1,0,0,test
RD_000750,CUST_003134,1782222500.980877,2026-06-23T13:48:20.980877+00:00,1,0,3,459.7,0.1984830094391367,3,0,0,test
RD_004070,CUST_000513,1782223300.668057,2026-06-23T14:01:40.668057+00:00,1,0,2,7731.9,0.08506171439410505,4,0,0,test
RD_004566,CUST_004080,1782223396.2283554,2026-06-23T14:03:16.228355+00:00,0,0,1,100931.2,0.09018806614051554,1,0,0,test
RD_000088,CUST_000726,1782224700.9170616,2026-06-23T14:25:00.917062+00:00,0,0,1,1713.7,0.27333599226788746,1,0,0,test
RD_001105,CUST_003762,1782225898.4790857,2026-06-23T14:44:58.479086+00:00,0,0,1,9481.2,0.16097290468233907,1,0,0,test
RD_001081,CUST_003189,1782226281.8992832,2026-06-23T14:51:21.899283+00:00,0,0,1,1479.5,0.21469591488518053,3,0,0,test
RD_000615,CUST_003286,1782226763.8370688,2026-06-23T14:59:23.837069+00:00,0,0,1,4388.4,0.13009398507928346,1,0,0,test
RD_003293,CUST_003144,1782227323.5683916,2026-06-23T15:08:43.568392+00:00,0,2,1,64220.9,0.25393177604008643,34,0,0,test
RD_004045,CUST_000227,1782227632.9411888,2026-06-23T15:13:52.941189+00:00,0,0,1,541.1,0.3048893029064439,1,0,0,test
RD_004765,CUST_004477,1782228093.6972888,2026-06-23T15:21:33.697289+00:00,0,0,1,7737.9,0.14001153233993266,20,0,0,test
RD_002733,CUST_003081,1782228233.439732,2026-06-23T15:23:53.439732+00:00,0,0,1,1658.9,0.3453661924478428,1,0,0,test
RD_000965,CUST_003615,1782229623.8586893,2026-06-23T15:47:03.858689+00:00,0,0,1,8893.4,0.46522548319817913,1,0,0,test
RD_001094,CUST_002232,1782230791.406887,2026-06-23T16:06:31.406887+00:00,0,0,1,2546.8,0.16136677707008582,1,0,0,test
RD_003001,CUST_004178,1782231356.0827796,2026-06-23T16:15:56.082780+00:00,0,0,1,456.7,0.13861662600365107,1,0,0,test
RD_000276,CUST_002507,1782233196.8240948,2026-06-23T16:46:36.824095+00:00,0,0,1,4522.9,0.1915625707962622,1,0,0,test
RD_005074,CUST_004242,1782233810.629104,2026-06-23T16:56:50.629104+00:00,0,0,1,3517.2,0.08331333470559253,1,0,0,test
RD_005088,CUST_004021,1782234596.7120655,2026-06-23T17:09:56.712065+00:00,0,0,1,1708.0,0.16193739727245698,1,0,0,test
RD_000864,CUST_000220,1782234958.444501,2026-06-23T17:15:58.444501+00:00,0,0,1,36597.2,0.24539954505860873,1,0,0,test
RD_003389,CUST_003167,1782235105.1546574,2026-06-23T17:18:25.154657+00:00,0,0,1,149.7,0.02532494695635681,1,0,0,test
RD_001496,CUST_001141,1782235472.3139143,2026-06-23T17:24:32.313914+00:00,0,0,1,201.0,0.08633578074747479,1,0,0,test
RD_002435,CUST_000549,1782238115.2299619,2026-06-23T18:08:35.229962+00:00,0,0,1,2432.4,0.2537028205935789,1,0,0,test
RD_002484,CUST_004122,1782238275.2075896,2026-06-23T18:11:15.207590+00:00,0,0,1,455.1,0.09054887575960809,1,0,0,test
RD_005153,CUST_000473,1782238445.9336042,2026-06-23T18:14:05.933604+00:00,0,0,1,3559.4,0.08502947617978011,1,0,0,test
RD_001056,CUST_001808,1782240866.145493,2026-06-23T18:54:26.145493+00:00,0,0,1,161.9,0.3511247330064465,1,0,0,test
RD_000967,CUST_000759,1782243041.6260207,2026-06-23T19:30:41.626021+00:00,0,0,1,1063.7,0.23149386691256285,1,0,0,test
RD_004102,CUST_000192,1782243878.3914046,2026-06-23T19:44:38.391405+00:00,0,0,1,1385.0,0.017811255320556253,1,0,0,test
RD_003183,CUST_001460,1782243964.9630418,2026-06-23T19:46:04.963042+00:00,0,0,1,915.8,0.07098006746896397,1,0,0,test
RD_002512,CUST_003195,1782244569.829144,2026-06-23T19:56:09.829144+00:00,0,0,1,2273.9,0.18565267068896588,1,0,0,test
RD_004037,CUST_000111,1782245043.6151283,2026-06-23T20:04:03.615128+00:00,0,0,1,274.0,0.20688822407389904,1,0,0,test
RD_000826,CUST_000286,1782245278.385614,2026-06-23T20:07:58.385614+00:00,0,0,1,13688.4,0.15317324585027275,1,0,0,test
RD_002114,CUST_000123,1782246690.6848972,2026-06-23T20:31:30.684897+00:00,1,0,1,956.8,0.20313588134203425,4,0,0,test
RD_002013,CUST_001666,1782247694.704849,2026-06-23T20:48:14.704849+00:00,0,0,1,6310.2,0.23092722130436047,1,0,0,test
RD_001312,CUST_000123,1782248053.1514318,2026-06-23T20:54:13.151432+00:00,0,0,3,2951.0,0.5049530347020864,4,0,0,test
RD_003092,CUST_001232,1782248895.5275562,2026-06-23T21:08:15.527556+00:00,0,2,1,7821.7,0.009731482423141851,31,0,0,test
RD_002859,CUST_000439,1782249119.3312683,2026-06-23T21:11:59.331268+00:00,0,0,1,1475.7,0.4694952050049829,4,0,0,test
RD_001136,CUST_004328,1782250207.0877514,2026-06-23T21:30:07.087751+00:00,0,1,1,2218.2,0.12319803531588372,18,0,0,test
RD_001107,CUST_000559,1782250487.7547917,2026-06-23T21:34:47.754792+00:00,0,0,1,552.1,0.07025805215524517,1,0,0,test
RD_003982,CUST_004261,1782250499.819298,2026-06-23T21:34:59.819298+00:00,0,0,1,46523.0,0.08533248224695504,1,0,0,test
RD_002006,CUST_004494,1782251800.3119113,2026-06-23T21:56:40.311911+00:00,0,0,1,2634.8,0.049271484776213986,1,0,0,test
RD_003099,CUST_000238,1782252197.237916,2026-06-23T22:03:17.237916+00:00,0,0,1,1197.4,0.3118838449855701,1,0,0,test
RD_002712,CUST_002269,1782252264.3378875,2026-06-23T22:04:24.337888+00:00,0,0,1,17900.7,0.5007275234328752,1,0,0,test
RD_000660,CUST_003286,1782252667.1820736,2026-06-23T22:11:07.182074+00:00,0,0,1,629.6,0.35843241114288865,1,0,0,test
RD_005277,CUST_003659,1782253525.7282348,2026-06-23T22:25:25.728235+00:00,0,1,1,617.4,0.39630084459925946,35,0,0,test
RD_004279,CUST_004059,1782255060.170116,2026-06-23T22:51:00.170116+00:00,0,0,1,685.5,0.33197911650490736,1,0,0,test
RD_003104,CUST_002456,1782255950.250055,2026-06-23T23:05:50.250055+00:00,0,2,1,1350.4,0.03555638889854848,38,0,0,test
RD_003796,CUST_000963,1782256369.8164437,2026-06-23T23:12:49.816444+00:00,0,0,1,34542.2,0.4990221284579841,1,0,0,test
RD_000428,CUST_000986,1782256666.9031634,2026-06-23T23:17:46.903163+00:00,0,0,1,619.1,0.06995670861476551,1,0,0,test
RD_002967,CUST_002273,1782256997.3929875,2026-06-23T23:23:17.392987+00:00,0,2,1,1864.3,0.19886345094732075,37,0,0,test
RD_001841,CUST_003989,1782257669.6115346,2026-06-23T23:34:29.611535+00:00,0,1,1,7318.1,0.8067943521949157,9,0,0,test
RD_000698,CUST_002269,1782259545.860517,2026-06-24T00:05:45.860517+00:00,0,0,1,1660.3,0.4553058255249783,1,0,0,test
RD_003517,CUST_004176,1782260975.018089,2026-06-24T00:29:35.018089+00:00,0,0,1,11783.3,0.2505609168771982,1,0,0,test
RD_000330,CUST_000161,1782261231.902217,2026-06-24T00:33:51.902217+00:00,1,0,1,384.4,0.016518109527917872,2,0,0,test
RD_003579,CUST_002392,1782262991.3158622,2026-06-24T01:03:11.315862+00:00,0,0,1,1634.1,0.2948852884698547,1,0,0,test
RD_005134,CUST_004059,1782264535.2169676,2026-06-24T01:28:55.216968+00:00,0,0,1,6071.1,0.4962647359277879,1,0,0,test
RD_000479,CUST_004484,1782264720.5962152,2026-06-24T01:32:00.596215+00:00,0,0,1,1446.2,0.10005267972139686,1,0,0,test
RD_004245,CUST_003891,1782266592.0398595,2026-06-24T02:03:12.039860+00:00,0,0,1,2805.6,0.515034328466619,1,0,0,test
RD_001178,CUST_000220,1782269562.4673116,2026-06-24T02:52:42.467312+00:00,0,0,1,2717.1,0.2690821275028464,1,0,0,test
RD_000381,CUST_003226,1782269868.755414,2026-06-24T02:57:48.755414+00:00,0,0,1,918.1,0.15684865050137226,1,0,0,test
RD_004194,CUST_002800,1782271336.0755236,2026-06-24T03:22:16.075524+00:00,0,2,1,603.4,0.05981939785759504,15,0,0,test
RD_000288,CUST_001203,1782271756.569173,2026-06-24T03:29:16.569173+00:00,0,0,1,5034.0,0.06481195403118273,1,0,0,test
RD_005305,CUST_002269,1782272084.9282248,2026-06-24T03:34:44.928225+00:00,0,0,1,6000.6,0.2783644593796164,1,0,0,test
RD_001685,CUST_004059,1782272815.764739,2026-06-24T03:46:55.764739+00:00,0,0,1,942.7,0.16301670776598232,1,0,0,test
RD_005162,CUST_003747,1782272894.5909183,2026-06-24T03:48:14.590918+00:00,0,0,1,216.2,0.29510087590588713,1,0,0,test
RD_001384,CUST_003747,1782273453.115544,2026-06-24T03:57:33.115544+00:00,0,0,1,570.5,0.23680518026306252,1,0,0,test
RD_004929,CUST_001971,1782274179.8192356,2026-06-24T04:09:39.819236+00:00,0,0,1,921.4,0.2205108658844871,1,0,0,test
RD_002338,CUST_003364,1782275211.9987147,2026-06-24T04:26:51.998715+00:00,0,0,1,164.6,0.27693785654967135,1,0,0,test
RD_001208,CUST_003143,1782276280.4453862,2026-06-24T04:44:40.445386+00:00,0,0,1,1190.9,0.3214332338946604,1,0,0,test
RD_004792,CUST_003277,1782278024.1168268,2026-06-24T05:13:44.116827+00:00,0,0,1,1824.6,0.10302773403624325,1,0,0,test
RD_004879,CUST_000397,1782278098.4507518,2026-06-24T05:14:58.450752+00:00,0,0,1,1828.0,0.06857257081284233,1,0,0,test
RD_004176,CUST_004488,1782279026.5443158,2026-06-24T05:30:26.544316+00:00,0,0,1,721.4,0.353278059760798,1,0,0,test
RD_001404,CUST_003381,1782280009.894076,2026-06-24T05:46:49.894076+00:00,0,0,1,4326.4,0.08174059885302062,1,0,0,test
RD_002314,CUST_000306,1782281093.7495673,2026-06-24T06:04:53.749567+00:00,0,0,1,5107.5,0.3607633967654964,1,0,0,test
RD_003754,CUST_000759,1782283162.546001,2026-06-24T06:39:22.546001+00:00,0,0,1,6876.0,0.22861754464903275,1,0,0,test
RD_004322,CUST_002651,1782283529.1510975,2026-06-24T06:45:29.151098+00:00,0,0,1,2062.1,0.22844327158543015,1,0,0,test
RD_001991,CUST_001625,1782283584.8147388,2026-06-24T06:46:24.814739+00:00,0,0,1,2322.6,0.2704865258571673,1,0,0,test
RD_001000,CUST_002259,1782283999.5025585,2026-06-24T06:53:19.502558+00:00,0,0,1,171.1,0.105227964366842,1,0,0,test
RD_001773,CUST_002019,1782284457.9974694,2026-06-24T07:00:57.997469+00:00,0,0,1,1073.3,0.23517269102060578,1,0,0,test
RD_001573,CUST_000671,1782284476.6049392,2026-06-24T07:01:16.604939+00:00,0,2,1,1854.4,0.5255027921593053,23,0,0,test
RD_004824,CUST_001152,1782284864.2089055,2026-06-24T07:07:44.208905+00:00,0,0,1,7454.4,0.2720173571157973,1,0,0,test
RD_002939,CUST_000083,1782285680.3898537,2026-06-24T07:21:20.389854+00:00,0,0,1,1500.7,0.2568989753790258,1,0,0,test
RD_004111,CUST_002728,1782286979.9232397,2026-06-24T07:42:59.923240+00:00,0,0,1,2386.8,0.0634652114164356,1,0,0,test
RD_003263,CUST_003680,1782288075.3483975,2026-06-24T08:01:15.348397+00:00,0,0,1,184.1,0.07201287581694465,1,0,0,test
RD_002138,CUST_003285,1782288489.6484997,2026-06-24T08:08:09.648500+00:00,0,0,1,1111.6,0.033066408232143026,1,0,0,test
RD_004057,CUST_001789,1782288536.9629104,2026-06-24T08:08:56.962910+00:00,0,0,1,20543.1,0.06796708232067203,1,0,0,test
RD_003826,CUST_003118,1782288541.865744,2026-06-24T08:09:01.865744+00:00,0,0,1,1082.2,0.17069388225879245,1,0,0,test
RD_002775,CUST_003212,1782290287.5981612,2026-06-24T08:38:07.598161+00:00,0,0,1,1597.7,0.13021234479078805,1,0,0,test
RD_001792,CUST_001853,1782291883.794042,2026-06-24T09:04:43.794042+00:00,0,0,1,5245.1,0.19013541315138133,1,0,0,test
RD_000929,CUST_002835,1782292974.8961546,2026-06-24T09:22:54.896155+00:00,0,0,1,360.4,0.27152344103877846,1,0,0,test
RD_003245,CUST_001755,1782295292.8029494,2026-06-24T10:01:32.802949+00:00,0,0,1,2717.5,0.0291273405163407,1,0,0,test
RD_000516,CUST_002555,1782295842.257338,2026-06-24T10:10:42.257338+00:00,0,2,1,322.2,0.28215763150803974,16,0,0,test
RD_003833,CUST_004176,1782298450.5061922,2026-06-24T10:54:10.506192+00:00,0,0,1,8417.5,0.09165211852223581,1,0,0,test
RD_005067,CUST_000023,1782299196.9795594,2026-06-24T11:06:36.979559+00:00,0,0,2,1076.7,0.1993855150854529,3,0,0,test
RD_004579,CUST_001051,1782300417.3885167,2026-06-24T11:26:57.388517+00:00,0,0,1,3869.1,0.14029290185735807,1,0,0,test
RD_005021,CUST_003769,1782301121.7925246,2026-06-24T11:38:41.792525+00:00,0,0,1,17363.7,0.09060641470986967,1,0,0,test
RD_003740,CUST_000174,1782301589.3442001,2026-06-24T11:46:29.344200+00:00,0,0,1,88.9,0.11235631916768787,1,0,0,test
RD_005213,CUST_004354,1782301718.290472,2026-06-24T11:48:38.290472+00:00,0,0,1,1092.5,0.2215649791479344,1,0,0,test
RD_002837,CUST_002555,1782302964.4190466,2026-06-24T12:09:24.419047+00:00,0,2,1,205.5,0.4364867158273269,19,0,0,test
RD_001690,CUST_002903,1782306551.615414,2026-06-24T13:09:11.615414+00:00,0,0,1,47191.3,0.39391652134802113,1,0,0,test
RD_002211,CUST_003530,1782308840.7226014,2026-06-24T13:47:20.722601+00:00,0,0,1,1548.2,0.1292125060959089,1,0,0,test
RD_004934,CUST_000341,1782308971.8080888,2026-06-24T13:49:31.808089+00:00,0,0,1,11132.5,0.1553589800782012,1,0,0,test
RD_005004,CUST_002863,1782309775.2924407,2026-06-24T14:02:55.292441+00:00,0,0,1,2182.5,0.07973863946569588,1,0,0,test
RD_004243,CUST_002997,1782310644.5479102,2026-06-24T14:17:24.547910+00:00,0,0,1,1855.3,0.08026771049468313,1,0,0,test
RD_003055,CUST_002019,1782311507.0495188,2026-06-24T14:31:47.049519+00:00,0,0,1,513.9,0.0448002843838315,1,0,0,test
RD_001571,CUST_004319,1782311545.2474902,2026-06-24T14:32:25.247490+00:00,0,0,1,10407.2,0.1136519098401467,1,0,0,test
RD_003792,CUST_000396,1782313795.7150748,2026-06-24T15:09:55.715075+00:00,0,0,1,881.9,0.31652598112073654,1,0,0,test
RD_001960,CUST_002621,1782314300.3058789,2026-06-24T15:18:20.305879+00:00,0,0,3,4333.9,0.17649696302627785,3,0,0,test
RD_000492,CUST_002499,1782314359.8153775,2026-06-24T15:19:19.815377+00:00,0,0,1,1661.9,0.2515642658875948,1,0,0,test
RD_002943,CUST_003296,1782315206.2718194,2026-06-24T15:33:26.271819+00:00,0,1,1,12966.5,0.027662412282639895,28,0,0,test
RD_004596,CUST_003984,1782315517.7556682,2026-06-24T15:38:37.755668+00:00,0,0,1,1489.9,0.07849639867860161,1,0,0,test
RD_001666,CUST_003811,1782316654.256946,2026-06-24T15:57:34.256946+00:00,0,0,1,3523.6,0.7161288085651836,1,0,0,test
RD_002963,CUST_002259,1782317001.9446924,2026-06-24T16:03:21.944692+00:00,0,0,1,5392.7,0.30902079835494756,1,0,0,test
RD_004109,CUST_002585,1782317429.9009733,2026-06-24T16:10:29.900973+00:00,0,0,1,3533.3,0.20888067141204297,1,0,0,test
RD_005236,CUST_003365,1782318594.3248212,2026-06-24T16:29:54.324821+00:00,0,0,1,15890.7,0.06587781712562366,1,0,0,test
RD_002123,CUST_000021,1782319600.7206588,2026-06-24T16:46:40.720659+00:00,0,0,1,442.7,0.23878114879555934,1,0,0,test
RD_004435,CUST_003286,1782320961.5679283,2026-06-24T17:09:21.567928+00:00,0,0,1,3092.8,0.13250106177911922,1,0,0,test
RD_003250,CUST_004200,1782320965.101183,2026-06-24T17:09:25.101183+00:00,0,0,1,9401.3,0.005467641836948277,1,0,0,test
RD_002950,CUST_000559,1782322817.746273,2026-06-24T17:40:17.746273+00:00,0,0,1,3496.2,0.08696380481405358,1,0,0,test
RD_003986,CUST_001141,1782324817.5250826,2026-06-24T18:13:37.525083+00:00,0,0,1,1199.9,0.04871482661860217,1,0,0,test
RD_002004,CUST_004330,1782325312.2844408,2026-06-24T18:21:52.284441+00:00,0,0,1,4712.8,0.24184255602297627,1,0,0,test
RD_002402,CUST_002832,1782326593.160983,2026-06-24T18:43:13.160983+00:00,0,0,1,13068.6,0.06145876953133971,1,0,0,test
RD_002388,CUST_001121,1782327084.7771618,2026-06-24T18:51:24.777162+00:00,0,0,1,1447.7,0.17275263699407847,1,0,0,test
RD_001252,CUST_003322,1782327283.489152,2026-06-24T18:54:43.489152+00:00,1,0,2,15994.0,0.17248928996963497,4,0,0,test
RD_000725,CUST_002762,1782327346.3199124,2026-06-24T18:55:46.319912+00:00,0,0,1,1979.0,0.23229260587221617,1,0,0,test
RD_003133,CUST_003905,1782327469.6574395,2026-06-24T18:57:49.657439+00:00,0,0,1,493.6,0.31406656228194896,1,0,0,test
RD_004113,CUST_000903,1782328508.3458192,2026-06-24T19:15:08.345819+00:00,0,0,1,3428.8,0.2092269746656551,1,0,0,test
RD_000544,CUST_000430,1782332406.6620376,2026-06-24T20:20:06.662038+00:00,0,0,1,1124.5,0.07167987952636003,1,0,0,test
RD_003076,CUST_001271,1782332722.837505,2026-06-24T20:25:22.837505+00:00,0,0,1,26598.3,0.11514177570618928,1,0,0,test
RD_001909,CUST_002259,1782333166.804636,2026-06-24T20:32:46.804636+00:00,0,0,1,2831.6,0.5715605512859092,1,0,0,test
RD_000765,CUST_004178,1782333311.2725465,2026-06-24T20:35:11.272547+00:00,0,0,1,6526.6,0.13440658382746232,1,0,0,test
RD_000136,CUST_000396,1782334226.5450313,2026-06-24T20:50:26.545031+00:00,0,0,1,2972.3,0.15023192726306644,1,0,0,test
RD_003556,CUST_002585,1782335559.2555428,2026-06-24T21:12:39.255543+00:00,0,0,1,33363.0,0.3872964628216504,1,0,0,test
RD_005043,CUST_002005,1782335861.0544186,2026-06-24T21:17:41.054419+00:00,0,0,1,53238.9,0.07417494729211327,1,0,0,test
RD_000819,CUST_003460,1782335924.9210904,2026-06-24T21:18:44.921090+00:00,0,0,1,2414.1,0.21492714057321444,1,0,0,test
RD_002132,CUST_003291,1782336361.7831838,2026-06-24T21:26:01.783184+00:00,0,0,2,1014.8,0.19934696553554135,4,0,0,test
RD_000130,CUST_000005,1782336911.8756194,2026-06-24T21:35:11.875619+00:00,0,0,1,780.4,0.14172227174613367,1,0,0,test
RD_001274,CUST_000207,1782337235.6319695,2026-06-24T21:40:35.631969+00:00,0,0,1,5662.5,0.14090289950968088,1,0,0,test
RD_004793,CUST_001698,1782337537.5516992,2026-06-24T21:45:37.551699+00:00,0,0,1,226.5,0.23564707287460193,1,0,0,test
RD_004021,CUST_002555,1782337668.9255607,2026-06-24T21:47:48.925561+00:00,0,0,1,877.1,0.1251361663794738,34,0,0,test
RD_002281,CUST_000018,1782340287.962542,2026-06-24T22:31:27.962542+00:00,0,0,1,1422.2,0.19200754535865433,1,0,0,test
RD_004208,CUST_000389,1782340316.0930803,2026-06-24T22:31:56.093080+00:00,0,0,3,66822.4,0.2618112732369738,3,0,0,test
RD_005473,CUST_004162,1782343003.894782,2026-06-24T23:16:43.894782+00:00,0,0,1,320.8,0.2906687960950495,1,0,0,test
RD_001470,CUST_002499,1782343812.2247167,2026-06-24T23:30:12.224717+00:00,0,0,1,4688.9,0.23060922557687213,1,0,0,test
RD_005219,CUST_001300,1782344691.3242884,2026-06-24T23:44:51.324288+00:00,0,0,1,806.4,0.019103001930827153,1,0,0,test
RD_004406,CUST_002499,1782345602.4816964,2026-06-25T00:00:02.481696+00:00,0,0,1,2893.2,0.03486576983627906,1,0,0,test
RD_005427,CUST_000781,1782347730.6006837,2026-06-25T00:35:30.600684+00:00,0,0,1,2611.7,0.21335635597284552,1,0,0,test
RD_004474,CUST_003250,1782348108.3516831,2026-06-25T00:41:48.351683+00:00,0,0,1,511.2,0.2692669567413069,1,0,0,test
RD_000369,CUST_000466,1782348907.266501,2026-06-25T00:55:07.266501+00:00,0,2,1,51962.7,0.09290530929636157,11,0,0,test
RD_000975,CUST_000005,1782349576.6694045,2026-06-25T01:06:16.669405+00:00,0,0,1,2005.1,0.1110878361207595,1,0,0,test
RD_000573,CUST_002677,1782349636.7980816,2026-06-25T01:07:16.798082+00:00,0,0,1,4144.6,0.30917245400301274,1,0,0,test
RD_002054,CUST_002935,1782350947.825629,2026-06-25T01:29:07.825629+00:00,0,0,1,8285.3,0.18940118504852146,1,0,0,test
RD_001719,CUST_001190,1782352207.5628772,2026-06-25T01:50:07.562877+00:00,0,0,1,5766.7,0.03442950999748049,1,0,0,test
RD_001352,CUST_002620,1782352473.8025968,2026-06-25T01:54:33.802597+00:00,0,0,1,2780.6,0.06674839980307694,1,0,0,test
RD_002340,CUST_000083,1782354288.0295584,2026-06-25T02:24:48.029558+00:00,0,0,1,1045.0,0.26059998307000853,1,0,0,test
RD_001871,CUST_000376,1782354525.1289635,2026-06-25T02:28:45.128963+00:00,0,0,1,2971.1,0.4196679130367739,1,0,0,test
RD_003411,CUST_002808,1782359906.4791846,2026-06-25T03:58:26.479185+00:00,0,0,1,2918.5,0.5677420841402311,1,0,0,test
RD_005292,CUST_000209,1782360277.5515902,2026-06-25T04:04:37.551590+00:00,0,0,1,5854.1,0.008320366484886607,1,0,0,test
RD_001507,CUST_004186,1782360358.3152869,2026-06-25T04:05:58.315287+00:00,0,0,1,1245.7,0.08725938448641304,1,0,0,test
RD_003526,CUST_000005,1782362812.729214,2026-06-25T04:46:52.729214+00:00,0,0,1,151.1,0.21383822235213318,1,0,0,test
RD_003089,CUST_001866,1782363573.3780806,2026-06-25T04:59:33.378081+00:00,0,0,1,232.6,0.03733872129449896,1,0,0,test
RD_000556,CUST_000389,1782363964.3272872,2026-06-25T05:06:04.327287+00:00,0,0,2,6986.7,0.19567957481826764,4,0,0,test
RD_001758,CUST_003923,1782364356.486363,2026-06-25T05:12:36.486363+00:00,0,0,1,613.2,0.12394084767342883,1,0,0,test
RD_001550,CUST_000671,1782364661.548767,2026-06-25T05:17:41.548767+00:00,0,0,1,1207.0,0.05884312290058769,28,0,0,test
RD_005250,CUST_000086,1782364709.2286747,2026-06-25T05:18:29.228675+00:00,0,0,1,2285.1,0.34102186449873345,1,0,0,test
RD_004621,CUST_002619,1782366148.9709907,2026-06-25T05:42:28.970991+00:00,0,0,1,13076.7,0.10589869692303776,3,0,0,test
RD_003100,CUST_003212,1782366352.2460134,2026-06-25T05:45:52.246013+00:00,0,0,1,46.7,0.20170726912717574,1,0,0,test
RD_003705,CUST_001141,1782366514.870543,2026-06-25T05:48:34.870543+00:00,0,0,1,242.0,0.25013409302014533,1,0,0,test
RD_003510,CUST_001222,1782366924.8049448,2026-06-25T05:55:24.804945+00:00,0,0,1,3840.3,0.07201211292832599,4,0,0,test
RD_001402,CUST_003286,1782367018.3708808,2026-06-25T05:56:58.370881+00:00,0,0,1,19902.7,0.1396213539526347,1,0,0,test
RD_004033,CUST_002934,1782367937.4267087,2026-06-25T06:12:17.426709+00:00,0,0,1,13257.2,0.28473139717884643,1,0,0,test
RD_005339,CUST_000148,1782369007.4582796,2026-06-25T06:30:07.458280+00:00,0,0,1,8532.3,0.19546009909696443,1,0,0,test
RD_005113,CUST_002120,1782369823.6533625,2026-06-25T06:43:43.653363+00:00,0,0,1,636.4,0.03728017681956407,1,0,0,test
RD_002418,CUST_002269,1782370593.9524243,2026-06-25T06:56:33.952424+00:00,0,0,1,3531.3,0.3823516845911523,1,0,0,test
RD_005405,CUST_001928,1782370841.2928283,2026-06-25T07:00:41.292828+00:00,0,0,1,912.3,0.11826190342601733,1,0,0,test
RD_002560,CUST_002479,1782371684.0335207,2026-06-25T07:14:44.033521+00:00,0,2,1,11633.8,0.0988728798783847,11,0,0,test
RD_001976,CUST_004502,1782371955.1774602,2026-06-25T07:19:15.177460+00:00,0,0,1,153.1,0.23358755098993736,1,0,0,test
RD_004946,CUST_003428,1782372343.7018855,2026-06-25T07:25:43.701885+00:00,0,0,1,3888.3,0.03890762300242763,1,0,0,test
RD_002014,CUST_000975,1782372491.5591142,2026-06-25T07:28:11.559114+00:00,0,0,1,14.0,0.18378643626705937,1,0,0,test
RD_004782,CUST_002317,1782372895.3696513,2026-06-25T07:34:55.369651+00:00,0,0,1,1950.0,0.02142992293878855,1,0,0,test
RD_000768,CUST_003330,1782373644.4376526,2026-06-25T07:47:24.437653+00:00,0,0,1,11728.8,0.16367146765806345,1,0,0,test
RD_003860,CUST_001278,1782375093.5378823,2026-06-25T08:11:33.537882+00:00,0,0,1,259.8,0.27631201424949514,1,0,0,test
RD_001679,CUST_003775,1782375610.7185853,2026-06-25T08:20:10.718585+00:00,0,0,1,319.4,0.056084425336769654,1,0,0,test
RD_005294,CUST_001906,1782376979.3245118,2026-06-25T08:42:59.324512+00:00,0,0,1,5803.8,0.08831933962037225,1,0,0,test
RD_004636,CUST_002061,1782377326.3190958,2026-06-25T08:48:46.319096+00:00,0,0,1,3310.8,0.3979883146770575,1,0,0,test
RD_003743,CUST_003012,1782379637.3827019,2026-06-25T09:27:17.382702+00:00,0,0,1,130.3,0.06328012920427772,1,0,0,test
RD_002977,CUST_000193,1782379698.701622,2026-06-25T09:28:18.701622+00:00,0,0,1,4415.8,0.267954766691698,40,0,0,test
RD_000869,CUST_002555,1782379930.2294347,2026-06-25T09:32:10.229435+00:00,0,2,1,5905.0,0.28748592698809095,20,0,0,test
RD_002467,CUST_002585,1782380007.4597373,2026-06-25T09:33:27.459737+00:00,0,0,1,1047.6,0.28803393028674,1,0,0,test
RD_005326,CUST_001051,1782380475.9406652,2026-06-25T09:41:15.940665+00:00,0,0,1,1142.0,0.15936135186684092,1,0,0,test
RD_003021,CUST_000813,1782380661.3839254,2026-06-25T09:44:21.383925+00:00,0,0,3,3558.3,0.5379575374869282,2,0,0,test
RD_002022,CUST_003212,1782381610.5630968,2026-06-25T10:00:10.563097+00:00,0,0,1,43283.8,0.11350751061909198,1,0,0,test
RD_004049,CUST_003031,1782382183.5120568,2026-06-25T10:09:43.512057+00:00,0,0,1,1437.0,0.1324446678685066,1,0,0,test
RD_001353,CUST_002660,1782383682.2895665,2026-06-25T10:34:42.289567+00:00,0,0,1,7452.8,0.04427069180488394,1,0,0,test
RD_002829,CUST_000439,1782384261.4982715,2026-06-25T10:44:21.498271+00:00,1,0,2,1199.9,0.08994887641611476,2,0,0,test
RD_003159,CUST_002865,1782386298.9933462,2026-06-25T11:18:18.993346+00:00,0,2,1,3689.2,0.24169336254087873,39,0,0,test
RD_003284,CUST_000054,1782387228.6900568,2026-06-25T11:33:48.690057+00:00,0,0,1,5906.3,0.25600186640730327,1,0,0,test
RD_000935,CUST_002144,1782387454.7448611,2026-06-25T11:37:34.744861+00:00,0,0,1,2417.5,0.4183743698761908,1,0,0,test
RD_001304,CUST_004134,1782387464.2098658,2026-06-25T11:37:44.209866+00:00,0,1,1,298.6,0.12986989681576988,38,0,0,test
RD_003478,CUST_000753,1782388683.063932,2026-06-25T11:58:03.063932+00:00,0,0,1,4742.2,0.16089863014848438,1,0,0,test
RD_003527,CUST_000535,1782388816.2172873,2026-06-25T12:00:16.217287+00:00,0,0,1,3181.6,0.6920465100710314,1,0,0,test
RD_000243,CUST_000023,1782390785.7915196,2026-06-25T12:33:05.791520+00:00,0,0,2,1042.5,0.1519443197224318,4,0,0,test
RD_005054,CUST_003081,1782392175.8686016,2026-06-25T12:56:15.868602+00:00,0,0,1,113.1,0.08099762364039098,1,0,0,test
RD_004361,CUST_001761,1782394425.170813,2026-06-25T13:33:45.170813+00:00,1,0,3,14732.3,0.03483546482245645,2,0,0,test
RD_000473,CUST_000468,1782395760.1954541,2026-06-25T13:56:00.195454+00:00,0,0,1,586.7,0.31235388754301485,1,0,0,test
RD_000835,CUST_001350,1782396250.0595472,2026-06-25T14:04:10.059547+00:00,0,0,1,1082.2,0.22568546139368986,1,0,0,test
RD_004649,CUST_000018,1782396436.0435348,2026-06-25T14:07:16.043535+00:00,0,0,1,12776.7,0.18594952894363434,1,0,0,test
RD_002921,CUST_002499,1782396484.179811,2026-06-25T14:08:04.179811+00:00,0,0,1,181.9,0.289705960004899,1,0,0,test
RD_001655,CUST_002314,1782396686.1363556,2026-06-25T14:11:26.136356+00:00,0,0,1,48.1,0.6659900697199489,1,0,0,test
RD_003989,CUST_004092,1782396834.6705987,2026-06-25T14:13:54.670599+00:00,0,0,1,4947.0,0.06093132414741267,1,0,0,test
RD_002984,CUST_002682,1782397816.4480665,2026-06-25T14:30:16.448066+00:00,0,0,1,6319.0,0.0330777557592054,1,0,0,test
RD_002220,CUST_003960,1782398920.8185937,2026-06-25T14:48:40.818594+00:00,0,0,1,4822.0,0.2736594157174924,1,0,0,test
RD_002509,CUST_001971,1782399019.0060937,2026-06-25T14:50:19.006094+00:00,0,0,1,3578.3,0.1927094506421004,1,0,0,test
RD_001833,CUST_003260,1782399464.625607,2026-06-25T14:57:44.625607+00:00,1,0,3,3617.7,0.2783421833436199,4,0,0,test
RD_003632,CUST_003558,1782400176.5665178,2026-06-25T15:09:36.566518+00:00,0,0,1,290.1,0.33204472429183723,1,0,0,test
RD_001190,CUST_000535,1782400948.688927,2026-06-25T15:22:28.688927+00:00,0,0,1,983.3,0.1497725489361955,1,0,0,test
RD_001572,CUST_001448,1782402411.793269,2026-06-25T15:46:51.793269+00:00,0,0,1,2578.3,0.49571563326962126,1,0,0,test
RD_001938,CUST_000952,1782402420.3777168,2026-06-25T15:47:00.377717+00:00,0,0,1,30940.2,0.353072672480062,1,0,0,test
RD_002946,CUST_002499,1782403413.2759395,2026-06-25T16:03:33.275939+00:00,0,0,1,10596.8,0.08260949178161482,1,0,0,test
RD_005188,CUST_004186,1782403481.6014977,2026-06-25T16:04:41.601498+00:00,0,0,1,5978.3,0.22763241413535282,1,0,0,test
RD_000337,CUST_004343,1782404671.7067957,2026-06-25T16:24:31.706796+00:00,0,0,1,1888.2,0.15225413189364562,1,0,0,test
RD_001503,CUST_002017,1782405166.0556338,2026-06-25T16:32:46.055634+00:00,0,0,1,454.0,0.377212325564876,1,0,0,test
RD_003281,CUST_000616,1782405858.4521625,2026-06-25T16:44:18.452163+00:00,0,2,1,1838.0,0.06377980979910822,22,0,0,test
RD_001576,CUST_003077,1782406792.8387883,2026-06-25T16:59:52.838788+00:00,0,0,1,6567.1,0.36368323965181537,1,0,0,test
RD_001052,CUST_003091,1782407417.1067717,2026-06-25T17:10:17.106772+00:00,0,0,1,1461.7,0.01613477010555848,1,0,0,test
RD_003181,CUST_002076,1782407802.868183,2026-06-25T17:16:42.868183+00:00,0,0,1,17976.2,0.158949758667044,1,0,0,test
RD_001161,CUST_000952,1782408312.6759593,2026-06-25T17:25:12.675959+00:00,0,0,1,16850.6,0.09606765154489318,1,0,0,test
RD_002926,CUST_001583,1782409598.1081665,2026-06-25T17:46:38.108166+00:00,0,0,1,991.6,0.039122648561411816,1,0,0,test
RD_001341,CUST_003403,1782410410.8104897,2026-06-25T18:00:10.810490+00:00,0,0,1,1462.0,0.5996462546672325,1,0,0,test
RD_004708,CUST_004186,1782412412.8033073,2026-06-25T18:33:32.803307+00:00,0,0,1,5091.6,0.24854497408615275,1,0,0,test
RD_003930,CUST_002266,1782415608.5469172,2026-06-25T19:26:48.546917+00:00,0,0,1,137.4,0.15990913247662444,1,0,0,test
RD_001608,CUST_001522,1782416620.098144,2026-06-25T19:43:40.098144+00:00,0,0,1,9545.1,0.11456937669562346,1,0,0,test
RD_001518,CUST_001928,1782418292.6503336,2026-06-25T20:11:32.650334+00:00,0,0,1,2009.9,0.04439315952866158,1,0,0,test
RD_001251,CUST_002660,1782418394.0816078,2026-06-25T20:13:14.081608+00:00,0,0,1,584.0,0.19031464135502804,1,0,0,test
RD_004794,CUST_004336,1782418415.7353172,2026-06-25T20:13:35.735317+00:00,0,0,1,1988.0,0.3584206157523372,1,0,0,test
RD_002328,CUST_001893,1782420400.252861,2026-06-25T20:46:40.252861+00:00,0,0,1,945.9,0.2459319938983479,1,0,0,test
RD_001793,CUST_002951,1782420654.4954064,2026-06-25T20:50:54.495406+00:00,0,0,1,1965.8,0.12194155427056982,1,0,0,test
RD_002195,CUST_003575,1782421384.967482,2026-06-25T21:03:04.967482+00:00,0,0,1,5984.4,0.6443621627636652,1,0,0,test
RD_001261,CUST_000472,1782421389.3389487,2026-06-25T21:03:09.338949+00:00,0,0,1,1031.3,0.31343549356564515,1,0,0,test
RD_005315,CUST_000263,1782423342.0075219,2026-06-25T21:35:42.007522+00:00,0,0,1,2296.3,0.4717374133214545,1,0,0,test
RD_003046,CUST_004080,1782424435.3368793,2026-06-25T21:53:55.336879+00:00,0,0,1,34503.0,0.12106664122040922,1,0,0,test
RD_005279,CUST_002259,1782426444.166284,2026-06-25T22:27:24.166284+00:00,0,0,1,372.1,0.324232020761667,1,0,0,test
RD_002400,CUST_001000,1782426538.7326002,2026-06-25T22:28:58.732600+00:00,1,0,3,357.8,0.1536950265335405,3,0,0,test
RD_000902,CUST_000023,1782426577.83037,2026-06-25T22:29:37.830370+00:00,1,0,2,214.0,0.19440829150238578,2,0,0,test
RD_005387,CUST_002594,1782429692.7386575,2026-06-25T23:21:32.738657+00:00,1,0,1,7096.4,0.24881716915678295,3,0,0,test
RD_001718,CUST_001649,1782429737.1149886,2026-06-25T23:22:17.114989+00:00,0,0,1,674.9,0.2447716230093168,1,0,0,test
RD_003269,CUST_003428,1782430825.2773943,2026-06-25T23:40:25.277394+00:00,0,0,1,878.5,0.18183477538064022,1,0,0,test
RD_002880,CUST_000675,1782432118.744946,2026-06-26T00:01:58.744946+00:00,0,0,1,1386.9,0.26719619737565403,1,0,0,test
RD_002550,CUST_004080,1782433039.292639,2026-06-26T00:17:19.292639+00:00,0,0,1,649.5,0.24405700319525167,1,0,0,test
RD_003801,CUST_001203,1782434484.2607257,2026-06-26T00:41:24.260726+00:00,0,0,1,7229.9,0.2885341805934572,1,0,0,test
RD_003977,CUST_000103,1782435039.0499935,2026-06-26T00:50:39.049994+00:00,0,0,1,2916.6,0.07312152280627622,1,0,0,test
RD_001804,CUST_002356,1782435380.2498965,2026-06-26T00:56:20.249897+00:00,0,0,1,17259.8,0.08075209512769942,1,0,0,test
RD_004769,CUST_002573,1782435858.4509904,2026-06-26T01:04:18.450990+00:00,0,0,1,883.3,0.19843460754624984,1,0,0,test
RD_001122,CUST_003797,1782436428.8097606,2026-06-26T01:13:48.809761+00:00,0,0,2,3982.5,0.03357344877716943,3,0,0,test
RD_002692,CUST_000738,1782436574.1460052,2026-06-26T01:16:14.146005+00:00,0,0,1,80610.5,0.34045283786484043,1,0,0,test
RD_002618,CUST_003895,1782436868.1764174,2026-06-26T01:21:08.176417+00:00,0,0,1,4962.0,0.3511398693656768,1,0,0,test
RD_003385,CUST_002499,1782438978.3660614,2026-06-26T01:56:18.366061+00:00,0,0,1,8836.1,0.019799530691711902,1,0,0,test
RD_001401,CUST_000103,1782439337.410427,2026-06-26T02:02:17.410427+00:00,0,0,1,102060.6,0.05583249509292862,1,0,0,test
RD_001570,CUST_000273,1782439508.164068,2026-06-26T02:05:08.164068+00:00,0,0,1,4644.4,0.12865497112346982,1,0,0,test
RD_000899,CUST_003449,1782440224.4567428,2026-06-26T02:17:04.456743+00:00,0,0,1,630.8,0.035120119157603824,1,0,0,test
RD_002075,CUST_002791,1782440992.6619694,2026-06-26T02:29:52.661969+00:00,0,0,1,1731.2,0.14012436432584371,1,0,0,test
RD_001487,CUST_000559,1782441215.6629744,2026-06-26T02:33:35.662974+00:00,0,0,1,4464.9,0.14957217552873503,1,0,0,test
RD_005338,CUST_001505,1782444029.1815662,2026-06-26T03:20:29.181566+00:00,0,0,1,643.7,0.15727549180601355,1,0,0,test
RD_001291,CUST_003920,1782444269.0099306,2026-06-26T03:24:29.009931+00:00,0,0,1,1081.7,0.06813622161893242,1,0,0,test
RD_003724,CUST_002703,1782445004.9848464,2026-06-26T03:36:44.984846+00:00,0,0,1,6865.8,0.07750321485347214,1,0,0,test
RD_001672,CUST_003056,1782445895.345827,2026-06-26T03:51:35.345827+00:00,0,0,1,5837.1,0.14030950317773752,1,0,0,test
RD_003500,CUST_001583,1782446368.3182595,2026-06-26T03:59:28.318259+00:00,0,0,1,225.0,0.038295624932062164,1,0,0,test
RD_001859,CUST_002266,1782447426.5883033,2026-06-26T04:17:06.588303+00:00,0,0,1,167.0,0.10521504103579597,1,0,0,test
RD_001628,CUST_002620,1782447935.1712794,2026-06-26T04:25:35.171279+00:00,0,0,1,10199.3,0.07002189352616098,1,0,0,test
RD_004482,CUST_000238,1782449384.0400963,2026-06-26T04:49:44.040096+00:00,0,0,1,2300.3,0.2675782130254848,1,0,0,test
RD_002440,CUST_003480,1782449531.4401782,2026-06-26T04:52:11.440178+00:00,0,0,1,3322.3,0.028442914579674676,1,0,0,test
RD_000829,CUST_003308,1782449578.1972294,2026-06-26T04:52:58.197229+00:00,0,0,1,1306.5,0.30340119747263544,1,0,0,test
RD_004516,CUST_003888,1782451693.7529957,2026-06-26T05:28:13.752996+00:00,0,0,1,111.5,0.1728957238105416,1,0,0,test
RD_001063,CUST_003470,1782451717.5912917,2026-06-26T05:28:37.591292+00:00,0,0,1,41.8,0.4001218718819258,1,0,0,test
RD_000938,CUST_002782,1782452355.3564153,2026-06-26T05:39:15.356415+00:00,0,0,1,1574.1,0.1001287968728292,1,0,0,test
RD_005229,CUST_003067,1782452367.3882005,2026-06-26T05:39:27.388201+00:00,0,0,1,382.8,0.049476316683199746,35,0,0,test
RD_003597,CUST_002260,1782453589.5442522,2026-06-26T05:59:49.544252+00:00,0,0,1,7388.3,0.1360653099431967,1,0,0,test
RD_004949,CUST_000418,1782453606.55478,2026-06-26T06:00:06.554780+00:00,0,0,1,795.6,0.27996262555552437,1,0,0,test
RD_004538,CUST_004431,1782455127.3757808,2026-06-26T06:25:27.375781+00:00,0,0,1,2378.4,0.4123274012387582,1,0,0,test
RD_000520,CUST_003091,1782455490.793381,2026-06-26T06:31:30.793381+00:00,0,0,1,698.1,0.175659993087734,1,0,0,test
RD_002833,CUST_002601,1782457408.8244925,2026-06-26T07:03:28.824492+00:00,0,0,1,36.1,0.0382634069121555,1,0,0,test
RD_001121,CUST_002499,1782458044.5355802,2026-06-26T07:14:04.535580+00:00,0,0,1,3347.0,0.16805069149909,1,0,0,test
RD_001175,CUST_002259,1782459330.842593,2026-06-26T07:35:30.842593+00:00,0,0,1,576.8,0.3608425360514596,1,0,0,test
RD_004991,CUST_003961,1782459895.9419744,2026-06-26T07:44:55.941974+00:00,0,0,1,1217.9,0.07672319648802323,1,0,0,test
RD_002361,CUST_002203,1782459902.5743208,2026-06-26T07:45:02.574321+00:00,0,0,1,5828.3,0.1796907708520624,1,0,0,test
RD_005355,CUST_000738,1782460207.7463686,2026-06-26T07:50:07.746369+00:00,0,0,1,2268.8,0.13584966879780197,1,0,0,test
RD_002437,CUST_001568,1782462738.1854696,2026-06-26T08:32:18.185470+00:00,0,0,1,381.4,0.40607394167641253,1,0,0,test
RD_003709,CUST_002037,1782463156.744074,2026-06-26T08:39:16.744074+00:00,0,0,1,3903.9,0.05976505998232602,1,0,0,test
RD_001560,CUST_001051,1782463475.852426,2026-06-26T08:44:35.852426+00:00,0,0,1,912.6,0.26308558268808824,1,0,0,test
RD_000853,CUST_000910,1782463996.1334758,2026-06-26T08:53:16.133476+00:00,0,0,1,2245.4,0.3408712555497629,1,0,0,test
RD_003963,CUST_004493,1782465376.1471188,2026-06-26T09:16:16.147119+00:00,0,0,1,364.8,0.17137933661050828,1,0,0,test
RD_002378,CUST_001906,1782466447.8052938,2026-06-26T09:34:07.805294+00:00,0,0,1,4013.8,0.15049213161982783,1,0,0,test
RD_000107,CUST_002922,1782466879.4925342,2026-06-26T09:41:19.492534+00:00,0,0,1,7723.7,0.12527909488643743,1,0,0,test
RD_002824,CUST_004164,1782467013.7350702,2026-06-26T09:43:33.735070+00:00,0,0,1,57.4,0.2587749227290603,1,0,0,test
RD_001010,CUST_004441,1782469232.955159,2026-06-26T10:20:32.955159+00:00,0,0,1,2460.3,0.1456664032161151,1,0,0,test
RD_005341,CUST_003017,1782469360.385043,2026-06-26T10:22:40.385043+00:00,0,0,1,441.6,0.20507130702670764,1,0,0,test
RD_001354,CUST_000399,1782469424.0244145,2026-06-26T10:23:44.024415+00:00,0,0,1,6702.7,0.27126086799655746,1,0,0,test
RD_001449,CUST_004178,1782469504.717167,2026-06-26T10:25:04.717167+00:00,0,0,1,5733.0,0.12876785966399182,1,0,0,test
RD_003430,CUST_001739,1782471367.6252658,2026-06-26T10:56:07.625266+00:00,0,0,1,477.3,0.22009679976072621,1,0,0,test
RD_004226,CUST_000930,1782472632.4782462,2026-06-26T11:17:12.478246+00:00,0,0,1,9466.4,0.42646277073675093,20,0,0,test
RD_001736,CUST_004376,1782473467.0514073,2026-06-26T11:31:07.051407+00:00,0,0,1,58837.7,0.0507215755584074,1,0,0,test
RD_001902,CUST_004488,1782474166.3147218,2026-06-26T11:42:46.314722+00:00,0,0,1,6489.7,0.574042523436007,1,0,0,test
RD_001789,CUST_000421,1782474662.4123063,2026-06-26T11:51:02.412306+00:00,0,0,1,1252.0,0.31728500321237757,1,0,0,test
RD_002152,CUST_000468,1782478093.1567023,2026-06-26T12:48:13.156702+00:00,0,0,1,9031.6,0.3741922647803954,1,0,0,test
RD_003941,CUST_002609,1782478093.9464583,2026-06-26T12:48:13.946458+00:00,0,0,1,4455.9,0.2258523105093145,1,0,0,test
RD_004588,CUST_000994,1782478807.3980324,2026-06-26T13:00:07.398032+00:00,0,0,1,1371.1,0.14435633764218977,1,0,0,test
RD_003922,CUST_004080,1782478983.6495922,2026-06-26T13:03:03.649592+00:00,0,0,1,14039.2,0.23152859369266557,1,0,0,test
RD_000436,CUST_003960,1782479280.0102422,2026-06-26T13:08:00.010242+00:00,0,0,1,2114.0,0.367588936048236,1,0,0,test
RD_002094,CUST_003913,1782479456.4737961,2026-06-26T13:10:56.473796+00:00,0,0,1,350.5,0.2972822566322816,1,0,0,test
RD_003294,CUST_002808,1782480256.141387,2026-06-26T13:24:16.141387+00:00,0,0,1,1726.1,0.15230157889302523,1,0,0,test
RD_002741,CUST_004488,1782481085.636255,2026-06-26T13:38:05.636255+00:00,0,0,1,4865.1,0.21709581198463151,1,0,0,test
RD_000567,CUST_002951,1782481198.732477,2026-06-26T13:39:58.732477+00:00,0,0,1,122.7,0.3224156179582356,1,0,0,test
RD_002827,CUST_001174,1782481931.0197155,2026-06-26T13:52:11.019716+00:00,0,0,1,485.7,0.26862377305097374,1,0,0,test
RD_003483,CUST_000731,1782482047.4325297,2026-06-26T13:54:07.432530+00:00,0,0,1,2832.5,0.18544930302731336,1,0,0,test
RD_002282,CUST_002620,1782484126.0058105,2026-06-26T14:28:46.005810+00:00,0,0,1,5502.6,0.3573518666982762,1,0,0,test
RD_001165,CUST_003105,1782484807.2105358,2026-06-26T14:40:07.210536+00:00,0,0,1,208.3,0.034437155561329105,1,0,0,test
RD_002964,CUST_001203,1782485192.1091058,2026-06-26T14:46:32.109106+00:00,0,0,1,79187.4,0.2749810603664855,1,0,0,test
RD_003397,CUST_000564,1782485635.9778023,2026-06-26T14:53:55.977802+00:00,0,0,1,14466.0,0.3519915264764424,1,0,0,test
RD_004217,CUST_001322,1782486729.5610294,2026-06-26T15:12:09.561029+00:00,0,0,1,3585.8,0.07160485937266038,12,0,0,test
RD_001318,CUST_001000,1782487066.371403,2026-06-26T15:17:46.371403+00:00,1,0,1,7812.8,0.10013605251342503,4,0,0,test
RD_000652,CUST_003398,1782487860.3085773,2026-06-26T15:31:00.308577+00:00,0,0,1,1441.4,0.25231268542380975,1,0,0,test
RD_002069,CUST_002543,1782488052.7921126,2026-06-26T15:34:12.792113+00:00,0,0,1,15890.8,0.06159583095679718,1,0,0,test
RD_003863,CUST_002232,1782488936.880336,2026-06-26T15:48:56.880336+00:00,0,0,1,1489.0,0.03711912283124672,1,0,0,test
RD_004498,CUST_001460,1782489165.061553,2026-06-26T15:52:45.061553+00:00,0,0,1,1842.3,0.0949245080405106,1,0,0,test
RD_002886,CUST_002750,1782489722.4248412,2026-06-26T16:02:02.424841+00:00,0,0,1,844.5,0.15173271459231816,1,0,0,test
RD_004646,CUST_003455,1782489965.6808612,2026-06-26T16:06:05.680861+00:00,0,0,1,532.0,0.13903221205499874,1,0,0,test
RD_003120,CUST_000813,1782492519.0943048,2026-06-26T16:48:39.094305+00:00,1,0,3,121.8,0.25043891874799407,4,0,0,test
RD_004610,CUST_001971,1782493139.7964888,2026-06-26T16:58:59.796489+00:00,0,0,1,2343.1,0.10013205793531892,1,0,0,test
RD_003782,CUST_001906,1782493241.9806767,2026-06-26T17:00:41.980677+00:00,0,0,1,14591.1,0.11196354510862003,1,0,0,test
RD_004531,CUST_004488,1782494255.6132221,2026-06-26T17:17:35.613222+00:00,0,0,1,140.2,0.3292538165019279,1,0,0,test
RD_004127,CUST_003929,1782494926.1328142,2026-06-26T17:28:46.132814+00:00,0,0,1,1836.4,0.0625828124023125,1,0,0,test
RD_004536,CUST_002951,1782495087.5113764,2026-06-26T17:31:27.511376+00:00,0,0,1,802.1,0.08787084463965097,1,0,0,test
RD_004133,CUST_003603,1782495117.05744,2026-06-26T17:31:57.057440+00:00,0,0,1,964.5,0.14797084255628776,1,0,0,test
RD_000892,CUST_004404,1782495939.1282651,2026-06-26T17:45:39.128265+00:00,0,0,1,23.6,0.11625512004617858,1,0,0,test
RD_005044,CUST_000018,1782496172.0902064,2026-06-26T17:49:32.090206+00:00,0,0,1,6091.9,0.18046323073548146,1,0,0,test
RD_005208,CUST_002499,1782497026.3708372,2026-06-26T18:03:46.370837+00:00,0,0,1,4880.2,0.29601857010208044,1,0,0,test
RD_004863,CUST_000425,1782497091.321322,2026-06-26T18:04:51.321322+00:00,0,0,1,5017.1,0.07020232640389487,1,0,0,test
RD_002528,CUST_003428,1782498271.898412,2026-06-26T18:24:31.898412+00:00,0,0,1,1226.1,0.29964002583642924,1,0,0,test
RD_000134,CUST_003084,1782498463.574928,2026-06-26T18:27:43.574928+00:00,0,0,1,3009.1,0.05398315695959122,1,0,0,test
RD_003644,CUST_000439,1782498474.9373026,2026-06-26T18:27:54.937303+00:00,1,0,3,5660.6,0.21737474245309288,4,0,0,test
RD_001471,CUST_003901,1782499294.8979099,2026-06-26T18:41:34.897910+00:00,0,0,1,2178.7,0.23191322217029608,1,0,0,test
RD_004506,CUST_002609,1782501237.889338,2026-06-26T19:13:57.889338+00:00,0,0,1,274.8,0.12917440736626956,1,0,0,test
RD_000834,CUST_001515,1782502798.025758,2026-06-26T19:39:58.025758+00:00,1,0,2,1181.8,0.2933501820415282,3,0,0,test
RD_001096,CUST_002682,1782503030.3955579,2026-06-26T19:43:50.395558+00:00,0,0,1,2242.4,0.12516957587052752,1,0,0,test
RD_003654,CUST_002373,1782503101.4530106,2026-06-26T19:45:01.453011+00:00,0,0,1,16482.9,0.16828964615995073,38,0,0,test
RD_002552,CUST_000023,1782504285.3463473,2026-06-26T20:04:45.346347+00:00,1,0,2,2535.0,0.43434374720980506,3,0,0,test
RD_003876,CUST_002141,1782504735.7777002,2026-06-26T20:12:15.777700+00:00,0,0,1,272.7,0.12448008127268864,1,0,0,test
RD_003900,CUST_003575,1782505811.3989956,2026-06-26T20:30:11.398996+00:00,0,0,1,2861.1,0.27553666876849475,1,0,0,test
RD_000592,CUST_001392,1782506735.842321,2026-06-26T20:45:35.842321+00:00,0,0,2,1328.9,0.2493856104347033,2,0,0,test
RD_002225,CUST_000396,1782507351.616198,2026-06-26T20:55:51.616198+00:00,0,0,1,1538.0,0.34360213487707936,1,0,0,test
RD_003771,CUST_000744,1782507604.8556805,2026-06-26T21:00:04.855680+00:00,0,0,1,25429.1,0.09438508602234215,1,0,0,test
RD_005167,CUST_000790,1782508329.7725198,2026-06-26T21:12:09.772520+00:00,0,0,1,364.1,0.39113498240468203,1,0,0,test
RD_004709,CUST_001459,1782509164.420431,2026-06-26T21:26:04.420431+00:00,0,0,1,721.1,0.35585910063639303,1,0,0,test
RD_001878,CUST_004434,1782509265.7080727,2026-06-26T21:27:45.708073+00:00,0,0,1,17091.0,0.2521805979933572,1,0,0,test
RD_000039,CUST_002800,1782509856.7089622,2026-06-26T21:37:36.708962+00:00,0,1,1,1257.6,0.018485966165782613,14,0,0,test
RD_000848,CUST_001000,1782510136.3721106,2026-06-26T21:42:16.372111+00:00,0,0,3,17984.7,0.1263387888422395,4,0,0,test
RD_000723,CUST_002813,1782510454.151601,2026-06-26T21:47:34.151601+00:00,0,0,1,5497.7,0.10602469947490789,1,0,0,test
RD_003289,CUST_002951,1782510556.790669,2026-06-26T21:49:16.790669+00:00,0,0,1,9025.0,0.19554596342834488,1,0,0,test
RD_004766,CUST_002808,1782511572.8732936,2026-06-26T22:06:12.873294+00:00,0,0,1,2208.0,0.05403731719034114,1,0,0,test
RD_002517,CUST_002568,1782511878.7307851,2026-06-26T22:11:18.730785+00:00,0,0,1,6234.5,0.3609965178653568,1,0,0,test
RD_002903,CUST_003513,1782512180.0205216,2026-06-26T22:16:20.020522+00:00,0,0,1,21133.7,0.1671469525371754,1,0,0,test
RD_004973,CUST_000698,1782512850.5373766,2026-06-26T22:27:30.537377+00:00,0,0,1,10820.8,0.2808233427921274,1,0,0,test
RD_005415,CUST_004088,1782516831.2862415,2026-06-26T23:33:51.286242+00:00,0,0,1,380.2,0.4506871311549679,1,0,0,test
RD_001116,CUST_001755,1782517211.9876454,2026-06-26T23:40:11.987645+00:00,0,0,1,95.9,0.06511562260905492,1,0,0,test
RD_005185,CUST_004032,1782517312.634426,2026-06-26T23:41:52.634426+00:00,1,0,1,16027.1,0.25123345369729355,3,0,0,test
RD_000090,CUST_002941,1782517483.2636716,2026-06-26T23:44:43.263672+00:00,0,0,1,8131.6,0.046811944816096324,34,0,0,test
RD_000108,CUST_002018,1782518824.6102026,2026-06-27T00:07:04.610203+00:00,0,0,1,967.4,0.5391713657064329,1,0,0,test
RD_004373,CUST_002636,1782520848.5216339,2026-06-27T00:40:48.521634+00:00,0,0,1,792.5,0.06669932563441218,24,0,0,test
RD_004799,CUST_000759,1782521314.3340137,2026-06-27T00:48:34.334014+00:00,0,0,1,8981.6,0.5085487089482621,1,0,0,test
RD_002695,CUST_001583,1782522043.7249944,2026-06-27T01:00:43.724994+00:00,0,0,1,11.7,0.5126692343770619,1,0,0,test
RD_003810,CUST_002782,1782522068.983141,2026-06-27T01:01:08.983141+00:00,0,0,1,534.8,0.035228061843645894,1,0,0,test
RD_003200,CUST_002017,1782522697.011609,2026-06-27T01:11:37.011609+00:00,0,0,1,7205.0,0.08978593365455609,1,0,0,test
RD_000112,CUST_000698,1782523090.0272703,2026-06-27T01:18:10.027270+00:00,0,0,1,17128.7,0.2087152769616686,1,0,0,test
RD_000336,CUST_000978,1782523304.8868997,2026-06-27T01:21:44.886900+00:00,0,0,1,43659.2,0.3340234277779733,1,0,0,test
RD_004559,CUST_000192,1782523382.640804,2026-06-27T01:23:02.640804+00:00,0,0,1,9135.7,0.11202677715496173,1,0,0,test
RD_002538,CUST_000910,1782523746.7696042,2026-06-27T01:29:06.769604+00:00,0,0,1,2339.9,0.3466273566994133,1,0,0,test
RD_003762,CUST_004088,1782525138.702976,2026-06-27T01:52:18.702976+00:00,0,0,1,3590.7,0.12277878511825238,1,0,0,test
RD_004572,CUST_003811,1782526053.016764,2026-06-27T02:07:33.016764+00:00,0,0,1,1033.8,0.06683112143606987,1,0,0,test
RD_000734,CUST_002682,1782526511.881302,2026-06-27T02:15:11.881302+00:00,0,0,1,2686.5,0.298270569113951,1,0,0,test
RD_003437,CUST_003747,1782526933.269593,2026-06-27T02:22:13.269593+00:00,0,0,1,434.2,0.0825914390001047,1,0,0,test
RD_001782,CUST_000910,1782527307.8798304,2026-06-27T02:28:27.879830+00:00,0,0,1,12214.1,0.3494119731644944,1,0,0,test
RD_001876,CUST_002414,1782527309.2862248,2026-06-27T02:28:29.286225+00:00,0,0,2,820.2,0.3510144589796716,3,0,0,test
RD_003040,CUST_004434,1782527417.2272763,2026-06-27T02:30:17.227276+00:00,0,0,1,3372.2,0.10766999086520854,1,0,0,test
RD_000759,CUST_000661,1782530418.9368696,2026-06-27T03:20:18.936870+00:00,0,0,1,10505.5,0.35097265740380673,1,0,0,test
RD_000994,CUST_004442,1782530579.3287137,2026-06-27T03:22:59.328714+00:00,0,0,1,442.3,0.23874062455404313,1,0,0,test
RD_005076,CUST_001822,1782530734.0584145,2026-06-27T03:25:34.058414+00:00,0,0,1,878.0,0.10924941324190751,1,0,0,test
RD_004235,CUST_001270,1782532522.1765957,2026-06-27T03:55:22.176596+00:00,0,0,1,2142.0,0.11830365343468897,38,0,0,test
RD_000964,CUST_002269,1782534267.314395,2026-06-27T04:24:27.314395+00:00,0,0,1,9228.9,0.09633907290324839,1,0,0,test
RD_000218,CUST_004171,1782534520.225122,2026-06-27T04:28:40.225122+00:00,1,0,1,106.5,0.20868180338967918,4,0,0,test
RD_003377,CUST_002110,1782535468.0529065,2026-06-27T04:44:28.052907+00:00,0,0,1,1895.1,0.35083768996649173,1,0,0,test
RD_001069,CUST_000005,1782535549.986671,2026-06-27T04:45:49.986671+00:00,0,0,1,1170.5,0.07853201928014213,1,0,0,test
RD_004527,CUST_001843,1782536609.288572,2026-06-27T05:03:29.288572+00:00,0,0,1,1443.5,0.051500545487020724,1,0,0,test
RD_000788,CUST_004032,1782537404.6130264,2026-06-27T05:16:44.613026+00:00,0,0,2,2189.0,0.061074575991304524,2,0,0,test
RD_003304,CUST_000062,1782537452.33451,2026-06-27T05:17:32.334510+00:00,0,2,1,1659.6,0.1579485083068524,25,0,0,test
RD_000351,CUST_004331,1782537478.9472883,2026-06-27T05:17:58.947288+00:00,0,0,1,1413.9,0.2516872520723181,1,0,0,test
RD_005085,CUST_000021,1782538679.8236308,2026-06-27T05:37:59.823631+00:00,0,0,1,751.1,0.3412173257947609,1,0,0,test
RD_005301,CUST_000480,1782539326.1480486,2026-06-27T05:48:46.148049+00:00,0,0,1,2272.1,0.3913117363275203,1,0,0,test
RD_000319,CUST_003613,1782539791.957801,2026-06-27T05:56:31.957801+00:00,0,0,1,1566.7,0.2927178539713321,1,0,0,test
RD_001633,CUST_000587,1782540024.7794902,2026-06-27T06:00:24.779490+00:00,0,0,1,1113.7,0.09911017361500003,1,0,0,test
RD_002311,CUST_002016,1782541960.8452818,2026-06-27T06:32:40.845282+00:00,0,0,1,558.9,0.2831018007905691,1,0,0,test
RD_002306,CUST_002176,1782543237.1237295,2026-06-27T06:53:57.123729+00:00,0,0,1,339.7,0.1900955347698249,1,0,0,test
RD_002998,CUST_003143,1782543509.6087902,2026-06-27T06:58:29.608790+00:00,0,0,1,3470.9,0.21393795787234898,1,0,0,test
RD_005093,CUST_002392,1782544023.091969,2026-06-27T07:07:03.091969+00:00,0,0,1,23042.9,0.46173286860823004,1,0,0,test
RD_003237,CUST_002445,1782544448.136504,2026-06-27T07:14:08.136504+00:00,0,0,1,1941.5,0.2862441361944882,4,0,0,test
RD_005413,CUST_004279,1782545907.3977082,2026-06-27T07:38:27.397708+00:00,0,0,1,3676.2,0.051222674576749665,1,0,0,test
RD_005306,CUST_002110,1782546021.735987,2026-06-27T07:40:21.735987+00:00,0,0,1,2336.9,0.06486945011121314,1,0,0,test
RD_002169,CUST_004080,1782546217.2091265,2026-06-27T07:43:37.209126+00:00,0,0,1,1947.4,0.11787336170754954,1,0,0,test
RD_002030,CUST_004251,1782546218.0536666,2026-06-27T07:43:38.053667+00:00,0,0,1,6051.8,0.08673419989108273,1,0,0,test
RD_002638,CUST_002002,1782547029.1709898,2026-06-27T07:57:09.170990+00:00,0,0,1,110.4,0.16714485421914604,1,0,0,test
RD_000113,CUST_000548,1782547627.0374794,2026-06-27T08:07:07.037479+00:00,0,0,1,4985.2,0.15449347783359754,1,0,0,test
RD_002730,CUST_002634,1782548707.817836,2026-06-27T08:25:07.817836+00:00,0,0,1,792.3,0.23487025969603872,1,0,0,test
RD_000328,CUST_004024,1782549212.4774046,2026-06-27T08:33:32.477405+00:00,0,0,1,8585.8,0.20104995421422275,1,0,0,test
RD_005457,CUST_003081,1782551050.362684,2026-06-27T09:04:10.362684+00:00,0,0,1,464.6,0.05022116027042675,1,0,0,test
RD_003018,CUST_001300,1782551213.7467806,2026-06-27T09:06:53.746781+00:00,0,0,1,11288.9,0.5777824197535641,1,0,0,test
RD_001409,CUST_001000,1782553243.1733904,2026-06-27T09:40:43.173390+00:00,1,0,2,1191.5,0.3449022789540371,4,0,0,test
RD_002436,CUST_002808,1782553587.729552,2026-06-27T09:46:27.729552+00:00,0,0,1,1354.6,0.11146410819812277,1,0,0,test
RD_005205,CUST_002110,1782554475.7078152,2026-06-27T10:01:15.707815+00:00,0,0,1,159.3,0.5143579899313709,1,0,0,test
RD_003024,CUST_004032,1782556042.6452858,2026-06-27T10:27:22.645286+00:00,1,0,3,12589.5,0.12087506863581814,4,0,0,test
RD_004053,CUST_001000,1782558149.7711127,2026-06-27T11:02:29.771113+00:00,0,0,1,502.2,0.39329604434567644,2,0,0,test
RD_004760,CUST_003913,1782558234.079804,2026-06-27T11:03:54.079804+00:00,0,0,1,18865.5,0.1839237839950717,1,0,0,test
RD_005361,CUST_004186,1782558686.3097374,2026-06-27T11:11:26.309737+00:00,0,0,1,259.7,0.5623433794554682,1,0,0,test
RD_004641,CUST_004367,1782559114.4362092,2026-06-27T11:18:34.436209+00:00,0,0,1,2272.3,0.04859600210761472,1,0,0,test
RD_004611,CUST_003330,1782561458.3165495,2026-06-27T11:57:38.316550+00:00,0,0,1,4987.6,0.025087420130883935,1,0,0,test
RD_004451,CUST_001137,1782562121.4709501,2026-06-27T12:08:41.470950+00:00,0,0,1,1848.1,0.1802325992678396,31,0,0,test
RD_000212,CUST_002318,1782562253.3464708,2026-06-27T12:10:53.346471+00:00,0,0,1,937.6,0.2960296948282391,1,0,0,test
RD_005039,CUST_004024,1782563181.3251414,2026-06-27T12:26:21.325141+00:00,0,0,1,1125.8,0.4048786804872624,1,0,0,test
RD_001313,CUST_000475,1782563268.1056035,2026-06-27T12:27:48.105603+00:00,0,0,1,7823.0,0.3439698057656121,1,0,0,test
RD_001652,CUST_002620,1782563269.8977773,2026-06-27T12:27:49.897777+00:00,0,0,1,1228.1,0.43917345730283597,1,0,0,test
RD_004205,CUST_000279,1782563711.270436,2026-06-27T12:35:11.270436+00:00,0,0,1,2618.2,0.3128578190638215,1,0,0,test
RD_000232,CUST_003277,1782564329.4033394,2026-06-27T12:45:29.403339+00:00,0,0,1,106.6,0.14553663555299082,1,0,0,test
RD_001730,CUST_000034,1782565833.1367965,2026-06-27T13:10:33.136796+00:00,0,0,1,370.7,0.5865901349520899,1,0,0,test
RD_005204,CUST_003031,1782565940.6195276,2026-06-27T13:12:20.619528+00:00,0,0,1,3063.9,0.21329341523541331,1,0,0,test
RD_002601,CUST_001847,1782566667.4962673,2026-06-27T13:24:27.496267+00:00,0,0,1,946.4,0.22188243954706185,1,0,0,test
RD_002455,CUST_001066,1782567049.9204628,2026-06-27T13:30:49.920463+00:00,0,0,1,131.8,0.1603708660885912,1,0,0,test
RD_004933,CUST_000083,1782567740.5888224,2026-06-27T13:42:20.588822+00:00,0,0,1,305.0,0.16864752800259203,1,0,0,test
RD_004263,CUST_000018,1782568900.214122,2026-06-27T14:01:40.214122+00:00,0,0,1,942.9,0.1185670440950571,1,0,0,test
RD_005220,CUST_003031,1782569135.2658818,2026-06-27T14:05:35.265882+00:00,0,0,1,348.0,0.12834786715426777,1,0,0,test
RD_004019,CUST_001460,1782569160.5217433,2026-06-27T14:06:00.521743+00:00,0,0,1,1855.2,0.062041426390891774,1,0,0,test
RD_002461,CUST_002620,1782569619.516075,2026-06-27T14:13:39.516075+00:00,0,0,1,16537.9,0.3409433118887804,1,0,0,test
RD_002170,CUST_004224,1782571143.642286,2026-06-27T14:39:03.642286+00:00,0,0,1,144.4,0.1505831854108121,1,0,0,test
RD_001435,CUST_002002,1782571170.5581632,2026-06-27T14:39:30.558163+00:00,0,0,1,92.4,0.08373507080920861,1,0,0,test
RD_001591,CUST_004418,1782572146.218062,2026-06-27T14:55:46.218062+00:00,0,0,1,951.2,0.06954667430708408,1,0,0,test
RD_001430,CUST_002941,1782574888.3699276,2026-06-27T15:41:28.369928+00:00,0,1,1,2575.4,0.10417183447975045,40,0,0,test
RD_004218,CUST_002110,1782575439.2099576,2026-06-27T15:50:39.209958+00:00,0,0,1,1787.4,0.3697815763947901,1,0,0,test
RD_003893,CUST_000621,1782576084.0661497,2026-06-27T16:01:24.066150+00:00,0,0,1,766.0,0.11387918143554786,1,0,0,test
RD_004642,CUST_003136,1782576420.1556926,2026-06-27T16:07:00.155693+00:00,0,0,1,985.0,0.14961599158201475,1,0,0,test
RD_000943,CUST_001051,1782576670.5253332,2026-06-27T16:11:10.525333+00:00,0,0,1,3600.7,0.12168416984603922,1,0,0,test
RD_000154,CUST_004169,1782576736.7064507,2026-06-27T16:12:16.706451+00:00,0,0,1,9183.5,0.1613535777542355,1,0,0,test
RD_004876,CUST_000005,1782577390.0964885,2026-06-27T16:23:10.096488+00:00,0,0,1,16207.7,0.07214257120412763,1,0,0,test
RD_004005,CUST_003913,1782577711.5048394,2026-06-27T16:28:31.504839+00:00,0,0,1,13788.9,0.3799824457766615,1,0,0,test
RD_001118,CUST_000609,1782577732.8903346,2026-06-27T16:28:52.890335+00:00,0,0,3,6529.0,0.1618826264567491,4,0,0,test
RD_004514,CUST_001260,1782578340.4716475,2026-06-27T16:39:00.471648+00:00,0,0,1,806.7,0.33115643816583645,1,0,0,test
RD_000446,CUST_003156,1782579937.7201395,2026-06-27T17:05:37.720140+00:00,0,0,1,1569.7,0.033994464057909166,1,0,0,test
RD_005313,CUST_003787,1782581226.253965,2026-06-27T17:27:06.253965+00:00,0,0,1,542.9,0.21116946242068974,1,0,0,test
RD_003279,CUST_000569,1782581387.7608495,2026-06-27T17:29:47.760849+00:00,0,0,1,4838.6,0.19491149767231364,1,0,0,test
RD_003638,CUST_000573,1782583471.261887,2026-06-27T18:04:31.261887+00:00,0,0,1,185769.7,0.365082648363894,1,0,0,test
RD_003029,CUST_002728,1782583951.3710895,2026-06-27T18:12:31.371089+00:00,0,0,1,2894.0,0.2175547913648965,1,0,0,test
RD_003017,CUST_000910,1782584054.2996047,2026-06-27T18:14:14.299605+00:00,0,0,1,7644.2,0.05654742947899264,1,0,0,test
RD_004050,CUST_001457,1782584222.5984278,2026-06-27T18:17:02.598428+00:00,0,0,1,987.6,0.19803216233080334,2,0,0,test
RD_003794,CUST_003169,1782585647.728764,2026-06-27T18:40:47.728764+00:00,0,0,1,4786.0,0.255799735278417,1,0,0,test
RD_002979,CUST_001457,1782585880.9421918,2026-06-27T18:44:40.942192+00:00,0,0,2,147.0,0.2622830408735007,2,0,0,test
RD_004980,CUST_001238,1782587037.3140543,2026-06-27T19:03:57.314054+00:00,0,0,1,4840.3,0.20490156021981515,1,0,0,test
RD_005411,CUST_000018,1782587522.3833115,2026-06-27T19:12:02.383312+00:00,0,0,1,2194.0,0.3549535426278852,1,0,0,test
RD_002241,CUST_001636,1782587946.592708,2026-06-27T19:19:06.592708+00:00,0,0,1,577.1,0.1731962210357092,1,0,0,test
RD_003832,CUST_000103,1782588601.8547773,2026-06-27T19:30:01.854777+00:00,0,0,1,150.1,0.3224898748314988,1,0,0,test
RD_000566,CUST_002736,1782588865.466816,2026-06-27T19:34:25.466816+00:00,0,0,1,10353.9,0.056566811924325236,1,0,0,test
RD_000676,CUST_000892,1782589861.368397,2026-06-27T19:51:01.368397+00:00,0,0,1,1919.7,0.3167180363564831,1,0,0,test
RD_004508,CUST_002555,1782591165.9741986,2026-06-27T20:12:45.974199+00:00,0,0,1,1091.2,0.4316556431228892,34,0,0,test
RD_004062,CUST_004270,1782592484.5773137,2026-06-27T20:34:44.577314+00:00,0,0,1,1641.7,0.2660423265574926,1,0,0,test
RD_002961,CUST_002373,1782592686.852622,2026-06-27T20:38:06.852622+00:00,0,0,1,383.4,0.09611646355254534,32,0,0,test
RD_001582,CUST_004404,1782592725.9811523,2026-06-27T20:38:45.981152+00:00,0,0,1,1247.7,0.29651815571129525,1,0,0,test
RD_003448,CUST_002620,1782594058.0008862,2026-06-27T21:00:58.000886+00:00,0,0,1,458.5,0.1301025365092525,1,0,0,test
RD_001939,CUST_003555,1782594230.352107,2026-06-27T21:03:50.352107+00:00,0,0,1,2251.8,0.2988278465416646,1,0,0,test
RD_003306,CUST_001650,1782594422.8319345,2026-06-27T21:07:02.831934+00:00,0,0,1,515.7,0.09979546365190282,1,0,0,test
RD_004837,CUST_002095,1782595055.4379764,2026-06-27T21:17:35.437976+00:00,0,0,1,3555.9,0.18075626037442374,29,0,0,test
RD_001231,CUST_002373,1782595188.2874408,2026-06-27T21:19:48.287441+00:00,0,2,1,1236.9,0.3078932686683872,17,0,0,test
RD_001351,CUST_000910,1782595319.9418106,2026-06-27T21:21:59.941811+00:00,0,0,1,1492.6,0.19190198467562677,1,0,0,test
RD_004862,CUST_002728,1782596284.552237,2026-06-27T21:38:04.552237+00:00,0,0,1,7999.3,0.15237081268196923,1,0,0,test
RD_004788,CUST_001457,1782596633.06074,2026-06-27T21:43:53.060740+00:00,0,0,1,1354.1,0.13030432367885816,4,0,0,test
RD_000084,CUST_002791,1782597253.8388343,2026-06-27T21:54:13.838834+00:00,0,0,1,2541.7,0.050858603053899006,1,0,0,test
RD_001917,CUST_000341,1782598469.4293234,2026-06-27T22:14:29.429323+00:00,0,0,1,2260.5,0.35983603450930035,1,0,0,test
RD_001066,CUST_000909,1782598552.0402188,2026-06-27T22:15:52.040219+00:00,0,0,1,1121.8,0.1561264882774413,1,0,0,test
RD_004552,CUST_001971,1782598881.593434,2026-06-27T22:21:21.593434+00:00,0,0,1,490.4,0.03400516392436957,1,0,0,test
RD_000535,CUST_002341,1782599937.678916,2026-06-27T22:38:57.678916+00:00,0,0,1,4836.7,0.14618111198235073,1,0,0,test
RD_001658,CUST_002820,1782600700.3241844,2026-06-27T22:51:40.324184+00:00,0,0,1,1752.0,0.38312735655525315,1,0,0,test
RD_003566,CUST_003343,1782601747.8278275,2026-06-27T23:09:07.827827+00:00,0,0,1,2240.4,0.2559576496785142,1,0,0,test
RD_003649,CUST_001636,1782602005.3392742,2026-06-27T23:13:25.339274+00:00,0,0,1,1599.1,0.5620865464505309,1,0,0,test
RD_004686,CUST_000192,1782603492.6727931,2026-06-27T23:38:12.672793+00:00,0,0,1,2283.6,0.17070129976310394,1,0,0,test
RD_000973,CUST_002090,1782604160.9609349,2026-06-27T23:49:20.960935+00:00,0,0,1,1086.2,0.32602934612657636,1,0,0,test
RD_004512,CUST_001115,1782604623.6672196,2026-06-27T23:57:03.667220+00:00,0,0,1,5688.0,0.13176428612417126,1,0,0,test
RD_000988,CUST_001698,1782605289.1067991,2026-06-28T00:08:09.106799+00:00,0,0,1,6184.0,0.320824143649094,1,0,0,test
RD_004697,CUST_003913,1782605872.4034224,2026-06-28T00:17:52.403422+00:00,0,0,1,5357.2,0.30342713887804285,1,0,0,test
RD_004332,CUST_003747,1782606090.304986,2026-06-28T00:21:30.304986+00:00,0,0,1,369.6,0.07906233666703365,1,0,0,test
RD_000301,CUST_001755,1782606816.9945061,2026-06-28T00:33:36.994506+00:00,0,0,1,3059.2,0.3362873739511044,1,0,0,test
RD_003610,CUST_001636,1782607507.9325879,2026-06-28T00:45:07.932588+00:00,0,0,1,128.8,0.13437189794987794,1,0,0,test
RD_004730,CUST_000107,1782607873.8098834,2026-06-28T00:51:13.809883+00:00,0,0,1,4370.0,0.4342563205244301,1,0,0,test
RD_001259,CUST_003091,1782608469.3892894,2026-06-28T01:01:09.389289+00:00,0,0,1,343.7,0.13292859422329656,1,0,0,test
RD_001151,CUST_003408,1782608628.9329028,2026-06-28T01:03:48.932903+00:00,0,0,1,22661.9,0.014216658505461659,1,0,0,test
RD_003235,CUST_000952,1782608762.3565707,2026-06-28T01:06:02.356571+00:00,0,0,1,13502.4,0.08471427194252494,1,0,0,test
RD_004849,CUST_001457,1782608951.5797048,2026-06-28T01:09:11.579705+00:00,1,0,1,1939.1,0.013611593029331352,2,0,0,test
RD_005215,CUST_000103,1782611328.6956792,2026-06-28T01:48:48.695679+00:00,0,0,1,3134.4,0.08305876972127069,1,0,0,test
RD_005476,CUST_000975,1782611821.5400662,2026-06-28T01:57:01.540066+00:00,0,0,1,1912.2,0.2741419798909162,1,0,0,test
RD_004355,CUST_003557,1782612147.8652828,2026-06-28T02:02:27.865283+00:00,0,0,1,4341.2,0.1940287993198798,1,0,0,test
RD_000120,CUST_001203,1782612907.8409362,2026-06-28T02:15:07.840936+00:00,0,0,1,1467.7,0.433560600208677,1,0,0,test
RD_003708,CUST_004305,1782613391.8271785,2026-06-28T02:23:11.827178+00:00,0,0,1,72.7,0.061642823510236165,1,0,0,test
RD_005327,CUST_003561,1782613539.3846273,2026-06-28T02:25:39.384627+00:00,0,0,1,172.3,0.250376571803241,1,0,0,test
RD_000420,CUST_002941,1782613554.6740155,2026-06-28T02:25:54.674016+00:00,0,0,1,5321.7,0.2814906706459961,34,0,0,test
RD_002271,CUST_000952,1782614863.4693103,2026-06-28T02:47:43.469310+00:00,0,0,1,501.3,0.1754017308017587,1,0,0,test
RD_001586,CUST_002609,1782618008.731728,2026-06-28T03:40:08.731728+00:00,0,0,1,25152.7,0.3484402058122125,1,0,0,test
RD_000550,CUST_000353,1782618361.6417415,2026-06-28T03:46:01.641742+00:00,0,0,1,629.5,0.13332008176903784,1,0,0,test
RD_001176,CUST_003978,1782618395.4310117,2026-06-28T03:46:35.431012+00:00,0,0,1,7975.6,0.22453360731003413,1,0,0,test
RD_003666,CUST_002259,1782619284.0217154,2026-06-28T04:01:24.021715+00:00,0,0,1,5905.4,0.106499421315356,1,0,0,test
RD_004560,CUST_003844,1782619629.564086,2026-06-28T04:07:09.564086+00:00,0,0,1,177.5,0.2566798936027341,1,0,0,test
RD_002228,CUST_001513,1782619645.3984149,2026-06-28T04:07:25.398415+00:00,0,0,1,1109.1,0.3049021500169497,1,0,0,test
RD_005026,CUST_002359,1782620311.643063,2026-06-28T04:18:31.643063+00:00,0,0,1,565.1,0.17222545553270685,1,0,0,test
RD_000219,CUST_002958,1782621387.2845914,2026-06-28T04:36:27.284591+00:00,0,0,1,1303.2,0.03957363333835041,1,0,0,test
RD_000472,CUST_002069,1782621945.758033,2026-06-28T04:45:45.758033+00:00,0,0,1,9879.9,0.25432374401096286,1,0,0,test
RD_003117,CUST_002941,1782622974.0336425,2026-06-28T05:02:54.033643+00:00,0,2,1,3438.7,0.3656245807023593,36,0,0,test
RD_003994,CUST_001971,1782623088.446698,2026-06-28T05:04:48.446698+00:00,0,0,1,12564.2,0.18831647944951457,1,0,0,test
RD_004546,CUST_000670,1782623455.0224445,2026-06-28T05:10:55.022444+00:00,1,0,2,3997.7,0.08952382877323672,3,0,0,test
RD_000807,CUST_000172,1782625192.650731,2026-06-28T05:39:52.650731+00:00,0,2,1,67557.7,0.36606138092179497,39,0,0,test
RD_001500,CUST_004239,1782626236.3563187,2026-06-28T05:57:16.356319+00:00,0,0,1,1685.5,0.3112269692818772,1,0,0,test
RD_005298,CUST_002771,1782626452.8014443,2026-06-28T06:00:52.801444+00:00,0,0,1,8080.5,0.24196023964348817,1,0,0,test
RD_001223,CUST_001636,1782629304.6993613,2026-06-28T06:48:24.699361+00:00,0,0,1,7460.5,0.04768980342114145,1,0,0,test
RD_004683,CUST_001014,1782629783.8905456,2026-06-28T06:56:23.890546+00:00,0,0,1,2087.2,0.3380425174954412,1,0,0,test
RD_004936,CUST_004431,1782631502.0883114,2026-06-28T07:25:02.088311+00:00,0,0,1,3377.4,0.015027023156352367,1,0,0,test
RD_001357,CUST_000503,1782631846.7734036,2026-06-28T07:30:46.773404+00:00,1,0,3,4552.4,0.04475944703935316,2,0,0,test
RD_001423,CUST_001310,1782632668.8917832,2026-06-28T07:44:28.891783+00:00,1,0,1,449.1,0.46400394400613576,3,0,0,test
RD_000194,CUST_004186,1782632807.6359854,2026-06-28T07:46:47.635985+00:00,0,0,1,291.7,0.3234942661473967,1,0,0,test
RD_003016,CUST_002620,1782632890.117965,2026-06-28T07:48:10.117965+00:00,0,0,1,5925.4,0.02895617043161852,1,0,0,test
RD_002863,CUST_000145,1782633251.0937738,2026-06-28T07:54:11.093774+00:00,0,0,1,158.9,0.17765231262887493,1,0,0,test
RD_002533,CUST_000963,1782635196.9604971,2026-06-28T08:26:36.960497+00:00,0,0,1,8491.3,0.2255289462537809,1,0,0,test
RD_001359,CUST_002585,1782635808.0918686,2026-06-28T08:36:48.091869+00:00,0,0,1,2718.9,0.297216883436222,1,0,0,test
RD_001895,CUST_002941,1782636375.9801104,2026-06-28T08:46:15.980110+00:00,0,1,1,208.0,0.1459057048222458,18,0,0,test
RD_002992,CUST_000763,1782637900.1721888,2026-06-28T09:11:40.172189+00:00,0,0,1,233.2,0.032982413116086004,1,0,0,test
RD_005139,CUST_003352,1782638422.3383842,2026-06-28T09:20:22.338384+00:00,0,0,1,4715.7,0.3614373247035596,1,0,0,test
RD_000950,CUST_002929,1782638818.0144322,2026-06-28T09:26:58.014432+00:00,0,0,1,5878.2,0.08324602299814644,11,0,0,test
RD_002647,CUST_001082,1782638832.8095825,2026-06-28T09:27:12.809582+00:00,0,0,1,45131.0,0.29354514519480146,1,0,0,test
RD_001897,CUST_002100,1782639497.6747053,2026-06-28T09:38:17.674705+00:00,0,0,1,1952.2,0.3589328397101642,28,0,0,test
RD_002709,CUST_004477,1782640669.3351645,2026-06-28T09:57:49.335165+00:00,0,2,1,570.9,0.04470948990568821,15,0,0,test
RD_000637,CUST_003403,1782640998.5591629,2026-06-28T10:03:18.559163+00:00,0,0,1,1341.1,0.1103528097751681,1,0,0,test
RD_001333,CUST_001755,1782643557.778781,2026-06-28T10:45:57.778781+00:00,0,0,1,16614.6,0.09782336304670844,1,0,0,test
RD_001415,CUST_002678,1782643673.4122167,2026-06-28T10:47:53.412217+00:00,0,0,1,2726.2,0.15273849675933585,1,0,0,test
RD_000552,CUST_000930,1782644390.7126014,2026-06-28T10:59:50.712601+00:00,0,2,1,580.8,0.051254821344480346,33,0,0,test
RD_001680,CUST_004198,1782646307.4684136,2026-06-28T11:31:47.468414+00:00,0,0,1,5148.6,0.15323350586940063,1,0,0,test
RD_003909,CUST_003762,1782646877.1287854,2026-06-28T11:41:17.128785+00:00,0,0,1,97.0,0.041861649739739534,1,0,0,test
RD_000629,CUST_001682,1782647596.7315178,2026-06-28T11:53:16.731518+00:00,0,2,1,1205.8,0.16393315522373428,29,0,0,test
RD_004803,CUST_000587,1782647925.717861,2026-06-28T11:58:45.717861+00:00,0,0,1,943.9,0.0465940093604715,1,0,0,test
RD_001268,CUST_002370,1782648226.7276196,2026-06-28T12:03:46.727620+00:00,0,0,2,491.9,0.18950270028750418,2,0,0,test
RD_005493,CUST_001862,1782648372.9666789,2026-06-28T12:06:12.966679+00:00,0,0,1,17169.6,0.1111002804260539,1,0,0,test
RD_001906,CUST_002527,1782649549.6344774,2026-06-28T12:25:49.634477+00:00,0,0,1,42098.8,0.27870554078772103,1,0,0,test
RD_004438,CUST_000285,1782650069.96222,2026-06-28T12:34:29.962220+00:00,0,0,1,99.3,0.043196288429226334,1,0,0,test
RD_000512,CUST_001461,1782650094.1556475,2026-06-28T12:34:54.155648+00:00,0,0,1,371.1,0.18152174103740076,26,0,0,test
RD_004926,CUST_000670,1782650199.6296432,2026-06-28T12:36:39.629643+00:00,0,0,3,1540.5,0.3920873444261572,2,0,0,test
RD_001834,CUST_003994,1782651314.7693467,2026-06-28T12:55:14.769347+00:00,0,0,1,36.8,0.24290506763237257,1,0,0,test
RD_001721,CUST_001902,1782653227.389767,2026-06-28T13:27:07.389767+00:00,0,0,1,28.9,0.006167753404311594,1,0,0,test
RD_004678,CUST_004178,1782655678.2659178,2026-06-28T14:07:58.265918+00:00,0,0,1,654.2,0.1514845633670597,1,0,0,test
RD_000831,CUST_000975,1782655742.834205,2026-06-28T14:09:02.834205+00:00,0,0,1,1307.9,0.5513726298137024,1,0,0,test
RD_002507,CUST_000018,1782657684.6625106,2026-06-28T14:41:24.662511+00:00,0,0,1,14622.9,0.4863391527950313,1,0,0,test
RD_003010,CUST_000340,1782658636.1971185,2026-06-28T14:57:16.197119+00:00,0,0,1,282.8,0.2686633110945489,1,0,0,test
RD_000945,CUST_003913,1782659170.2478402,2026-06-28T15:06:10.247840+00:00,0,0,1,1421.0,0.07130824027166534,1,0,0,test
RD_001476,CUST_003226,1782659486.4093955,2026-06-28T15:11:26.409395+00:00,0,0,1,1678.0,0.06749076694262067,1,0,0,test
RD_000822,CUST_001971,1782659714.980313,2026-06-28T15:15:14.980313+00:00,0,0,1,6170.2,0.06904955042847777,1,0,0,test
RD_003319,CUST_002660,1782660147.1902413,2026-06-28T15:22:27.190241+00:00,0,0,1,57.7,0.06452739238470719,1,0,0,test
RD_004344,CUST_000145,1782660320.206189,2026-06-28T15:25:20.206189+00:00,0,0,1,14975.3,0.25280796726186416,1,0,0,test
RD_000312,CUST_004021,1782662840.5127816,2026-06-28T16:07:20.512782+00:00,0,0,1,14701.6,0.5057572389840488,1,0,0,test
RD_003674,CUST_002269,1782663153.9641185,2026-06-28T16:12:33.964118+00:00,0,0,1,3714.7,0.34251549623947225,1,0,0,test
RD_002131,CUST_002951,1782664165.4942672,2026-06-28T16:29:25.494267+00:00,0,0,1,6708.8,0.31456231656561306,1,0,0,test
RD_004465,CUST_002651,1782666871.6129892,2026-06-28T17:14:31.612989+00:00,0,0,1,226.7,0.22106843162808654,1,0,0,test
RD_000482,CUST_002235,1782667293.9161096,2026-06-28T17:21:33.916110+00:00,0,0,1,8506.2,0.15254279851113525,1,0,0,test
RD_001458,CUST_002808,1782667436.8628426,2026-06-28T17:23:56.862843+00:00,0,0,1,8913.6,0.31954221543192596,1,0,0,test
RD_002205,CUST_001636,1782668729.9167976,2026-06-28T17:45:29.916798+00:00,0,0,1,480.9,0.2043620537308285,1,0,0,test
RD_003537,CUST_001786,1782668835.0648293,2026-06-28T17:47:15.064829+00:00,0,0,1,17822.7,0.3487271622563892,1,0,0,test
RD_002039,CUST_004404,1782669259.7340095,2026-06-28T17:54:19.734010+00:00,0,0,1,72.0,0.249501263173644,1,0,0,test
RD_004306,CUST_004418,1782669826.2553253,2026-06-28T18:03:46.255325+00:00,0,0,1,4674.1,0.1616089167972779,1,0,0,test
RD_003589,CUST_002110,1782670557.5047882,2026-06-28T18:15:57.504788+00:00,0,0,1,1021.2,0.261285240082058,1,0,0,test
RD_005376,CUST_000341,1782670860.693439,2026-06-28T18:21:00.693439+00:00,0,0,1,18222.9,0.04793315428002381,1,0,0,test
RD_004717,CUST_002110,1782670876.0209618,2026-06-28T18:21:16.020962+00:00,0,0,1,8338.1,0.1068871950993737,1,0,0,test
RD_001133,CUST_001862,1782671333.2109427,2026-06-28T18:28:53.210943+00:00,0,0,1,1021.1,0.21915143841219364,1,0,0,test
RD_001447,CUST_001504,1782671901.7303116,2026-06-28T18:38:21.730312+00:00,0,0,1,109.1,0.021748383472261778,10,0,0,test
RD_000040,CUST_000194,1782672046.884165,2026-06-28T18:40:46.884165+00:00,0,0,1,7869.4,0.22470098263396987,1,0,0,test
RD_003630,CUST_004186,1782672882.935685,2026-06-28T18:54:42.935685+00:00,0,0,1,7617.5,0.07963677366955371,1,0,0,test
RD_005177,CUST_002585,1782673353.7588584,2026-06-28T19:02:33.758858+00:00,0,0,1,290.2,0.39513296469326964,1,0,0,test
RD_003746,CUST_000272,1782675233.0949492,2026-06-28T19:33:53.094949+00:00,0,0,1,209655.1,0.09865869770268325,1,0,0,test
RD_005320,CUST_003286,1782675360.7160957,2026-06-28T19:36:00.716096+00:00,0,0,1,281.6,0.673776181606384,1,0,0,test
RD_005123,CUST_003811,1782675572.1683571,2026-06-28T19:39:32.168357+00:00,0,0,1,13517.7,0.22016193372420376,1,0,0,test
RD_001369,CUST_002005,1782675721.3439183,2026-06-28T19:42:01.343918+00:00,0,0,1,3587.5,0.08133571084080603,1,0,0,test
RD_002664,CUST_003183,1782676925.0322812,2026-06-28T20:02:05.032281+00:00,0,0,1,138.4,0.18681637709666812,1,0,0,test
RD_001451,CUST_001000,1782678383.9580293,2026-06-28T20:26:23.958029+00:00,0,0,3,1265.9,0.30334002276309585,3,0,0,test
RD_004976,CUST_002339,1782679205.2076864,2026-06-28T20:40:05.207686+00:00,0,0,1,5557.5,0.1606911569567541,1,0,0,test
RD_004528,CUST_001928,1782679492.2150261,2026-06-28T20:44:52.215026+00:00,0,0,1,13026.6,0.01725896345367256,1,0,0,test
RD_002893,CUST_003212,1782680100.091755,2026-06-28T20:55:00.091755+00:00,0,0,1,4784.6,0.4774958861787643,1,0,0,test
RD_002562,CUST_004001,1782680137.7577996,2026-06-28T20:55:37.757800+00:00,0,0,1,1464.2,0.22816940017853243,1,0,0,test
RD_004732,CUST_001260,1782680728.1814444,2026-06-28T21:05:28.181444+00:00,0,0,1,8782.5,0.1028857323786211,1,0,0,test
RD_002573,CUST_002421,1782681374.8813124,2026-06-28T21:16:14.881312+00:00,0,0,1,5205.6,0.33708470126705814,1,0,0,test
RD_001786,CUST_000219,1782681889.6512275,2026-06-28T21:24:49.651227+00:00,0,0,1,1219.4,0.22429871565720846,23,0,0,test
RD_002472,CUST_004404,1782682822.6416373,2026-06-28T21:40:22.641637+00:00,0,0,1,5175.4,0.5185030751272502,1,0,0,test
RD_002659,CUST_003680,1782682877.8988733,2026-06-28T21:41:17.898873+00:00,0,0,1,1215.0,0.30331508436916776,1,0,0,test
RD_004161,CUST_000145,1782683929.0750437,2026-06-28T21:58:49.075044+00:00,0,0,1,1897.8,0.061027457117823695,1,0,0,test
RD_003991,CUST_002941,1782684412.4318314,2026-06-28T22:06:52.431831+00:00,0,2,1,5642.7,0.10176929819384764,18,0,0,test
RD_004942,CUST_003513,1782686716.645048,2026-06-28T22:45:16.645048+00:00,0,0,1,19951.1,0.07710014517443936,1,0,0,test
RD_001198,CUST_004032,1782688529.7574663,2026-06-28T23:15:29.757466+00:00,1,0,3,2528.1,0.06904328358857457,4,0,0,test
RD_003691,CUST_003600,1782688538.4977083,2026-06-28T23:15:38.497708+00:00,0,0,1,14491.7,0.532246691200852,1,0,0,test
RD_002756,CUST_004343,1782688620.33675,2026-06-28T23:17:00.336750+00:00,0,0,1,1595.8,0.10170653966413959,1,0,0,test
RD_000183,CUST_001912,1782688761.3046427,2026-06-28T23:19:21.304643+00:00,0,0,1,4040.3,0.1763132857170518,1,0,0,test
RD_000920,CUST_004032,1782688792.7927136,2026-06-28T23:19:52.792714+00:00,1,0,3,371.1,0.09531292379428717,2,0,0,test
RD_003102,CUST_002941,1782688921.1772215,2026-06-28T23:22:01.177222+00:00,0,1,1,36492.6,0.2973168492262871,14,0,0,test
RD_001982,CUST_002832,1782688966.0856237,2026-06-28T23:22:46.085624+00:00,0,0,1,232.0,0.17605446573978126,1,0,0,test
RD_005486,CUST_001260,1782691224.9741812,2026-06-29T00:00:24.974181+00:00,0,0,1,10235.5,0.3950053779538472,1,0,0,test
RD_005380,CUST_003473,1782691708.7723715,2026-06-29T00:08:28.772372+00:00,0,0,1,1234.8,0.37010741555885246,1,0,0,test
RD_003541,CUST_003056,1782692259.9605894,2026-06-29T00:17:39.960589+00:00,0,0,1,214.5,0.1781993074473364,1,0,0,test
RD_002369,CUST_000910,1782693789.6537716,2026-06-29T00:43:09.653772+00:00,0,0,1,7207.3,0.2342791316224705,1,0,0,test
RD_004888,CUST_000111,1782694035.516747,2026-06-29T00:47:15.516747+00:00,0,0,1,4498.9,0.09108942595083017,1,0,0,test
RD_004733,CUST_001650,1782695089.6335142,2026-06-29T01:04:49.633514+00:00,0,0,1,1359.7,0.06403548889539201,1,0,0,test
RD_004867,CUST_000018,1782695102.7234094,2026-06-29T01:05:02.723409+00:00,0,0,1,1162.1,0.1998430643014316,1,0,0,test
RD_005249,CUST_003067,1782696237.61849,2026-06-29T01:23:57.618490+00:00,0,0,1,901.1,0.38571418834567944,32,0,0,test
RD_004304,CUST_001961,1782697047.3883076,2026-06-29T01:37:27.388308+00:00,0,0,1,2674.4,0.08900107560700078,1,0,0,test
RD_002117,CUST_004265,1782698476.0916374,2026-06-29T02:01:16.091637+00:00,0,0,1,12253.0,0.0987730041351569,1,0,0,test
RD_004593,CUST_004134,1782699505.041942,2026-06-29T02:18:25.041942+00:00,0,1,1,7560.1,0.11462988269747365,17,0,0,test
RD_002949,CUST_000145,1782699572.767295,2026-06-29T02:19:32.767295+00:00,0,0,1,2508.7,0.11088072646641706,1,0,0,test
RD_005154,CUST_000833,1782699754.2839239,2026-06-29T02:22:34.283924+00:00,0,0,1,420.8,0.23438252771630225,1,0,0,test
RD_001256,CUST_002951,1782699919.428492,2026-06-29T02:25:19.428492+00:00,0,0,1,5723.6,0.009018587454506883,1,0,0,test
RD_004140,CUST_001636,1782699941.6954718,2026-06-29T02:25:41.695472+00:00,0,0,1,1623.0,0.4312228762015331,1,0,0,test
RD_002371,CUST_001676,1782700094.9150975,2026-06-29T02:28:14.915097+00:00,0,0,1,276.5,0.3364946961644807,1,0,0,test
RD_001926,CUST_004037,1782701629.972382,2026-06-29T02:53:49.972382+00:00,0,0,1,9037.4,0.23976225869998874,1,0,0,test
RD_001106,CUST_001460,1782701875.2512326,2026-06-29T02:57:55.251233+00:00,0,0,1,8634.4,0.07036765055645389,1,0,0,test
RD_003398,CUST_001847,1782702035.0457087,2026-06-29T03:00:35.045709+00:00,0,0,1,1807.9,0.05499649020624447,1,0,0,test
RD_005226,CUST_001847,1782702898.855752,2026-06-29T03:14:58.855752+00:00,0,0,1,3769.7,0.05550424782821385,1,0,0,test
RD_002642,CUST_002800,1782703302.1234093,2026-06-29T03:21:42.123409+00:00,0,1,1,7636.6,0.18663294803660727,33,0,0,test
RD_003356,CUST_003330,1782703948.0440207,2026-06-29T03:32:28.044021+00:00,0,0,1,1932.3,0.2769393559624795,1,0,0,test
RD_001290,CUST_001837,1782704125.9609723,2026-06-29T03:35:25.960972+00:00,0,0,1,4033.9,0.1102427505164876,1,0,0,test
RD_003600,CUST_001636,1782704270.6116064,2026-06-29T03:37:50.611606+00:00,0,0,1,7207.3,0.08170356132745801,1,0,0,test
RD_004930,CUST_000000,1782704350.5417068,2026-06-29T03:39:10.541707+00:00,0,0,1,1300.6,0.15562217030779021,1,0,0,test
RD_005267,CUST_003473,1782704854.3139613,2026-06-29T03:47:34.313961+00:00,0,0,1,29917.7,0.17895074504054628,1,0,0,test
RD_000191,CUST_001807,1782706615.0495648,2026-06-29T04:16:55.049565+00:00,0,0,1,579.6,0.26863950572354073,1,0,0,test
RD_004711,CUST_000602,1782707082.8660808,2026-06-29T04:24:42.866081+00:00,0,0,1,53728.4,0.13846199966390396,1,0,0,test
RD_003877,CUST_003687,1782707198.899643,2026-06-29T04:26:38.899643+00:00,0,0,1,615.1,0.07958890547103346,1,0,0,test
RD_003959,CUST_004412,1782707593.7419832,2026-06-29T04:33:13.741983+00:00,0,0,1,4964.1,0.20678178352615537,1,0,0,test
RD_000265,CUST_000005,1782707599.3412833,2026-06-29T04:33:19.341283+00:00,0,0,1,532.8,0.3940426740255298,1,0,0,test
RD_002667,CUST_001532,1782707694.758325,2026-06-29T04:34:54.758325+00:00,0,0,1,101.2,0.3873108657625249,1,0,0,test
RD_000703,CUST_003473,1782709231.0113957,2026-06-29T05:00:31.011396+00:00,0,0,1,16280.9,0.11672697078480408,1,0,0,test
RD_003206,CUST_004198,1782709416.5542476,2026-06-29T05:03:36.554248+00:00,0,0,1,528.9,0.12030705938002088,1,0,0,test
RD_001846,CUST_003031,1782710958.0116515,2026-06-29T05:29:18.011652+00:00,0,0,1,35544.2,0.38357394778020093,1,0,0,test
RD_000110,CUST_004396,1782711527.178267,2026-06-29T05:38:47.178267+00:00,0,0,1,5435.1,0.2833938113469262,1,0,0,test
RD_003083,CUST_001961,1782711714.566453,2026-06-29T05:41:54.566453+00:00,0,0,1,1100.3,0.24966124997446154,1,0,0,test
RD_002376,CUST_003473,1782711926.1861947,2026-06-29T05:45:26.186195+00:00,0,0,1,2121.8,0.15683415145114818,1,0,0,test
RD_003085,CUST_000833,1782712854.1379237,2026-06-29T06:00:54.137924+00:00,0,0,1,4220.5,0.0429525401001872,1,0,0,test
RD_002691,CUST_001260,1782713314.8577173,2026-06-29T06:08:34.857717+00:00,0,0,1,7670.2,0.15083649703796145,1,0,0,test
RD_001077,CUST_000539,1782713740.146292,2026-06-29T06:15:40.146292+00:00,0,0,1,963.4,0.25780979070889665,1,0,0,test
RD_002838,CUST_000539,1782714197.2684672,2026-06-29T06:23:17.268467+00:00,0,0,1,23011.2,0.5529553169298147,1,0,0,test
RD_000995,CUST_002247,1782714526.8805265,2026-06-29T06:28:46.880527+00:00,0,0,1,3025.4,0.3612576427574478,1,0,0,test
RD_004321,CUST_001136,1782714686.3381824,2026-06-29T06:31:26.338182+00:00,0,0,1,1363.6,0.22307342292763696,1,0,0,test
RD_002518,CUST_000952,1782714794.302652,2026-06-29T06:33:14.302652+00:00,0,0,1,4590.7,0.33474068848779637,1,0,0,test
RD_002506,CUST_000016,1782714997.3283017,2026-06-29T06:36:37.328302+00:00,0,0,1,6502.8,0.2950707821282333,1,0,0,test
RD_005065,CUST_002575,1782715483.5146341,2026-06-29T06:44:43.514634+00:00,0,0,1,9652.3,0.126938815840285,31,0,0,test
RD_004006,CUST_002585,1782716933.112929,2026-06-29T07:08:53.112929+00:00,0,0,1,2273.0,0.28132192927681493,1,0,0,test
RD_001461,CUST_001260,1782717093.408638,2026-06-29T07:11:33.408638+00:00,0,0,1,2172.2,0.10804180109309851,1,0,0,test
RD_005416,CUST_003473,1782717242.8469152,2026-06-29T07:14:02.846915+00:00,0,0,1,641.7,0.09263060226965208,1,0,0,test
RD_002089,CUST_000054,1782717551.1611147,2026-06-29T07:19:11.161115+00:00,0,0,1,380.5,0.2245966534959428,1,0,0,test
RD_002555,CUST_001525,1782717672.1145337,2026-06-29T07:21:12.114534+00:00,0,0,1,2187.9,0.4188922496535549,1,0,0,test
RD_003582,CUST_001862,1782717744.733245,2026-06-29T07:22:24.733245+00:00,0,0,1,242.5,0.24429082430493365,1,0,0,test
RD_003172,CUST_002018,1782718869.009964,2026-06-29T07:41:09.009964+00:00,0,0,1,212.2,0.23230636449722217,1,0,0,test
RD_002059,CUST_001906,1782719704.1118903,2026-06-29T07:55:04.111890+00:00,0,0,1,1257.6,0.13174685619084656,1,0,0,test
RD_003598,CUST_004032,1782719884.8151002,2026-06-29T07:58:04.815100+00:00,1,0,3,3796.0,0.30281138945822356,3,0,0,test
RD_003661,CUST_000145,1782720518.7904341,2026-06-29T08:08:38.790434+00:00,0,0,1,8473.7,0.18357407899722036,1,0,0,test
RD_000770,CUST_003182,1782721505.3848398,2026-06-29T08:25:05.384840+00:00,0,0,1,116.6,0.3444789801043874,1,0,0,test
RD_000368,CUST_002946,1782721770.5697522,2026-06-29T08:29:30.569752+00:00,0,0,1,221.2,0.22071082402818196,2,0,0,test
RD_005322,CUST_002110,1782722143.972657,2026-06-29T08:35:43.972657+00:00,0,0,1,7493.7,0.24574281289238478,1,0,0,test
RD_002604,CUST_000621,1782723130.0724127,2026-06-29T08:52:10.072413+00:00,0,0,1,6136.6,0.2277482239214228,1,0,0,test
RD_001492,CUST_000539,1782723922.7428014,2026-06-29T09:05:22.742801+00:00,0,0,1,1317.0,0.27368148038180995,1,0,0,test
RD_000490,CUST_002018,1782724315.6072829,2026-06-29T09:11:55.607283+00:00,0,0,1,33923.7,0.15411819935155252,1,0,0,test
RD_000738,CUST_003056,1782724641.8461277,2026-06-29T09:17:21.846128+00:00,0,0,1,126.7,0.22196589327797608,1,0,0,test
RD_003341,CUST_002110,1782726274.0313916,2026-06-29T09:44:34.031392+00:00,0,0,1,6296.8,0.14110503014893613,1,0,0,test
RD_003400,CUST_002249,1782726435.655759,2026-06-29T09:47:15.655759+00:00,0,0,1,6412.3,0.28069990995323996,2,0,0,test
RD_003805,CUST_002260,1782726698.2911274,2026-06-29T09:51:38.291127+00:00,0,0,1,3948.6,0.42427416379011584,1,0,0,test
RD_005037,CUST_003143,1782727392.0702631,2026-06-29T10:03:12.070263+00:00,0,0,1,18519.5,0.1270894874812681,1,0,0,test
RD_002740,CUST_001902,1782727634.7923148,2026-06-29T10:07:14.792315+00:00,0,0,1,554.5,0.27557187532016647,1,0,0,test
RD_001734,CUST_003105,1782727792.4457455,2026-06-29T10:09:52.445745+00:00,0,0,1,239.3,0.3578277054740892,1,0,0,test
RD_003751,CUST_001856,1782728119.8891387,2026-06-29T10:15:19.889139+00:00,0,0,1,5939.0,0.22989244293929384,1,0,0,test
RD_001143,CUST_003473,1782728293.0231493,2026-06-29T10:18:13.023149+00:00,0,0,1,374.5,0.28972392917365947,1,0,0,test
RD_000898,CUST_003473,1782728541.0626972,2026-06-29T10:22:21.062697+00:00,0,0,1,198.6,0.12422387402055983,1,0,0,test
RD_002092,CUST_000021,1782728966.0408187,2026-06-29T10:29:26.040819+00:00,0,0,1,5440.4,0.36967321052915464,1,0,0,test
RD_000207,CUST_002930,1782729021.286285,2026-06-29T10:30:21.286285+00:00,0,0,1,1175.5,0.1703462440179702,1,0,0,test
RD_000261,CUST_000587,1782729084.6563728,2026-06-29T10:31:24.656373+00:00,0,0,1,1294.9,0.17215589960420777,1,0,0,test
RD_002008,CUST_000018,1782729466.9922843,2026-06-29T10:37:46.992284+00:00,0,0,1,32172.2,0.05761569356047455,1,0,0,test
RD_002585,CUST_000644,1782729474.2720833,2026-06-29T10:37:54.272083+00:00,0,0,1,1896.8,0.12619647224008862,1,0,0,test
RD_003328,CUST_000389,1782729654.9825444,2026-06-29T10:40:54.982544+00:00,0,0,2,8756.3,0.2138622657734222,2,0,0,test
RD_003790,CUST_004024,1782729933.7519093,2026-06-29T10:45:33.751909+00:00,0,0,1,383.7,0.36936596644047526,1,0,0,test
RD_004130,CUST_001260,1782730461.329401,2026-06-29T10:54:21.329401+00:00,0,0,1,330.7,0.16592889620825102,1,0,0,test
RD_000865,CUST_002110,1782731076.9326308,2026-06-29T11:04:36.932631+00:00,0,0,1,981.3,0.20198787763583398,1,0,0,test
RD_004358,CUST_001525,1782731637.200346,2026-06-29T11:13:57.200346+00:00,0,0,1,142.2,0.28832329996246514,1,0,0,test
RD_002584,CUST_000548,1782731955.0186718,2026-06-29T11:19:15.018672+00:00,0,0,1,6018.0,0.15399107390572078,1,0,0,test
RD_004631,CUST_004178,1782731997.7973247,2026-06-29T11:19:57.797325+00:00,0,0,1,1581.7,0.011203887154257559,1,0,0,test
RD_001558,CUST_003307,1782732134.6859322,2026-06-29T11:22:14.685932+00:00,0,0,1,7559.0,0.1436509872878584,1,0,0,test
RD_001642,CUST_000851,1782734040.4298458,2026-06-29T11:54:00.429846+00:00,0,0,1,775.2,0.15741575787303155,1,0,0,test
RD_003143,CUST_003747,1782734040.6979916,2026-06-29T11:54:00.697992+00:00,0,0,1,174.9,0.14532269045703228,1,0,0,test
RD_002224,CUST_001525,1782734117.8705182,2026-06-29T11:55:17.870518+00:00,0,0,1,61538.8,0.2769527277233393,1,0,0,test
RD_004901,CUST_000329,1782734372.689079,2026-06-29T11:59:32.689079+00:00,0,0,1,5974.4,0.10654202667534486,1,0,0,test
RD_001372,CUST_001755,1782734997.8191092,2026-06-29T12:09:57.819109+00:00,0,0,1,12479.8,0.17358110048329872,1,0,0,test
RD_000504,CUST_000219,1782735046.389139,2026-06-29T12:10:46.389139+00:00,0,0,1,6919.2,0.11493994253060055,40,0,0,test
RD_002797,CUST_003615,1782735426.888422,2026-06-29T12:17:06.888422+00:00,0,0,1,396.9,0.36260605233925025,1,0,0,test
RD_003817,CUST_002903,1782735737.661757,2026-06-29T12:22:17.661757+00:00,0,0,1,278.6,0.0734922611889652,1,0,0,test
RD_003611,CUST_004279,1782736882.5789044,2026-06-29T12:41:22.578904+00:00,0,0,1,108.0,0.20235326320369887,1,0,0,test
RD_004422,CUST_001971,1782737599.7815776,2026-06-29T12:53:19.781578+00:00,0,0,1,1811.5,0.28250083964732386,1,0,0,test
RD_003870,CUST_003960,1782738039.3311708,2026-06-29T13:00:39.331171+00:00,0,0,1,490.9,0.16018982738007057,1,0,0,test
RD_002032,CUST_004198,1782738713.2806542,2026-06-29T13:11:53.280654+00:00,0,0,1,3763.2,0.16869996058712006,1,0,0,test
RD_003401,CUST_001755,1782739190.7085414,2026-06-29T13:19:50.708541+00:00,0,0,1,5432.3,0.2799516780413566,1,0,0,test
RD_002212,CUST_002492,1782739691.3346188,2026-06-29T13:28:11.334619+00:00,0,0,1,3511.6,0.059886008574809205,1,0,0,test
RD_003464,CUST_003239,1782740121.8496633,2026-06-29T13:35:21.849663+00:00,0,0,1,50193.9,0.13422790460651982,34,0,0,test
RD_004814,CUST_001152,1782740583.2281294,2026-06-29T13:43:03.228129+00:00,0,0,1,920.2,0.04602453632212617,1,0,0,test
RD_000240,CUST_000018,1782740744.882815,2026-06-29T13:45:44.882815+00:00,0,0,1,813.7,0.11481533632799788,1,0,0,test
RD_004958,CUST_002800,1782740784.9316006,2026-06-29T13:46:24.931601+00:00,0,1,1,6387.9,0.05700122276620323,39,0,0,test
RD_003180,CUST_000670,1782741364.7387338,2026-06-29T13:56:04.738734+00:00,0,0,1,2655.6,0.24489181748207942,4,0,0,test
RD_004093,CUST_002445,1782742343.505118,2026-06-29T14:12:23.505118+00:00,1,0,1,1047.8,0.25216012257249154,2,0,0,test
RD_000469,CUST_001525,1782743055.0490513,2026-06-29T14:24:15.049051+00:00,0,0,1,7084.8,0.3378568844743089,1,0,0,test
RD_004996,CUST_000273,1782743429.0249376,2026-06-29T14:30:29.024938+00:00,0,0,1,568.4,0.28158768731169465,1,0,0,test
RD_000631,CUST_002923,1782743873.7346845,2026-06-29T14:37:53.734684+00:00,0,0,1,6083.0,0.42226222461613994,1,0,0,test
RD_000584,CUST_003250,1782744147.6861598,2026-06-29T14:42:27.686160+00:00,0,0,1,3673.2,0.3389934207306047,1,0,0,test
RD_003285,CUST_002286,1782744180.5374737,2026-06-29T14:43:00.537474+00:00,0,0,1,93748.7,0.1471081416915668,1,0,0,test
RD_004477,CUST_001051,1782744660.7817335,2026-06-29T14:51:00.781734+00:00,0,0,1,3412.7,0.23420268924845117,1,0,0,test
RD_002466,CUST_001260,1782745290.4056394,2026-06-29T15:01:30.405639+00:00,0,0,1,4794.1,0.38706906787255446,1,0,0,test
RD_001567,CUST_002555,1782745623.385572,2026-06-29T15:07:03.385572+00:00,0,2,1,4696.0,0.040945603530150934,17,0,0,test
RD_002690,CUST_000362,1782745629.8633327,2026-06-29T15:07:09.863333+00:00,0,0,1,117.0,0.2664590016587981,1,0,0,test
RD_000542,CUST_003680,1782745685.8934526,2026-06-29T15:08:05.893453+00:00,0,0,1,15557.4,0.16225772405166727,1,0,0,test
RD_002370,CUST_000389,1782746217.4448774,2026-06-29T15:16:57.444877+00:00,1,0,3,742.2,0.26632907591511007,2,0,0,test
RD_002641,CUST_002923,1782746727.0576367,2026-06-29T15:25:27.057637+00:00,0,0,1,961.2,0.33659370278966416,1,0,0,test
RD_002789,CUST_003844,1782747143.832493,2026-06-29T15:32:23.832493+00:00,0,0,1,629.3,0.2974980462697342,1,0,0,test
RD_000304,CUST_002923,1782747207.0570266,2026-06-29T15:33:27.057027+00:00,0,0,1,3260.1,0.10539991326847066,1,0,0,test
RD_001848,CUST_004265,1782747315.4779286,2026-06-29T15:35:15.477929+00:00,0,0,1,14961.4,0.3498303633105334,1,0,0,test
RD_002240,CUST_001636,1782747619.6893008,2026-06-29T15:40:19.689301+00:00,0,0,1,9412.1,0.36666832236427627,1,0,0,test
RD_000747,CUST_002923,1782747700.4850485,2026-06-29T15:41:40.485049+00:00,0,0,1,2154.8,0.0835086634355434,1,0,0,test
RD_001663,CUST_000978,1782747880.0613124,2026-06-29T15:44:40.061312+00:00,0,0,1,238.5,0.31793687775334123,1,0,0,test
RD_005275,CUST_002682,1782748634.7675626,2026-06-29T15:57:14.767563+00:00,0,0,1,3748.7,0.3025010325769741,1,0,0,test
RD_005266,CUST_001522,1782748990.5817323,2026-06-29T16:03:10.581732+00:00,0,0,1,5220.0,0.48991211066463397,1,0,0,test
RD_001296,CUST_001525,1782748992.0226653,2026-06-29T16:03:12.022665+00:00,0,0,1,3581.5,0.3686634112212882,1,0,0,test
RD_001405,CUST_002923,1782749870.889932,2026-06-29T16:17:50.889932+00:00,0,0,1,139.1,0.42534847598280767,1,0,0,test
RD_003365,CUST_004488,1782751513.2217834,2026-06-29T16:45:13.221783+00:00,0,0,1,2143.7,0.21156510906164264,1,0,0,test
RD_000349,CUST_001672,1782752323.3846145,2026-06-29T16:58:43.384614+00:00,0,0,1,165.7,0.07478252077298783,1,0,0,test
RD_001134,CUST_003950,1782752810.6811411,2026-06-29T17:06:50.681141+00:00,0,0,1,1242.9,0.04549048774072605,1,0,0,test
RD_001332,CUST_001525,1782753119.1882262,2026-06-29T17:11:59.188226+00:00,0,0,1,6549.2,0.34960053611286146,1,0,0,test
RD_001596,CUST_001000,1782753639.1756618,2026-06-29T17:20:39.175662+00:00,0,0,2,2011.0,0.18357105817907246,3,0,0,test
RD_002475,CUST_003741,1782754398.8957806,2026-06-29T17:33:18.895781+00:00,0,0,1,3165.9,0.03395493109794666,1,0,0,test
RD_004503,CUST_002933,1782754892.730126,2026-06-29T17:41:32.730126+00:00,0,1,1,5127.1,0.14404392048623854,39,0,0,test
RD_005445,CUST_002660,1782754982.1440737,2026-06-29T17:43:02.144074+00:00,0,0,1,813.2,0.4949021208902864,1,0,0,test
RD_001553,CUST_001364,1782755960.4964159,2026-06-29T17:59:20.496416+00:00,0,0,1,2832.7,0.09661993665961927,1,0,0,test
RD_001971,CUST_004488,1782758180.028423,2026-06-29T18:36:20.028423+00:00,0,0,1,465.8,0.12610438341151736,1,0,0,test
RD_000160,CUST_003208,1782758411.9811828,2026-06-29T18:40:11.981183+00:00,0,0,1,7433.9,0.34916541057904354,1,0,0,test
RD_001766,CUST_004186,1782759867.1027327,2026-06-29T19:04:27.102733+00:00,0,0,1,1815.8,0.3337634758150096,1,0,0,test
RD_002976,CUST_002609,1782760013.7740216,2026-06-29T19:06:53.774022+00:00,0,0,1,19146.4,0.28184475438776463,1,0,0,test
RD_001329,CUST_004045,1782763496.023563,2026-06-29T20:04:56.023563+00:00,0,0,1,4786.0,0.14847285649103348,1,0,0,test
RD_002640,CUST_001203,1782764192.654232,2026-06-29T20:16:32.654232+00:00,0,0,1,14808.7,0.20620091158503684,1,0,0,test
RD_005285,CUST_003718,1782764293.4261415,2026-06-29T20:18:13.426142+00:00,1,0,1,861.9,0.1765108479391593,2,0,0,test
RD_002938,CUST_002585,1782764937.064572,2026-06-29T20:28:57.064572+00:00,0,0,1,2489.5,0.11596309968459768,1,0,0,test
RD_003316,CUST_003943,1782765210.5686114,2026-06-29T20:33:30.568611+00:00,0,0,1,3842.0,0.032023732537248856,1,0,0,test
RD_001444,CUST_002941,1782767009.6042151,2026-06-29T21:03:29.604215+00:00,0,2,1,4943.9,0.4512365089607801,13,0,0,test
RD_000985,CUST_000474,1782767523.49701,2026-06-29T21:12:03.497010+00:00,0,0,1,138.4,0.08684125595708556,1,0,0,test
RD_002207,CUST_002341,1782768435.1927698,2026-06-29T21:27:15.192770+00:00,0,0,1,327.6,0.5586684954094177,1,0,0,test
RD_000254,CUST_004024,1782768522.1220744,2026-06-29T21:28:42.122074+00:00,0,0,1,664.7,0.1465163949846455,1,0,0,test
RD_002325,CUST_002109,1782768784.6193755,2026-06-29T21:33:04.619375+00:00,0,0,1,1123.0,0.09666567979254748,14,0,0,test
RD_003806,CUST_001636,1782770295.78474,2026-06-29T21:58:15.784740+00:00,0,0,1,5627.2,0.10749983182737607,1,0,0,test
RD_002193,CUST_000439,1782771366.7848647,2026-06-29T22:16:06.784865+00:00,0,0,3,810.8,0.3082803079774295,4,0,0,test
RD_004568,CUST_004077,1782771672.0779667,2026-06-29T22:21:12.077967+00:00,0,0,1,3414.4,0.16998433952698283,1,0,0,test
RD_002803,CUST_003105,1782772458.6938007,2026-06-29T22:34:18.693801+00:00,0,0,1,510.1,0.07807701711508212,1,0,0,test
RD_003278,CUST_002144,1782773186.813047,2026-06-29T22:46:26.813047+00:00,0,0,1,9924.8,0.30518597269106496,1,0,0,test
RD_002238,CUST_001928,1782773836.046071,2026-06-29T22:57:16.046071+00:00,0,0,1,506.6,0.061695172083032275,1,0,0,test
RD_005495,CUST_000675,1782773995.3386843,2026-06-29T22:59:55.338684+00:00,0,0,1,2426.0,0.15883017089435172,1,0,0,test
RD_003988,CUST_000145,1782775013.693704,2026-06-29T23:16:53.693704+00:00,0,0,1,4616.6,0.03988116702547236,1,0,0,test
RD_004328,CUST_004305,1782776088.5403998,2026-06-29T23:34:48.540400+00:00,0,0,1,90.4,0.24739987587336765,1,0,0,test
RD_002464,CUST_003143,1782777088.9104872,2026-06-29T23:51:28.910487+00:00,0,0,1,1556.8,0.14500835970472908,1,0,0,test
